0,0,0,0,12.686661
0.005,0,0,0,12.426964
0.01,0,0,0,12.161533
0.015,0,0,0,11.778694
0.02,0,0,0,11.350384
0.025,0,0,0,11.247353
0.03,0,0,0,11.049812
0.035,0,0,0,10.829727
0.04,0,0,0,10.647263
0.045,0,0,0,10.510784
0.05,0,0,0,10.373207
0.055,0,0,0,10.168354
0.06,0,0,0,9.926785
0.065,0,0,0,9.628098
0.07,0,0,0,9.358204
0.075,0,0,0,9.104534
0.08,0,0,0,8.817661
0.085,0,0,0,8.482479
0.09,0,0,0,8.230118
0.095,0,0,0,7.757267
0.1,0,0,0,7.341686
0.105,0,0,0,7.004749
0.11,0,0,0,6.688076
0.115,0,0,0,6.399479
0.12,0,0,0,6.110474
0.125,0,0,0,5.79324
0.13,0,0,0,5.423943
0.135,0,0,0,5.144085
0.14,0,0,0,4.994217
0.145,0,0,0,4.868664
0.15,0,0,0,4.721533
0.155,0,0,0,4.53986
0.16,0,0,0,4.329924
0.165,0,0,0,4.141771
0.17,0,0,0,3.967077
0.175,0,0,0,3.829842
0.18,0,0,0,3.634003
0.185,0,0,0,3.396917
0.19,0,0,0,3.148697
0.195,0,0,0,2.865791
0.2,0,0,0,2.601421
0.205,0,0,0,2.371872
0.21,0,0,0,2.155237
0.215,0,0,0,1.978634
0.22,0,0,0,1.804396
0.225,0,0,0,1.636976
0.23,0,0,0,1.486122
0.235,0,0,0,1.344936
0.24,0,0,0,1.199505
0.245,0,0,0,1.060638
0.25,0,0,0,0.925154
0.255,0,0,0,0.777763
0.26,0,0,0,0.644587
0.265,0,0,0,0.503855
0.27,0,0,0,0.370821
0.275,0,0,0,0.23772
0.28,0,0,0,0.103378
0.285,0,0,0,0.014801
0.29,0,0,0,0.149622
0.295,0,0,0,0.278038
0.3,0,0,0,0.402073
0.305,0,0,0,0.503925
0.31,0,0,0,0.615845
0.315,0,0,0,0.725773
0.32,0,0,0,0.834749
0.325,0,0,0,0.948158
0.33,0,0,0,1.067348
0.335,0,0,0,1.176357
0.34,0,0,0,1.284624
0.345,0,0,0,1.399347
0.35,0,0,0,1.50856
0.355,0,0,0,1.615942
0.36,0,0,0,1.708158
0.365,0,0,0,1.81465
0.37,0,0,0,1.913923
0.375,0,0,0,1.993798
0.38,0,0,0,2.086428
0.385,0,0,0,2.198059
0.39,0,0,0,2.297182
0.395,0,0,0,2.383799
0.4,0,0,0,2.47609
0.405,0,0,0,2.536749
0.41,0,0,0,2.589256
0.415,0,0,0,2.658499
0.42,0,0,0,2.677423
0.425,0,0,0,2.645726
0.43,0,0,0,2.665345
0.435,0,0,0,2.76205
0.44,0,0,0,2.863585
0.445,0,0,0,2.952468
0.45,0,0,0,3.017755
0.455,0,0,0,3.065642
0.46,0,0,0,3.115434
0.465,0,0,0,3.227791
0.47,0,0,0,3.353519
0.475,0,0,0,3.456578
0.48,0,0,0,3.574227
0.485,0,0,0,3.717688
0.49,0,0,0,3.90201
0.495,0,0,0,4.079705
0.5,0,0,0,4.233152
0.505,0,0,0,4.363688
0.51,0,0,0,4.461375
0.515,0,0,0,4.569676
0.52,0,0,0,4.703336
0.525,0,0,0,4.822753
0.53,0,0,0,4.867015
0.535,0,0,0,4.916663
0.54,0,0,0,4.956435
0.545,0,0,0,5.006411
0.55,0,0,0,5.038869
0.555,0,0,0,5.099386
0.56,0,0,0,5.149102
0.565,0,0,0,5.202992
0.57,0,0,0,5.266106
0.575,0,0,0,5.322195
0.58,0,0,0,5.40955
0.585,0,0,0,5.504537
0.59,0,0,0,5.558493
0.595,0,0,0,5.589963
0.6,0,0,0,5.635716
0.605,0,0,0,5.693329
0.61,0,0,0,5.766373
0.615,0,0,0,5.785565
0.62,0,0,0,5.799391
0.625,0,0,0,5.806026
0.63,0,0,0,5.815911
0.635,0,0,0,5.834653
0.64,0,0,0,5.867983
0.645,0,0,0,5.913119
0.65,0,0,0,5.943543
0.655,0,0,0,6.014722
0.66,0,0,0,6.086799
0.665,0,0,0,6.158591
0.67,0,0,0,6.235477
0.675,0,0,0,6.301203
0.68,0,0,0,6.357156
0.685,0,0,0,6.437915
0.69,0,0,0,6.492271
0.695,0,0,0,6.509033
0.7,0,0,0,6.493097
0.705,0,0,0,6.491399
0.71,0,0,0,6.48826
0.715,0,0,0,6.484694
0.72,0,0,0,6.480123
0.725,0,0,0,6.48821
0.73,0,0,0,6.523519
0.735,0,0,0,6.568171
0.74,0,0,0,6.591524
0.745,0,0,0,6.593998
0.75,0,0,0,6.619272
0.755,0,0,0,6.658719
0.76,0,0,0,6.735346
0.765,0,0,0,6.812914
0.77,0,0,0,6.847645
0.775,0,0,0,6.844583
0.78,0,0,0,6.863875
0.785,0,0,0,6.904176
0.79,0,0,0,6.934941
0.795,0,0,0,6.953849
0.8,0,0,0,6.984834
0.805,0,0,0,7.025593
0.81,0,0,0,7.043401
0.815,0,0,0,7.047469
0.82,0,0,0,7.05554
0.825,0,0,0,7.074889
0.83,0,0,0,7.080389
0.835,0,0,0,7.093885
0.84,0,0,0,7.116803
0.845,0,0,0,7.144153
0.85,0,0,0,7.241249
0.855,0,0,0,7.342223
0.86,0,0,0,7.444717
0.865,0,0,0,7.550269
0.87,0,0,0,7.676385
0.875,0,0,0,7.79488
0.88,0,0,0,7.917581
0.885,0,0,0,8.062114
0.89,0,0,0,8.167155
0.895,0,0,0,8.328485
0.9,0,0,0,8.414226
0.905,0,0,0,8.521912
0.91,0,0,0,8.678399
0.915,0,0,0,8.866744
0.92,0,0,0,9.016224
0.925,0,0,0,9.160591
0.93,0,0,0,9.400131
0.935,0,0,0,9.58977
0.94,0,0,0,9.763345
0.945,0,0,0,9.895378
0.95,0,0,0,10.046507
0.955,0,0,0,10.175876
0.96,0,0,0,10.379686
0.965,0,0,0,10.546958
0.97,0,0,0,10.75483
0.975,0,0,0,10.968849
0.98,0,0,0,11.116405
0.985,0,0,0,11.302204
0.99,0,0,0,11.500229
0.995,0,0,0,11.687244
1,0,0,0,11.903238
1.005,0,0,0,12.03013
1.01,0,0,0,12.254229
1.015,0,0,0,12.512634
1.02,0,0,0,12.796764
1.025,0,0,0,13.206394
1.03,0,0,0,13.480247
1.035,0,0,0,13.788872
1.04,0,0,0,14.074686
1.045,0,0,0,14.352087
1.05,0,0,0,14.648184
1.055,0,0,0,14.967322
1.06,0,0,0,15.262121
1.065,0,0,0,15.590593
1.07,0,0,0,15.880688
1.075,0,0,0,16.166805
1.08,0,0,0,16.4552
1.085,0,0,0,16.766842
1.09,0,0,0,17.013332
1.095,0,0,0,17.202297
1.1,0,0,0,17.362249
1.105,0,0,0,17.603697
1.11,0,0,0,17.777521
1.115,0,0,0,17.912094
1.12,0,0,0,18.075485
1.125,0,0,0,18.342714
1.13,0,0,0,18.652067
1.135,0,0,0,19.013542
1.14,0,0,0,19.384811
1.145,0,0,0,19.69437
1.15,0,0,0,19.946363
1.155,0,0,0,20.402437
1.16,0,0,0,20.935659
1.165,0,0,0,21.558863
1.17,0,0,0,22.053333
1.175,0,0,0,22.50206
1.18,0,0,0,22.811058
1.185,0,0,0,23.100273
1.19,0,0,0,23.491913
1.195,0,0,0,23.769001
1.2,0,0,0,24.085754
1.205,0,0,0,24.264208
1.21,0,0,0,24.424971
1.215,0,0,0,24.54767
1.22,0,0,0,24.742661
1.225,0,0,0,24.916513
1.23,0,0,0,25.200617
1.235,0,0,0,25.433189
1.24,0,0,0,25.796753
1.245,0,0,0,26.331125
1.25,0,0,0,26.70022
1.255,0,0,0,27.114262
1.26,0,0,0,27.519264
1.265,0,0,0,28.108095
1.27,0,0,0,28.542822
1.275,0,0,0,29.337002
1.28,0,0,0,30.14415
1.285,0,0,0,30.757523
1.29,0,0,0,31.062979
1.295,0,0,0,31.209026
1.3,0,0,0,31.351849
1.305,0,0,0,31.476477
1.31,0,0,0,31.514071
1.315,0,0,0,31.594065
1.32,0,0,0,31.635536
1.325,0,0,0,31.677601
1.33,0,0,0,31.814257
1.335,0,0,0,31.995258
1.34,0,0,0,32.474758
1.345,0,0,0,32.859783
1.35,0,0,0,33.208164
1.355,0,0,0,33.845062
1.36,0,0,0,34.113541
1.365,0,0,0,35.22142
1.37,0,0,0,35.73798
1.375,0,0,0,36.928543
1.38,0,0,0,37.311573
1.385,0,0,0,38.419617
1.39,0,0,0,38.942528
1.395,0,0,0,40.020611
1.4,0,0,0,40.708645
1.405,0,0,0,41.603882
1.41,0,0,0,42.111343
1.415,0,0,0,42.659996
1.42,0,0,0,42.990631
1.425,0,0,0,43.364235
1.43,0,0,0,43.787697
1.435,0,0,0,43.819416
1.44,0,0,0,44.150467
1.445,0,0,0,44.277084
1.45,0,0,0,44.683506
1.455,0,0,0,44.791168
1.46,0,0,0,45.042084
1.465,0,0,0,45.119305
1.47,0,0,0,45.46936
1.475,0,0,0,45.545952
1.48,0,0,0,45.896679
1.485,0,0,0,45.762932
1.49,0,0,0,46.109909
1.495,0,0,0,45.90625
1.5,0,0,0,46.16362
1.505,0,0,0,45.837307
1.51,0,0,0,46.073792
1.515,0,0,0,45.718849
1.52,0,0,0,45.924046
1.525,0,0,0,45.446861
1.53,0,0,0,45.605499
1.535,0,0,0,45.064449
1.54,0,0,0,45.201954
1.545,0,0,0,44.62817
1.55,0,0,0,44.756229
1.555,0,0,0,44.178638
1.56,0,0,0,44.319145
1.565,0,0,0,43.674034
1.57,0,0,0,43.795609
1.575,0,0,0,43.175625
1.58,0,0,0,43.272308
1.585,0,0,0,42.614784
1.59,0,0,0,42.72538
1.595,0,0,0,42.133118
1.6,0,0,0,42.288124
1.605,0,0,0,41.649544
1.61,0,0,0,41.778526
1.615,0,0,0,41.084274
1.62,0,0,0,41.224285
1.625,0,0,0,40.521076
1.63,0,0,0,40.683167
1.635,0,0,0,40.05674
1.64,0,0,0,40.254448
1.645,0,0,0,39.555733
1.65,0,0,0,39.766335
1.655,0,0,0,38.969845
1.66,0,0,0,39.091995
1.665,0,0,0,38.261868
1.67,0,0,0,38.469761
1.675,0,0,0,37.532341
1.68,0,0,0,37.743721
1.685,0,0,0,37.846786
1.69,0,0,0,38.093933
1.695,0,0,0,38.335884
1.7,0,0,0,38.581215
1.705,0,0,0,38.797119
1.71,0,0,0,39.004112
1.715,0,0,0,39.262154
1.72,0,0,0,39.487053
1.725,0,0,0,39.690666
1.73,0,0,0,39.918152
1.735,0,0,0,40.144554
1.74,0,0,0,40.310532
1.745,0,0,0,40.466595
1.75,0,0,0,40.626648
1.755,0,0,0,40.785675
1.76,0,0,0,40.841183
1.765,0,0,0,40.917831
1.77,0,0,0,40.984116
1.775,0,0,0,41.026806
1.78,0,0,0,41.012089
1.785,0,0,0,40.999638
1.79,0,0,0,41.010544
1.795,0,0,0,40.95723
1.8,0,0,0,40.866745
1.805,0,0,0,40.848495
1.81,0,0,0,40.777203
1.815,0,0,0,40.796299
1.82,0,0,0,40.905449
1.825,0,0,0,40.924736
1.83,0,0,0,40.940109
1.835,0,0,0,40.875603
1.84,0,0,0,40.776848
1.845,0,0,0,40.578133
1.85,0,0,0,40.378002
1.855,0,0,0,40.13105
1.86,0,0,0,39.939133
1.865,0,0,0,39.774509
1.87,0,0,0,39.735939
1.875,0,0,0,39.651569
1.88,0,0,0,39.547668
1.885,0,0,0,39.31612
1.89,0,0,0,39.002201
1.895,0,0,0,38.649921
1.9,0,0,0,38.275505
1.905,0,0,0,38.002487
1.91,0,0,0,37.626526
1.915,0,0,0,37.188961
1.92,0,0,0,36.789139
1.925,0,0,0,36.360237
1.93,0,0,0,35.954975
1.935,0,0,0,35.540657
1.94,0,0,0,35.298786
1.945,0,0,0,35.001663
1.95,0,0,0,34.775219
1.955,0,0,0,34.617718
1.96,0,0,0,34.382896
1.965,0,0,0,34.136417
1.97,0,0,0,33.824356
1.975,0,0,0,33.57753
1.98,0,0,0,33.330902
1.985,0,0,0,33.074368
1.99,0,0,0,32.814152
1.995,0,0,0,32.512676
2,0,0,0,32.311974
2.005,0,0,0,32.122829
2.01,0,0,0,31.875435
2.015,0,0,0,31.651421
2.02,0,0,0,31.36882
2.025,0,0,0,31.005558
2.03,0,0,0,30.524616
2.035,0,0,0,30.202408
2.04,0,0,0,30.02372
2.045,0,0,0,29.589056
2.05,0,0,0,29.078905
2.055,0,0,0,28.734333
2.06,0,0,0,27.455994
2.065,0,0,0,26.989725
2.07,0,0,0,26.716728
2.075,0,0,0,26.460567
2.08,0,0,0,26.094
2.085,0,0,0,25.828112
2.09,0,0,0,25.51511
2.095,0,0,0,25.474554
2.1,0,0,0,24.734772
2.105,0,0,0,24.23744
2.11,0,0,0,23.799212
2.115,0,0,0,23.42621
2.12,0,0,0,22.749233
2.125,0,0,0,22.111769
2.13,0,0,0,21.425732
2.135,0,0,0,20.797482
2.14,0,0,0,20.151253
2.145,0,0,0,19.372751
2.15,0,0,0,18.694441
2.155,0,0,0,18.109545
2.16,0,0,0,17.540569
2.165,0,0,0,16.872482
2.17,0,0,0,16.247854
2.175,0,0,0,15.626919
2.18,0,0,0,15.342083
2.185,0,0,0,14.512197
2.19,0,0,0,14.002793
2.195,0,0,0,12.958513
2.2,0,0,0,11.861094
2.205,0,0,0,10.952857
2.21,0,0,0,10.335989
2.215,0,0,0,9.635284
2.22,0,0,0,8.841408
2.225,0,0,0,8.064966
2.23,0,0,0,7.208261
2.235,0,0,0,6.292912
2.24,0,0,0,5.644877
2.245,0,0,0,4.929215
2.25,0,0,0,4.257915
2.255,0,0,0,3.663342
2.26,0,0,0,3.177478
2.265,0,0,0,2.734673
2.27,0,0,0,2.28733
2.275,0,0,0,1.877286
2.28,0,0,0,1.434198
2.285,0,0,0,1.095291
2.29,0,0,0,0.851569
2.295,0,0,0,0.737443
2.3,0,0,0,0.74124
2.305,0,0,0,0.818355
2.31,0,0,0,0.957727
2.315,0,0,0,1.163728
2.32,0,0,0,1.418382
2.325,0,0,0,1.709614
2.33,0,0,0,1.971995
2.335,0,0,0,2.202218
2.34,0,0,0,2.427448
2.345,0,0,0,2.666987
2.35,0,0,0,2.929667
2.355,0,0,0,3.205235
2.36,0,0,0,3.446518
2.365,0,0,0,3.66633
2.37,0,0,0,3.882752
2.375,0,0,0,4.145505
2.38,0,0,0,4.438892
2.385,0,0,0,4.689705
2.39,0,0,0,4.866015
2.395,0,0,0,5.015461
2.4,0,0,0,5.179029
2.405,0,0,0,5.326927
2.41,0,0,0,5.528456
2.415,0,0,0,5.724226
2.42,0,0,0,5.952079
2.425,0,0,0,6.172635
2.43,0,0,0,6.431774
2.435,0,0,0,6.610033
2.44,0,0,0,6.756411
2.445,0,0,0,6.858484
2.45,0,0,0,6.977572
2.455,0,0,0,7.067334
2.46,0,0,0,7.151073
2.465,0,0,0,7.23525
2.47,0,0,0,7.278095
2.475,0,0,0,7.300447
2.48,0,0,0,7.303936
2.485,0,0,0,7.297582
2.49,0,0,0,7.291
2.495,0,0,0,7.265826
2.5,0,0,0,7.279307
2.505,0,0,0,7.304699
2.51,0,0,0,7.318877
2.515,0,0,0,7.293368
2.52,0,0,0,7.286146
2.525,0,0,0,7.302223
2.53,0,0,0,7.341708
2.535,0,0,0,7.393188
2.54,0,0,0,7.435661
2.545,0,0,0,7.478231
2.55,0,0,0,7.503511
2.555,0,0,0,7.49984
2.56,0,0,0,7.503789
2.565,0,0,0,7.476301
2.57,0,0,0,7.413796
2.575,0,0,0,7.32551
2.58,0,0,0,7.243557
2.585,0,0,0,7.16574
2.59,0,0,0,7.094018
2.595,0,0,0,7.040934
2.6,0,0,0,6.999627
2.605,0,0,0,6.973562
2.61,0,0,0,6.952588
2.615,0,0,0,6.931891
2.62,0,0,0,6.92557
2.625,0,0,0,6.961558
2.63,0,0,0,7.017988
2.635,0,0,0,7.108188
2.64,0,0,0,7.21639
2.645,0,0,0,7.334557
2.65,0,0,0,7.445758
2.655,0,0,0,7.55698
2.66,0,0,0,7.660737
2.665,0,0,0,7.763989
2.67,0,0,0,7.858232
2.675,0,0,0,7.947288
2.68,0,0,0,8.045736
2.685,0,0,0,8.134689
2.69,0,0,0,8.207813
2.695,0,0,0,8.272999
2.7,0,0,0,8.356926
2.705,0,0,0,8.447429
2.71,0,0,0,8.522151
2.715,0,0,0,8.603837
2.72,0,0,0,8.69385
2.725,0,0,0,8.781755
2.73,0,0,0,8.892198
2.735,0,0,0,9.03126
2.74,0,0,0,9.180202
2.745,0,0,0,9.325901
2.75,0,0,0,9.464237
2.755,0,0,0,9.608313
2.76,0,0,0,9.766485
2.765,0,0,0,9.918867
2.77,0,0,0,10.080101
2.775,0,0,0,10.215195
2.78,0,0,0,10.357513
2.785,0,0,0,10.502838
2.79,0,0,0,10.652475
2.795,0,0,0,10.790426
2.8,0,0,0,10.948546
2.805,0,0,0,11.146126
2.81,0,0,0,11.359152
2.815,0,0,0,11.575615
2.82,0,0,0,11.78993
2.825,0,0,0,11.988094
2.83,0,0,0,12.217647
2.835,0,0,0,12.480294
2.84,0,0,0,12.783381
2.845,0,0,0,13.075555
2.85,0,0,0,13.405694
2.855,0,0,0,13.797988
2.86,0,0,0,14.129393
2.865,0,0,0,14.487173
2.87,0,0,0,14.91697
2.875,0,0,0,15.20741
2.88,0,0,0,15.522097
2.885,0,0,0,15.834541
2.89,0,0,0,16.151608
2.895,0,0,0,16.438927
2.9,0,0,0,16.736465
2.905,0,0,0,17.060408
2.91,0,0,0,17.345093
2.915,0,0,0,17.644377
2.92,0,0,0,17.926659
2.925,0,0,0,18.199633
2.93,0,0,0,18.441862
2.935,0,0,0,18.712049
2.94,0,0,0,18.974949
2.945,0,0,0,19.233994
2.95,0,0,0,19.46936
2.955,0,0,0,19.726089
2.96,0,0,0,19.994883
2.965,0,0,0,20.284018
2.97,0,0,0,20.575626
2.975,0,0,0,20.876492
2.98,0,0,0,21.15469
2.985,0,0,0,21.441908
2.99,0,0,0,21.833036
2.995,0,0,0,22.096794
3,0,0,0,22.366726
3.005,0,0,0,22.682039
3.01,0,0,0,23.005941
3.015,0,0,0,23.382656
3.02,0,0,0,23.780735
3.025,0,0,0,24.078632
3.03,0,0,0,24.383583
3.035,0,0,0,24.604567
3.04,0,0,0,24.821497
3.045,0,0,0,25.122545
3.05,0,0,0,25.353189
3.055,0,0,0,25.591825
3.06,0,0,0,25.842381
3.065,0,0,0,26.037451
3.07,0,0,0,26.294006
3.075,0,0,0,26.545721
3.08,0,0,0,26.802952
3.085,0,0,0,27.049822
3.09,0,0,0,27.300962
3.095,0,0,0,27.629765
3.1,0,0,0,27.937061
3.105,0,0,0,28.225464
3.11,0,0,0,28.492884
3.115,0,0,0,28.814745
3.12,0,0,0,29.076429
3.125,0,0,0,29.31049
3.13,0,0,0,29.564743
3.135,0,0,0,29.964775
3.14,0,0,0,30.378759
3.145,0,0,0,30.796331
3.15,0,0,0,31.187153
3.155,0,0,0,31.639723
3.16,0,0,0,32.047104
3.165,0,0,0,32.339626
3.17,0,0,0,32.613911
3.175,0,0,0,32.88393
3.18,0,0,0,33.088886
3.185,0,0,0,33.327339
3.19,0,0,0,33.609264
3.195,0,0,0,33.976967
3.2,0,0,0,34.283096
3.205,0,0,0,34.685913
3.21,0,0,0,35.015751
3.215,0,0,0,35.358372
3.22,0,0,0,35.687519
3.225,0,0,0,36.034504
3.23,0,0,0,36.426281
3.235,0,0,0,36.938419
3.24,0,0,0,37.539253
3.245,0,0,0,38.018627
3.25,0,0,0,38.384144
3.255,0,0,0,38.822994
3.26,0,0,0,39.198925
3.265,0,0,0,39.553761
3.27,0,0,0,39.846676
3.275,0,0,0,40.188148
3.28,0,0,0,40.644833
3.285,0,0,0,41.188446
3.29,0,0,0,41.60994
3.295,0,0,0,42.002186
3.3,0,0,0,42.380848
3.305,0,0,0,42.638039
3.31,0,0,0,42.98753
3.315,0,0,0,43.407833
3.32,0,0,0,43.703014
3.325,0,0,0,44.045353
3.33,0,0,0,44.412788
3.335,0,0,0,44.873589
3.34,0,0,0,45.196289
3.345,0,0,0,45.506622
3.35,0,0,0,45.858875
3.355,0,0,0,46.284847
3.36,0,0,0,46.723656
3.365,0,0,0,47.144806
3.37,0,0,0,47.603149
3.375,0,0,0,48.023647
3.38,0,0,0,48.425003
3.385,0,0,0,48.91729
3.39,0,0,0,49.223778
3.395,0,0,0,49.629776
3.4,0,0,0,50.039864
3.405,0,0,0,50.410591
3.41,0,0,0,50.707439
3.415,0,0,0,50.9519
3.42,0,0,0,51.343567
3.425,0,0,0,51.730179
3.43,0,0,0,52.111149
3.435,0,0,0,52.510498
3.44,0,0,0,52.885674
3.445,0,0,0,53.290634
3.45,0,0,0,53.649368
3.455,0,0,0,53.963692
3.46,0,0,0,54.41803
3.465,0,0,0,54.839195
3.47,0,0,0,55.263645
3.475,0,0,0,55.602882
3.48,0,0,0,55.985638
3.485,0,0,0,56.260334
3.49,0,0,0,56.532169
3.495,0,0,0,56.770321
3.5,0,0,0,56.944042
3.505,0,0,0,57.089119
3.51,0,0,0,57.363503
3.515,0,0,0,57.670277
3.52,0,0,0,57.878567
3.525,0,0,0,58.184822
3.53,0,0,0,58.432728
3.535,0,0,0,58.760006
3.54,0,0,0,59.128624
3.545,0,0,0,59.456562
3.55,0,0,0,59.764965
3.555,0,0,0,60.048149
3.56,0,0,0,60.32402
3.565,0,0,0,60.539883
3.57,0,0,0,60.789562
3.575,0,0,0,60.954597
3.58,0,0,0,61.114864
3.585,0,0,0,61.223457
3.59,0,0,0,61.301704
3.595,0,0,0,61.510757
3.6,0,0,0,61.76495
3.605,0,0,0,62.002262
3.61,0,0,0,62.164444
3.615,0,0,0,62.374607
3.62,0,0,0,62.479855
3.625,0,0,0,62.567665
3.63,0,0,0,62.768959
3.635,0,0,0,62.896549
3.64,0,0,0,63.067619
3.645,0,0,0,63.305244
3.65,0,0,0,63.486584
3.655,0,0,0,63.682198
3.66,0,0,0,63.941666
3.665,0,0,0,64.181526
3.67,0,0,0,64.418297
3.675,0,0,0,64.639122
3.68,0,0,0,64.79528
3.685,0,0,0,64.956802
3.69,0,0,0,65.090408
3.695,0,0,0,65.218018
3.7,0,0,0,65.31488
3.705,0,0,0,65.497101
3.71,0,0,0,65.66304
3.715,0,0,0,65.816826
3.72,0,0,0,65.969742
3.725,0,0,0,66.108078
3.73,0,0,0,66.217819
3.735,0,0,0,66.273163
3.74,0,0,0,66.366135
3.745,0,0,0,66.492401
3.75,0,0,0,66.542297
3.755,0,0,0,66.730644
3.76,0,0,0,66.869102
3.765,0,0,0,67.000061
3.77,0,0,0,67.110954
3.775,0,0,0,67.284073
3.78,0,0,0,67.420052
3.785,0,0,0,67.553871
3.79,0,0,0,67.69471
3.795,0,0,0,67.874695
3.8,0,0,0,67.954208
3.805,0,0,0,67.991264
3.81,0,0,0,68.034424
3.815,0,0,0,68.121811
3.82,0,0,0,68.126305
3.825,0,0,0,68.107735
3.83,0,0,0,68.102364
3.835,0,0,0,68.092224
3.84,0,0,0,68.070869
3.845,0,0,0,68.078568
3.85,0,0,0,68.057281
3.855,0,0,0,68.077744
3.86,0,0,0,68.076851
3.865,0,0,0,68.095016
3.87,0,0,0,68.093002
3.875,0,0,0,68.05912
3.88,0,0,0,68.036919
3.885,0,0,0,67.990761
3.89,0,0,0,68.027039
3.895,0,0,0,67.991943
3.9,0,0,0,67.975235
3.905,0,0,0,67.956902
3.91,0,0,0,67.940277
3.915,0,0,0,67.961197
3.92,0,0,0,67.967926
3.925,0,0,0,67.963844
3.93,0,0,0,67.942917
3.935,0,0,0,67.785599
3.94,0,0,0,67.865639
3.945,0,0,0,68.003609
3.95,0,0,0,67.951653
3.955,0,0,0,67.913589
3.96,0,0,0,67.892715
3.965,0,0,0,67.892807
3.97,0,0,0,67.887932
3.975,0,0,0,67.922371
3.98,0,0,0,67.944649
3.985,0,0,0,67.968132
3.99,0,0,0,67.983612
3.995,0,0,0,67.977554
4,0,0,0,67.93705
4.005,0,0,0,67.869041
4.01,0,0,0,67.810143
4.015,0,0,0,67.725655
4.02,0,0,0,67.650833
4.025,0,0,0,67.59053
4.03,0,0,0,67.556259
4.035,0,0,0,67.513077
4.04,0,0,0,67.480179
4.045,0,0,0,67.452881
4.05,0,0,0,67.43634
4.055,0,0,0,67.437004
4.06,0,0,0,67.452965
4.065,0,0,0,67.468933
4.07,0,0,0,67.4543
4.075,0,0,0,67.445587
4.08,0,0,0,67.401749
4.085,0,0,0,67.383644
4.09,0,0,0,67.360039
4.095,0,0,0,67.358322
4.1,0,0,0,67.351562
4.105,0,0,0,67.361359
4.11,0,0,0,67.358131
4.115,0,0,0,67.352081
4.12,0,0,0,67.370514
4.125,0,0,0,67.373726
4.13,0,0,0,67.364792
4.135,0,0,0,67.334236
4.14,0,0,0,67.306557
4.145,0,0,0,67.285385
4.15,0,0,0,67.282761
4.155,0,0,0,67.274933
4.16,0,0,0,67.292862
4.165,0,0,0,67.273491
4.17,0,0,0,67.277512
4.175,0,0,0,67.294479
4.18,0,0,0,67.324516
4.185,0,0,0,67.359154
4.19,0,0,0,67.379379
4.195,0,0,0,67.403893
4.2,0,0,0,67.446892
4.205,0,0,0,67.498901
4.21,0,0,0,67.592697
4.215,0,0,0,67.701599
4.22,0,0,0,67.821068
4.225,0,0,0,67.934555
4.23,0,0,0,68.029243
4.235,0,0,0,68.092323
4.24,0,0,0,68.152336
4.245,0,0,0,68.203514
4.25,0,0,0,68.295158
4.255,0,0,0,68.411278
4.26,0,0,0,68.5616
4.265,0,0,0,68.612907
4.27,0,0,0,68.641663
4.275,0,0,0,68.586021
4.28,0,0,0,68.478676
4.285,0,0,0,68.524269
4.29,0,0,0,68.545135
4.295,0,0,0,68.567627
4.3,0,0,0,68.520004
4.305,0,0,0,68.401871
4.31,0,0,0,68.238312
4.315,0,0,0,68.092072
4.32,0,0,0,68.040916
4.325,0,0,0,67.947166
4.33,0,0,0,67.829239
4.335,0,0,0,67.710709
4.34,0,0,0,67.537704
4.345,0,0,0,67.375252
4.35,0,0,0,67.225845
4.355,0,0,0,67.070259
4.36,0,0,0,66.858856
4.365,0,0,0,66.593529
4.37,0,0,0,66.311752
4.375,0,0,0,65.974731
4.38,0,0,0,65.639458
4.385,0,0,0,65.277672
4.39,0,0,0,64.855179
4.395,0,0,0,64.42569
4.4,0,0,0,63.995213
4.405,0,0,0,63.519199
4.41,0,0,0,63.118919
4.415,0,0,0,62.680267
4.42,0,0,0,62.221836
4.425,0,0,0,61.665958
4.43,0,0,0,61.111183
4.435,0,0,0,60.497482
4.44,0,0,0,59.967194
4.445,0,0,0,59.387512
4.45,0,0,0,58.794998
4.455,0,0,0,58.218826
4.46,0,0,0,57.612839
4.465,0,0,0,57.116837
4.47,0,0,0,56.613392
4.475,0,0,0,56.043755
4.48,0,0,0,55.587761
4.485,0,0,0,55.065323
4.49,0,0,0,54.615337
4.495,0,0,0,54.149971
4.5,0,0,0,53.674473
4.505,0,0,0,53.232937
4.51,0,0,0,52.792824
4.515,0,0,0,52.413914
4.52,0,0,0,52.030209
4.525,0,0,0,51.67334
4.53,0,0,0,51.25824
4.535,0,0,0,50.855522
4.54,0,0,0,50.39185
4.545,0,0,0,49.83654
4.55,0,0,0,49.327538
4.555,0,0,0,48.77459
4.56,0,0,0,48.271828
4.565,0,0,0,47.801975
4.57,0,0,0,47.254574
4.575,0,0,0,46.651699
4.58,0,0,0,46.008583
4.585,0,0,0,45.395123
4.59,0,0,0,44.756153
4.595,0,0,0,44.005791
4.6,0,0,0,43.285583
4.605,0,0,0,42.496552
4.61,0,0,0,41.742779
4.615,0,0,0,40.972534
4.62,0,0,0,40.179298
4.625,0,0,0,39.205521
4.63,0,0,0,38.355732
4.635,0,0,0,37.366764
4.64,0,0,0,36.210114
4.645,0,0,0,34.85733
4.65,0,0,0,33.584538
4.655,0,0,0,32.387058
4.66,0,0,0,31.184357
4.665,0,0,0,29.744286
4.67,0,0,0,28.022366
4.675,0,0,0,26.711329
4.68,0,0,0,25.307003
4.685,0,0,0,23.860323
4.69,0,0,0,22.294973
4.695,0,0,0,20.704632
4.7,0,0,0,18.957405
4.705,0,0,0,17.03854
4.71,0,0,0,15.195701
4.715,0,0,0,13.235069
4.72,0,0,0,10.915371
4.725,0,0,0,8.756033
4.73,0,0,0,6.68392
4.735,0,0,0,4.734053
4.74,0,0,0,2.907753
4.745,0,0,0,1.259547
4.75,0,0,0,0.44152
4.755,0,0,0,2.008963
4.76,0,0,0,3.720807
4.765,0,0,0,5.184156
4.77,0,0,0,5.855645
4.775,0,0,0,6.303989
4.78,0,0,0,6.564163
4.785,0,0,0,6.699401
4.79,0,0,0,6.736847
4.795,0,0,0,6.669549
4.8,0,0,0,6.515763
4.805,0,0,0,6.365017
4.81,0,0,0,6.18145
4.815,0,0,0,5.915351
4.82,0,0,0,5.601537
4.825,0,0,0,5.293049
4.83,0,0,0,4.945703
4.835,0,0,0,4.558246
4.84,0,0,0,4.141455
4.845,0,0,0,3.700996
4.85,0,0,0,3.216639
4.855,0,0,0,2.68419
4.86,0,0,0,2.121825
4.865,0,0,0,1.543465
4.87,0,0,0,0.934492
4.875,0,0,0,0.292201
4.88,0,0,0,0.309272
4.885,0,0,0,0.903676
4.89,0,0,0,1.456267
4.895,0,0,0,2.004069
4.9,0,0,0,2.511056
4.905,0,0,0,3.04902
4.91,0,0,0,3.533095
4.915,0,0,0,3.945201
4.92,0,0,0,4.321216
4.925,0,0,0,4.6604
4.93,0,0,0,4.969429
4.935,0,0,0,5.258397
4.94,0,0,0,5.526963
4.945,0,0,0,5.752447
4.95,0,0,0,5.963986
4.955,0,0,0,6.188393
4.96,0,0,0,6.434772
4.965,0,0,0,6.662734
4.97,0,0,0,6.830637
4.975,0,0,0,7.000643
4.98,0,0,0,7.157799
4.985,0,0,0,7.277217
4.99,0,0,0,7.365939
4.995,0,0,0,7.478751
5,0,0,0,7.558113
5.005,0,0,0,7.658188
5.01,0,0,0,7.773474
5.015,0,0,0,7.919454
5.02,0,0,0,8.058475
5.025,0,0,0,8.172703
5.03,0,0,0,8.298679
5.035,0,0,0,8.385001
5.04,0,0,0,8.429849
5.045,0,0,0,8.42465
5.05,0,0,0,8.3861
5.055,0,0,0,8.358143
5.06,0,0,0,8.340385
5.065,0,0,0,8.343318
5.07,0,0,0,8.329716
5.075,0,0,0,8.31464
5.08,0,0,0,8.298967
5.085,0,0,0,8.294758
5.09,0,0,0,8.305429
5.095,0,0,0,8.348648
5.1,0,0,0,8.431351
5.105,0,0,0,8.520027
5.11,0,0,0,8.621235
5.115,0,0,0,8.725687
5.12,0,0,0,8.817236
5.125,0,0,0,8.913475
5.13,0,0,0,8.990761
5.135,0,0,0,9.045754
5.14,0,0,0,9.097429
5.145,0,0,0,9.141836
5.15,0,0,0,9.198328
5.155,0,0,0,9.265227
5.16,0,0,0,9.315049
5.165,0,0,0,9.338441
5.17,0,0,0,9.350284
5.175,0,0,0,9.357248
5.18,0,0,0,9.34495
5.185,0,0,0,9.327699
5.19,0,0,0,9.301067
5.195,0,0,0,9.271955
5.2,0,0,0,9.242458
5.205,0,0,0,9.226868
5.21,0,0,0,9.226102
5.215,0,0,0,9.22911
5.22,0,0,0,9.244249
5.225,0,0,0,9.259523
5.23,0,0,0,9.285422
5.235,0,0,0,9.351521
5.24,0,0,0,9.435194
5.245,0,0,0,9.506706
5.25,0,0,0,9.586642
5.255,0,0,0,9.630696
5.26,0,0,0,9.662199
5.265,0,0,0,9.67716
5.27,0,0,0,9.683778
5.275,0,0,0,9.697182
5.28,0,0,0,9.736088
5.285,0,0,0,9.791895
5.29,0,0,0,9.839577
5.295,0,0,0,9.891211
5.3,0,0,0,9.95525
5.305,0,0,0,10.050955
5.31,0,0,0,10.146702
5.315,0,0,0,10.279285
5.32,0,0,0,10.300205
5.325,0,0,0,10.355614
5.33,0,0,0,10.432764
5.335,0,0,0,10.558173
5.34,0,0,0,10.687955
5.345,0,0,0,10.786003
5.35,0,0,0,10.930463
5.355,0,0,0,11.118333
5.36,0,0,0,11.321903
5.365,0,0,0,11.510307
5.37,0,0,0,11.625284
5.375,0,0,0,11.760868
5.38,0,0,0,11.90044
5.385,0,0,0,12.032934
5.39,0,0,0,12.18515
5.395,0,0,0,12.328733
5.4,0,0,0,12.479873
5.405,0,0,0,12.647585
5.41,0,0,0,12.817005
5.415,0,0,0,13.031769
5.42,0,0,0,13.218273
5.425,0,0,0,13.392742
5.43,0,0,0,13.582804
5.435,0,0,0,13.760004
5.44,0,0,0,13.906124
5.445,0,0,0,14.058264
5.45,0,0,0,14.197639
5.455,0,0,0,14.34551
5.46,0,0,0,14.501698
5.465,0,0,0,14.641932
5.47,0,0,0,14.794638
5.475,0,0,0,14.96204
5.48,0,0,0,15.115826
5.485,0,0,0,15.264901
5.49,0,0,0,15.395681
5.495,0,0,0,15.584994
5.5,0,0,0,15.782503
5.505,0,0,0,15.977251
5.51,0,0,0,16.160954
5.515,0,0,0,16.299271
5.52,0,0,0,16.468285
5.525,0,0,0,16.639456
5.53,0,0,0,16.830616
5.535,0,0,0,17.037607
5.54,0,0,0,17.247656
5.545,0,0,0,17.492184
5.55,0,0,0,17.778339
5.555,0,0,0,18.010857
5.56,0,0,0,18.270674
5.565,0,0,0,18.503359
5.57,0,0,0,18.731817
5.575,0,0,0,19.019852
5.58,0,0,0,19.314827
5.585,0,0,0,19.583364
5.59,0,0,0,19.869606
5.595,0,0,0,20.163372
5.6,0,0,0,20.42613
5.605,0,0,0,20.692043
5.61,0,0,0,20.949913
5.615,0,0,0,21.265739
5.62,0,0,0,21.579372
5.625,0,0,0,21.887745
5.63,0,0,0,22.233484
5.635,0,0,0,22.539299
5.64,0,0,0,22.899807
5.645,0,0,0,23.239756
5.65,0,0,0,23.610767
5.655,0,0,0,23.932045
5.66,0,0,0,24.318592
5.665,0,0,0,24.748161
5.67,0,0,0,25.156992
5.675,0,0,0,25.54808
5.68,0,0,0,25.865543
5.685,0,0,0,26.175014
5.69,0,0,0,26.474266
5.695,0,0,0,26.752689
5.7,0,0,0,27.069508
5.705,0,0,0,27.394505
5.71,0,0,0,27.760128
5.715,0,0,0,28.127121
5.72,0,0,0,28.44519
5.725,0,0,0,28.728531
5.73,0,0,0,29.021633
5.735,0,0,0,29.301956
5.74,0,0,0,29.591316
5.745,0,0,0,29.897949
5.75,0,0,0,30.171246
5.755,0,0,0,30.459078
5.76,0,0,0,30.799305
5.765,0,0,0,31.143068
5.77,0,0,0,31.506851
5.775,0,0,0,31.953833
5.78,0,0,0,32.495331
5.785,0,0,0,33.045204
5.79,0,0,0,33.52272
5.795,0,0,0,33.972431
5.8,0,0,0,34.318901
5.805,0,0,0,34.656185
5.81,0,0,0,34.935421
5.815,0,0,0,35.173382
5.82,0,0,0,35.482891
5.825,0,0,0,35.805202
5.83,0,0,0,36.131409
5.835,0,0,0,36.490498
5.84,0,0,0,36.754288
5.845,0,0,0,37.010139
5.85,0,0,0,37.268471
5.855,0,0,0,37.523247
5.86,0,0,0,37.802296
5.865,0,0,0,38.115578
5.87,0,0,0,38.330364
5.875,0,0,0,38.598282
5.88,0,0,0,38.864559
5.885,0,0,0,39.178066
5.89,0,0,0,39.501987
5.895,0,0,0,39.787991
5.9,0,0,0,40.056862
5.905,0,0,0,40.313656
5.91,0,0,0,40.652958
5.915,0,0,0,40.929821
5.92,0,0,0,41.297371
5.925,0,0,0,41.575356
5.93,0,0,0,41.881912
5.935,0,0,0,42.177574
5.94,0,0,0,42.413548
5.945,0,0,0,42.631458
5.95,0,0,0,42.936932
5.955,0,0,0,43.115776
5.96,0,0,0,43.274635
5.965,0,0,0,43.460155
5.97,0,0,0,43.681767
5.975,0,0,0,43.959476
5.98,0,0,0,44.219948
5.985,0,0,0,44.556984
5.99,0,0,0,44.79818
5.995,0,0,0,44.911049
6,0,0,0,45.111778
6.005,0,0,0,45.28548
6.01,0,0,0,45.45837
6.015,0,0,0,45.713615
6.02,0,0,0,46.109772
6.025,0,0,0,46.600639
6.03,0,0,0,47.281746
6.035,0,0,0,47.851593
6.04,0,0,0,48.427242
6.045,0,0,0,48.930233
6.05,0,0,0,49.317986
6.055,0,0,0,49.697495
6.06,0,0,0,50.018215
6.065,0,0,0,50.323971
6.07,0,0,0,50.604465
6.075,0,0,0,50.805042
6.08,0,0,0,50.997528
6.085,0,0,0,51.372581
6.09,0,0,0,51.684113
6.095,0,0,0,51.985069
6.1,0,0,0,52.316574
6.105,0,0,0,52.583801
6.11,0,0,0,52.884392
6.115,0,0,0,53.242455
6.12,0,0,0,53.701801
6.125,0,0,0,54.193321
6.13,0,0,0,54.651306
6.135,0,0,0,55.036774
6.14,0,0,0,55.481594
6.145,0,0,0,55.874329
6.15,0,0,0,56.311527
6.155,0,0,0,56.691582
6.16,0,0,0,57.102047
6.165,0,0,0,57.415791
6.17,0,0,0,57.829277
6.175,0,0,0,58.181694
6.18,0,0,0,58.581947
6.185,0,0,0,59.105057
6.19,0,0,0,59.638618
6.195,0,0,0,60.19627
6.2,0,0,0,60.661861
6.205,0,0,0,61.125401
6.21,0,0,0,61.488834
6.215,0,0,0,61.89473
6.22,0,0,0,62.205906
6.225,0,0,0,62.657101
6.23,0,0,0,63.066811
6.235,0,0,0,63.419952
6.24,0,0,0,63.883022
6.245,0,0,0,64.247948
6.25,0,0,0,64.587021
6.255,0,0,0,65.008713
6.26,0,0,0,65.28083
6.265,0,0,0,65.578835
6.27,0,0,0,65.842606
6.275,0,0,0,66.130608
6.28,0,0,0,66.369934
6.285,0,0,0,66.63736
6.29,0,0,0,66.864052
6.295,0,0,0,67.003128
6.3,0,0,0,67.190353
6.305,0,0,0,67.407928
6.31,0,0,0,67.583847
6.315,0,0,0,67.825836
6.32,0,0,0,67.998947
6.325,0,0,0,68.246483
6.33,0,0,0,68.41716
6.335,0,0,0,68.626732
6.34,0,0,0,68.838165
6.345,0,0,0,69.07505
6.35,0,0,0,69.323647
6.355,0,0,0,69.578659
6.36,0,0,0,69.710442
6.365,0,0,0,69.819695
6.37,0,0,0,69.918404
6.375,0,0,0,70.00515
6.38,0,0,0,70.061348
6.385,0,0,0,70.105927
6.39,0,0,0,70.174942
6.395,0,0,0,70.201187
6.4,0,0,0,70.316048
6.405,0,0,0,70.413506
6.41,0,0,0,70.461906
6.415,0,0,0,70.479614
6.42,0,0,0,70.485634
6.425,0,0,0,70.51152
6.43,0,0,0,70.576988
6.435,0,0,0,70.66626
6.44,0,0,0,70.768471
6.445,0,0,0,70.826714
6.45,0,0,0,70.889297
6.455,0,0,0,70.926773
6.46,0,0,0,70.99202
6.465,0,0,0,70.998184
6.47,0,0,0,70.962181
6.475,0,0,0,70.949936
6.48,0,0,0,70.932976
6.485,0,0,0,70.90007
6.49,0,0,0,70.916046
6.495,0,0,0,70.999435
6.5,0,0,0,70.96373
6.505,0,0,0,70.951096
6.51,0,0,0,70.971931
6.515,0,0,0,70.978386
6.52,0,0,0,70.994049
6.525,0,0,0,70.973991
6.53,0,0,0,70.935982
6.535,0,0,0,70.904465
6.54,0,0,0,70.881538
6.545,0,0,0,70.877441
6.55,0,0,0,70.901299
6.555,0,0,0,70.937698
6.56,0,0,0,70.945267
6.565,0,0,0,70.945404
6.57,0,0,0,70.939972
6.575,0,0,0,70.954857
6.58,0,0,0,70.97438
6.585,0,0,0,71.009186
6.59,0,0,0,71.039879
6.595,0,0,0,71.056488
6.6,0,0,0,71.034912
6.605,0,0,0,70.98938
6.61,0,0,0,70.962105
6.615,0,0,0,70.924942
6.62,0,0,0,70.879913
6.625,0,0,0,70.823845
6.63,0,0,0,70.775009
6.635,0,0,0,70.738121
6.64,0,0,0,70.683289
6.645,0,0,0,70.632401
6.65,0,0,0,70.587334
6.655,0,0,0,70.543831
6.66,0,0,0,70.497108
6.665,0,0,0,70.450882
6.67,0,0,0,70.397697
6.675,0,0,0,70.375175
6.68,0,0,0,70.345795
6.685,0,0,0,70.333443
6.69,0,0,0,70.33577
6.695,0,0,0,70.319504
6.7,0,0,0,70.29232
6.705,0,0,0,70.278236
6.71,0,0,0,70.304565
6.715,0,0,0,70.350357
6.72,0,0,0,70.400955
6.725,0,0,0,70.446518
6.73,0,0,0,70.467209
6.735,0,0,0,70.500832
6.74,0,0,0,70.492798
6.745,0,0,0,70.504501
6.75,0,0,0,70.428398
6.755,0,0,0,70.325211
6.76,0,0,0,70.268631
6.765,0,0,0,70.231285
6.77,0,0,0,70.255356
6.775,0,0,0,70.28289
6.78,0,0,0,70.322418
6.785,0,0,0,70.348061
6.79,0,0,0,70.342842
6.795,0,0,0,70.245506
6.8,0,0,0,70.205452
6.805,0,0,0,70.176247
6.81,0,0,0,70.144745
6.815,0,0,0,70.135902
6.82,0,0,0,70.088692
6.825,0,0,0,70.034111
6.83,0,0,0,69.991714
6.835,0,0,0,70.015083
6.84,0,0,0,70.038895
6.845,0,0,0,70.077995
6.85,0,0,0,70.139023
6.855,0,0,0,69.991791
6.86,0,0,0,69.786774
6.865,0,0,0,69.642761
6.87,0,0,0,69.492874
6.875,0,0,0,69.435585
6.88,0,0,0,69.366463
6.885,0,0,0,69.336792
6.89,0,0,0,69.269188
6.895,0,0,0,69.217903
6.9,0,0,0,69.131104
6.905,0,0,0,69.033852
6.91,0,0,0,68.957794
6.915,0,0,0,68.865204
6.92,0,0,0,68.781204
6.925,0,0,0,68.71096
6.93,0,0,0,68.633026
6.935,0,0,0,68.57132
6.94,0,0,0,68.413216
6.945,0,0,0,68.290939
6.95,0,0,0,68.146461
6.955,0,0,0,67.969978
6.96,0,0,0,67.925064
6.965,0,0,0,67.851349
6.97,0,0,0,67.716675
6.975,0,0,0,67.685349
6.98,0,0,0,67.585556
6.985,0,0,0,67.517761
6.99,0,0,0,67.424431
6.995,0,0,0,67.31073
7,0,0,0,67.200615
7.005,0,0,0,67.026321
7.01,0,0,0,66.879974
7.015,0,0,0,66.707001
7.02,0,0,0,66.520592
7.025,0,0,0,66.297478
7.03,0,0,0,66.088089
7.035,0,0,0,65.814629
7.04,0,0,0,65.650055
7.045,0,0,0,65.574677
7.05,0,0,0,65.469543
7.055,0,0,0,65.334991
7.06,0,0,0,65.20179
7.065,0,0,0,65.099022
7.07,0,0,0,64.936172
7.075,0,0,0,64.727493
7.08,0,0,0,64.459549
7.085,0,0,0,64.185143
7.09,0,0,0,63.956993
7.095,0,0,0,63.785011
7.1,0,0,0,63.48415
7.105,0,0,0,63.221359
7.11,0,0,0,62.91692
7.115,0,0,0,62.675163
7.12,0,0,0,62.413536
7.125,0,0,0,62.113953
7.13,0,0,0,61.71191
7.135,0,0,0,61.406059
7.14,0,0,0,61.061523
7.145,0,0,0,60.770599
7.15,0,0,0,60.5084
7.155,0,0,0,60.26292
7.16,0,0,0,59.965378
7.165,0,0,0,59.62114
7.17,0,0,0,59.324028
7.175,0,0,0,59.146366
7.18,0,0,0,59.044113
7.185,0,0,0,58.939037
7.19,0,0,0,58.788113
7.195,0,0,0,58.486446
7.2,0,0,0,58.202572
7.205,0,0,0,57.853825
7.21,0,0,0,57.455261
7.215,0,0,0,57.055603
7.22,0,0,0,56.682747
7.225,0,0,0,56.326305
7.23,0,0,0,56.041367
7.235,0,0,0,55.748455
7.24,0,0,0,55.48497
7.245,0,0,0,55.242149
7.25,0,0,0,54.928215
7.255,0,0,0,54.619484
7.26,0,0,0,54.407459
7.265,0,0,0,54.221992
7.27,0,0,0,54.036476
7.275,0,0,0,53.845512
7.28,0,0,0,53.680943
7.285,0,0,0,53.433655
7.29,0,0,0,53.239319
7.295,0,0,0,52.895157
7.3,0,0,0,52.595001
7.305,0,0,0,52.333958
7.31,0,0,0,52.056366
7.315,0,0,0,51.750328
7.32,0,0,0,51.408253
7.325,0,0,0,51.041241
7.33,0,0,0,50.6633
7.335,0,0,0,50.383732
7.34,0,0,0,50.020515
7.345,0,0,0,49.718399
7.35,0,0,0,49.389965
7.355,0,0,0,49.084106
7.36,0,0,0,48.740314
7.365,0,0,0,48.551941
7.37,0,0,0,48.351242
7.375,0,0,0,48.222645
7.38,0,0,0,48.169964
7.385,0,0,0,48.096073
7.39,0,0,0,48.020561
7.395,0,0,0,47.904358
7.4,0,0,0,47.699421
7.405,0,0,0,47.446301
7.41,0,0,0,47.15205
7.415,0,0,0,46.846081
7.42,0,0,0,46.49968
7.425,0,0,0,46.203686
7.43,0,0,0,45.844105
7.435,0,0,0,45.451477
7.44,0,0,0,45.019833
7.445,0,0,0,44.646393
7.45,0,0,0,44.227333
7.455,0,0,0,43.859474
7.46,0,0,0,43.500633
7.465,0,0,0,43.146412
7.47,0,0,0,42.80872
7.475,0,0,0,42.48756
7.48,0,0,0,42.223587
7.485,0,0,0,41.933434
7.49,0,0,0,41.638714
7.495,0,0,0,41.384178
7.5,0,0,0,41.107216
7.505,0,0,0,40.816837
7.51,0,0,0,40.457703
7.515,0,0,0,40.083794
7.52,0,0,0,39.645596
7.525,0,0,0,39.220882
7.53,0,0,0,38.736389
7.535,0,0,0,38.28318
7.54,0,0,0,37.738331
7.545,0,0,0,37.194527
7.55,0,0,0,36.650383
7.555,0,0,0,36.141846
7.56,0,0,0,35.693062
7.565,0,0,0,35.246098
7.57,0,0,0,34.743366
7.575,0,0,0,34.285118
7.58,0,0,0,33.82465
7.585,0,0,0,33.437504
7.59,0,0,0,33.044823
7.595,0,0,0,32.638481
7.6,0,0,0,32.280014
7.605,0,0,0,31.933344
7.61,0,0,0,31.560295
7.615,0,0,0,31.175854
7.62,0,0,0,30.693993
7.625,0,0,0,30.256958
7.63,0,0,0,29.802303
7.635,0,0,0,29.292511
7.64,0,0,0,28.698288
7.645,0,0,0,28.075378
7.65,0,0,0,27.489628
7.655,0,0,0,26.808645
7.66,0,0,0,26.148476
7.665,0,0,0,25.431814
7.67,0,0,0,24.688395
7.675,0,0,0,23.968523
7.68,0,0,0,23.20277
7.685,0,0,0,22.46979
7.69,0,0,0,21.739508
7.695,0,0,0,21.09203
7.7,0,0,0,20.317001
7.705,0,0,0,19.64819
7.71,0,0,0,19.060608
7.715,0,0,0,18.468502
7.72,0,0,0,17.731434
7.725,0,0,0,17.159906
7.73,0,0,0,16.699726
7.735,0,0,0,16.204052
7.74,0,0,0,15.664075
7.745,0,0,0,15.141136
7.75,0,0,0,14.661431
7.755,0,0,0,14.228806
7.76,0,0,0,13.758654
7.765,0,0,0,13.346603
7.77,0,0,0,12.979061
7.775,0,0,0,12.605259
7.78,0,0,0,12.238923
7.785,0,0,0,11.938772
7.79,0,0,0,11.717339
7.795,0,0,0,11.528451
7.8,0,0,0,11.412396
7.805,0,0,0,11.2409
7.81,0,0,0,11.017323
7.815,0,0,0,10.807981
7.82,0,0,0,10.676486
7.825,0,0,0,10.610044
7.83,0,0,0,10.5663
7.835,0,0,0,10.508759
7.84,0,0,0,10.460414
7.845,0,0,0,10.449936
7.85,0,0,0,10.443586
7.855,0,0,0,10.448677
7.86,0,0,0,10.44533
7.865,0,0,0,10.46035
7.87,0,0,0,10.500776
7.875,0,0,0,10.548377
7.88,0,0,0,10.561595
7.885,0,0,0,10.579643
7.89,0,0,0,10.633503
7.895,0,0,0,10.71713
7.9,0,0,0,10.80611
7.905,0,0,0,10.893579
7.91,0,0,0,10.995885
7.915,0,0,0,11.099659
7.92,0,0,0,11.253258
7.925,0,0,0,11.3877
7.93,0,0,0,11.502874
7.935,0,0,0,11.637339
7.94,0,0,0,11.725396
7.945,0,0,0,11.813659
7.95,0,0,0,11.909611
7.955,0,0,0,12.003179
7.96,0,0,0,12.069242
7.965,0,0,0,12.110304
7.97,0,0,0,12.121974
7.975,0,0,0,12.142653
7.98,0,0,0,12.159308
7.985,0,0,0,12.207814
7.99,0,0,0,12.257199
7.995,0,0,0,12.298189
8,0,0,0,12.328978
8.005,0,0,0,12.356725
8.01,0,0,0,12.385586
8.015,0,0,0,12.410665
8.02,0,0,0,12.43279
8.025,0,0,0,12.453394
8.03,0,0,0,12.478017
8.035,0,0,0,12.50105
8.04,0,0,0,12.505712
8.045,0,0,0,12.498672
8.05,0,0,0,12.485983
8.055,0,0,0,12.455997
8.06,0,0,0,12.42203
8.065,0,0,0,12.362638
8.07,0,0,0,12.308793
8.075,0,0,0,12.250786
8.08,0,0,0,12.221248
8.085,0,0,0,12.196687
8.09,0,0,0,12.166033
8.095,0,0,0,12.126829
8.1,0,0,0,12.088824
8.105,0,0,0,12.04388
8.11,0,0,0,12.002165
8.115,0,0,0,11.953724
8.12,0,0,0,11.899876
8.125,0,0,0,11.828282
8.13,0,0,0,11.761549
8.135,0,0,0,11.699423
8.14,0,0,0,11.643017
8.145,0,0,0,11.580656
8.15,0,0,0,11.515354
8.155,0,0,0,11.469294
8.16,0,0,0,11.44907
8.165,0,0,0,11.437117
8.17,0,0,0,11.443974
8.175,0,0,0,11.507365
8.18,0,0,0,11.560769
8.185,0,0,0,11.602284
8.19,0,0,0,11.647431
8.195,0,0,0,11.705796
8.2,0,0,0,11.781122
8.205,0,0,0,11.900632
8.21,0,0,0,12.029279
8.215,0,0,0,12.160418
8.22,0,0,0,12.297626
8.225,0,0,0,12.414897
8.23,0,0,0,12.531018
8.235,0,0,0,12.664758
8.24,0,0,0,12.813412
8.245,0,0,0,12.956409
8.25,0,0,0,13.066936
8.255,0,0,0,13.175136
8.26,0,0,0,13.271145
8.265,0,0,0,13.377316
8.27,0,0,0,13.462722
8.275,0,0,0,13.492544
8.28,0,0,0,13.525627
8.285,0,0,0,13.558618
8.29,0,0,0,13.590399
8.295,0,0,0,13.603784
8.3,0,0,0,13.620011
8.305,0,0,0,13.651115
8.31,0,0,0,13.672168
8.315,0,0,0,13.669638
8.32,0,0,0,13.666252
8.325,0,0,0,13.647089
8.33,0,0,0,13.610444
8.335,0,0,0,13.583714
8.34,0,0,0,13.57184
8.345,0,0,0,13.531205
8.35,0,0,0,13.48381
8.355,0,0,0,13.391018
8.36,0,0,0,13.299577
8.365,0,0,0,13.214912
8.37,0,0,0,13.123566
8.375,0,0,0,13.018613
8.38,0,0,0,12.913086
8.385,0,0,0,12.809409
8.39,0,0,0,12.715175
8.395,0,0,0,12.333427
8.4,0,0,0,12.459876
8.405,0,0,0,12.5587
8.41,0,0,0,12.467443
8.415,0,0,0,12.07671
8.42,0,0,0,12.051012
8.425,0,0,0,12.862639
8.43,0,0,0,14.119628
8.435,0,0,0,15.50601
8.44,0,0,0,15.920861
8.445,0,0,0,16.019661
8.45,0,0,0,16.245052
8.455,0,0,0,16.620533
8.46,0,0,0,16.988276
8.465,0,0,0,17.197552
8.47,0,0,0,17.184399
8.475,0,0,0,17.092009
8.48,0,0,0,17.166718
8.485,0,0,0,17.264206
8.49,0,0,0,17.358971
8.495,0,0,0,17.392178
8.5,0,0,0,17.462505
8.505,0,0,0,17.542002
8.51,0,0,0,17.570475
8.515,0,0,0,17.588863
8.52,0,0,0,17.601654
8.525,0,0,0,17.649427
8.53,0,0,0,17.720451
8.535,0,0,0,17.825415
8.54,0,0,0,17.912722
8.545,0,0,0,18.003284
8.55,0,0,0,18.11171
8.555,0,0,0,18.191753
8.56,0,0,0,18.304787
8.565,0,0,0,18.380558
8.57,0,0,0,18.467049
8.575,0,0,0,18.558727
8.58,0,0,0,18.615669
8.585,0,0,0,18.710304
8.59,0,0,0,18.808325
8.595,0,0,0,18.886997
8.6,0,0,0,18.903519
8.605,0,0,0,18.801723
8.61,0,0,0,18.600832
8.615,0,0,0,18.487251
8.62,0,0,0,18.488533
8.625,0,0,0,18.556917
8.63,0,0,0,18.714499
8.635,0,0,0,18.863733
8.64,0,0,0,18.99143
8.645,0,0,0,19.105404
8.65,0,0,0,19.224014
8.655,0,0,0,19.349644
8.66,0,0,0,19.491053
8.665,0,0,0,19.629688
8.67,0,0,0,19.822796
8.675,0,0,0,20.052832
8.68,0,0,0,20.324495
8.685,0,0,0,20.607849
8.69,0,0,0,20.923386
8.695,0,0,0,21.206997
8.7,0,0,0,21.539974
8.705,0,0,0,21.825857
8.71,0,0,0,22.124615
8.715,0,0,0,22.347427
8.72,0,0,0,22.419777
8.725,0,0,0,22.525993
8.73,0,0,0,22.662647
8.735,0,0,0,22.748127
8.74,0,0,0,22.814659
8.745,0,0,0,22.85914
8.75,0,0,0,22.880325
8.755,0,0,0,22.893318
8.76,0,0,0,22.886963
8.765,0,0,0,22.866726
8.77,0,0,0,22.878674
8.775,0,0,0,22.903696
8.78,0,0,0,22.902634
8.785,0,0,0,22.885105
8.79,0,0,0,22.860329
8.795,0,0,0,22.841034
8.8,0,0,0,22.82605
8.805,0,0,0,22.84137
8.81,0,0,0,22.867773
8.815,0,0,0,22.90897
8.82,0,0,0,22.955837
8.825,0,0,0,23.008526
8.83,0,0,0,23.07859
8.835,0,0,0,23.11412
8.84,0,0,0,23.127258
8.845,0,0,0,23.132893
8.85,0,0,0,23.20718
8.855,0,0,0,23.264931
8.86,0,0,0,23.342968
8.865,0,0,0,23.449314
8.87,0,0,0,23.548788
8.875,0,0,0,23.65221
8.88,0,0,0,23.816719
8.885,0,0,0,23.988045
8.89,0,0,0,24.158873
8.895,0,0,0,24.368486
8.9,0,0,0,24.572083
8.905,0,0,0,24.724958
8.91,0,0,0,24.978992
8.915,0,0,0,25.229713
8.92,0,0,0,25.587324
8.925,0,0,0,25.897171
8.93,0,0,0,26.180305
8.935,0,0,0,26.492641
8.94,0,0,0,26.910702
8.945,0,0,0,27.376167
8.95,0,0,0,27.82156
8.955,0,0,0,28.272554
8.96,0,0,0,28.668858
8.965,0,0,0,29.039301
8.97,0,0,0,29.386951
8.975,0,0,0,29.725094
8.98,0,0,0,30.055315
8.985,0,0,0,30.40715
8.99,0,0,0,30.773228
8.995,0,0,0,31.181347
9,0,0,0,31.808685
9.005,0,0,0,31.843893
9.01,0,0,0,32.114212
9.015,0,0,0,32.398041
9.02,0,0,0,32.68956
9.025,0,0,0,33.068169
9.03,0,0,0,33.518799
9.035,0,0,0,33.938248
9.04,0,0,0,34.268158
9.045,0,0,0,34.505882
9.05,0,0,0,34.660217
9.055,0,0,0,34.813042
9.06,0,0,0,34.971691
9.065,0,0,0,35.084705
9.07,0,0,0,35.208511
9.075,0,0,0,35.308094
9.08,0,0,0,35.418697
9.085,0,0,0,35.599365
9.09,0,0,0,35.821362
9.095,0,0,0,36.070843
9.1,0,0,0,36.317219
9.105,0,0,0,36.536049
9.11,0,0,0,36.700214
9.115,0,0,0,36.876289
9.12,0,0,0,37.050266
9.125,0,0,0,37.195797
9.13,0,0,0,37.324181
9.135,0,0,0,37.492153
9.14,0,0,0,37.685165
9.145,0,0,0,37.842773
9.15,0,0,0,38.027176
9.155,0,0,0,38.147663
9.16,0,0,0,38.252048
9.165,0,0,0,38.387848
9.17,0,0,0,38.54644
9.175,0,0,0,38.71888
9.18,0,0,0,38.854073
9.185,0,0,0,39.00174
9.19,0,0,0,39.087738
9.195,0,0,0,39.132385
9.2,0,0,0,39.180115
9.205,0,0,0,39.282063
9.21,0,0,0,39.409004
9.215,0,0,0,39.471191
9.22,0,0,0,39.543423
9.225,0,0,0,39.641556
9.23,0,0,0,39.737263
9.235,0,0,0,39.838997
9.24,0,0,0,39.9245
9.245,0,0,0,39.991947
9.25,0,0,0,40.045345
9.255,0,0,0,40.112488
9.26,0,0,0,40.203194
9.265,0,0,0,40.007584
9.27,0,0,0,39.853889
9.275,0,0,0,40.13945
9.28,0,0,0,40.423046
9.285,0,0,0,40.563194
9.29,0,0,0,40.525326
9.295,0,0,0,40.519154
9.3,0,0,0,40.551819
9.305,0,0,0,40.575825
9.31,0,0,0,40.654682
9.315,0,0,0,40.629604
9.32,0,0,0,40.578545
9.325,0,0,0,40.467171
9.33,0,0,0,40.19841
9.335,0,0,0,40.069214
9.34,0,0,0,40.328392
9.345,0,0,0,39.910351
9.35,0,0,0,39.483112
9.355,0,0,0,39.01149
9.36,0,0,0,38.356464
9.365,0,0,0,38.17305
9.37,0,0,0,37.994831
9.375,0,0,0,37.485657
9.38,0,0,0,37.093369
9.385,0,0,0,36.871891
9.39,0,0,0,36.675297
9.395,0,0,0,36.436203
9.4,0,0,0,36.191467
9.405,0,0,0,36.057076
9.41,0,0,0,35.924297
9.415,0,0,0,35.815994
9.42,0,0,0,35.561378
9.425,0,0,0,35.354961
9.43,0,0,0,35.266762
9.435,0,0,0,35.228474
9.44,0,0,0,35.200996
9.445,0,0,0,35.172173
9.45,0,0,0,35.098927
9.455,0,0,0,35.118549
9.46,0,0,0,35.155621
9.465,0,0,0,35.151199
9.47,0,0,0,35.105988
9.475,0,0,0,35.016647
9.48,0,0,0,34.905251
9.485,0,0,0,34.750999
9.49,0,0,0,34.673687
9.495,0,0,0,34.606834
9.5,0,0,0,34.537876
9.505,0,0,0,34.45562
9.51,0,0,0,34.409515
9.515,0,0,0,34.424332
9.52,0,0,0,34.465645
9.525,0,0,0,34.453636
9.53,0,0,0,34.36171
9.535,0,0,0,34.241093
9.54,0,0,0,34.111755
9.545,0,0,0,33.949253
9.55,0,0,0,33.77393
9.555,0,0,0,33.569424
9.56,0,0,0,33.359901
9.565,0,0,0,33.193172
9.57,0,0,0,33.032925
9.575,0,0,0,32.852215
9.58,0,0,0,32.72168
9.585,0,0,0,32.586609
9.59,0,0,0,32.479351
9.595,0,0,0,32.391373
9.6,0,0,0,32.363411
9.605,0,0,0,32.286652
9.61,0,0,0,32.252102
9.615,0,0,0,32.183464
9.62,0,0,0,32.099827
9.625,0,0,0,31.983341
9.63,0,0,0,31.835443
9.635,0,0,0,31.651922
9.64,0,0,0,31.436596
9.645,0,0,0,31.232349
9.65,0,0,0,31.039738
9.655,0,0,0,30.796688
9.66,0,0,0,30.551174
9.665,0,0,0,30.347834
9.67,0,0,0,30.180511
9.675,0,0,0,29.962898
9.68,0,0,0,29.794197
9.685,0,0,0,29.592213
9.69,0,0,0,29.4209
9.695,0,0,0,29.257317
9.7,0,0,0,29.086409
9.705,0,0,0,28.916115
9.71,0,0,0,28.752455
9.715,0,0,0,28.560129
9.72,0,0,0,28.365189
9.725,0,0,0,28.163673
9.73,0,0,0,27.971857
9.735,0,0,0,27.75779
9.74,0,0,0,27.549042
9.745,0,0,0,27.361208
9.75,0,0,0,27.117266
9.755,0,0,0,26.929289
9.76,0,0,0,26.748947
9.765,0,0,0,26.579426
9.77,0,0,0,26.400003
9.775,0,0,0,26.197716
9.78,0,0,0,25.980438
9.785,0,0,0,25.745279
9.79,0,0,0,25.484339
9.795,0,0,0,25.251678
9.8,0,0,0,25.005468
9.805,0,0,0,24.77338
9.81,0,0,0,24.583828
9.815,0,0,0,24.419765
9.82,0,0,0,24.239681
9.825,0,0,0,24.061888
9.83,0,0,0,23.887739
9.835,0,0,0,23.721859
9.84,0,0,0,23.542738
9.845,0,0,0,23.376001
9.85,0,0,0,23.183374
9.855,0,0,0,23.002546
9.86,0,0,0,22.822269
9.865,0,0,0,22.643364
9.87,0,0,0,22.455397
9.875,0,0,0,22.292524
9.88,0,0,0,22.165602
9.885,0,0,0,22.016132
9.89,0,0,0,21.857941
9.895,0,0,0,21.722118
9.9,0,0,0,21.559263
9.905,0,0,0,21.419704
9.91,0,0,0,21.275745
9.915,0,0,0,21.180676
9.92,0,0,0,21.083893
9.925,0,0,0,20.997673
9.93,0,0,0,20.921701
9.935,0,0,0,20.849249
9.94,0,0,0,20.804199
9.945,0,0,0,20.757206
9.95,0,0,0,20.722046
9.955,0,0,0,20.696236
9.96,0,0,0,20.681751
9.965,0,0,0,20.693779
9.97,0,0,0,20.688622
9.975,0,0,0,20.710049
9.98,0,0,0,20.710728
9.985,0,0,0,20.707691
9.99,0,0,0,20.691685
9.995,0,0,0,20.692575
10,0,0,0,20.703699
10.005,0,0,0,20.707867
10.01,0,0,0,20.728159
10.015,0,0,0,20.751408
10.02,0,0,0,20.790936
10.025,0,0,0,20.843788
10.03,0,0,0,20.897736
10.035,0,0,0,20.957018
10.04,0,0,0,21.034534
10.045,0,0,0,21.116096
10.05,0,0,0,21.21261
10.055,0,0,0,21.329826
10.06,0,0,0,21.460255
10.065,0,0,0,21.56834
10.07,0,0,0,21.674923
10.075,0,0,0,21.771824
10.08,0,0,0,21.863598
10.085,0,0,0,21.95207
10.09,0,0,0,22.044697
10.095,0,0,0,22.143444
10.1,0,0,0,22.26227
10.105,0,0,0,22.389435
10.11,0,0,0,22.520676
10.115,0,0,0,22.62199
10.12,0,0,0,22.775467
10.125,0,0,0,22.991671
10.13,0,0,0,23.19759
10.135,0,0,0,23.446896
10.14,0,0,0,23.661734
10.145,0,0,0,23.884663
10.15,0,0,0,24.104645
10.155,0,0,0,24.340591
10.16,0,0,0,24.559898
10.165,0,0,0,24.788906
10.17,0,0,0,24.997841
10.175,0,0,0,25.219706
10.18,0,0,0,25.457321
10.185,0,0,0,25.705889
10.19,0,0,0,25.913582
10.195,0,0,0,26.109411
10.2,0,0,0,26.307077
10.205,0,0,0,26.514082
10.21,0,0,0,26.67684
10.215,0,0,0,26.866409
10.22,0,0,0,26.996916
10.225,0,0,0,27.11721
10.23,0,0,0,27.268932
10.235,0,0,0,27.407902
10.24,0,0,0,27.512503
10.245,0,0,0,27.671154
10.25,0,0,0,27.760761
10.255,0,0,0,27.921814
10.26,0,0,0,28.091011
10.265,0,0,0,28.166483
10.27,0,0,0,28.287651
10.275,0,0,0,28.434546
10.28,0,0,0,28.596806
10.285,0,0,0,28.724207
10.29,0,0,0,28.902348
10.295,0,0,0,29.010128
10.3,0,0,0,29.133085
10.305,0,0,0,29.241112
10.31,0,0,0,29.32452
10.315,0,0,0,29.344248
10.32,0,0,0,29.400181
10.325,0,0,0,29.530094
10.33,0,0,0,29.72677
10.335,0,0,0,29.868401
10.34,0,0,0,30.017529
10.345,0,0,0,30.218962
10.35,0,0,0,30.366322
10.355,0,0,0,30.578083
10.36,0,0,0,30.736807
10.365,0,0,0,30.923637
10.37,0,0,0,31.134884
10.375,0,0,0,31.238247
10.38,0,0,0,31.453264
10.385,0,0,0,31.661167
10.39,0,0,0,31.944435
10.395,0,0,0,32.21228
10.4,0,0,0,32.452602
10.405,0,0,0,32.738373
10.41,0,0,0,32.973251
10.415,0,0,0,33.35107
10.42,0,0,0,33.590263
10.425,0,0,0,34.028999
10.43,0,0,0,34.500729
10.435,0,0,0,34.918816
10.44,0,0,0,35.334396
10.445,0,0,0,35.684116
10.45,0,0,0,36.013828
10.455,0,0,0,36.409008
10.46,0,0,0,36.815334
10.465,0,0,0,37.201355
10.47,0,0,0,37.518066
10.475,0,0,0,37.916878
10.48,0,0,0,38.382282
10.485,0,0,0,38.841698
10.49,0,0,0,39.31242
10.495,0,0,0,39.883793
10.5,0,0,0,40.371223
10.505,0,0,0,40.878448
10.51,0,0,0,41.392792
10.515,0,0,0,41.876701
10.52,0,0,0,42.258831
10.525,0,0,0,42.739376
10.53,0,0,0,43.266502
10.535,0,0,0,43.68541
10.54,0,0,0,44.196442
10.545,0,0,0,44.733902
10.55,0,0,0,45.303719
10.555,0,0,0,45.991447
10.56,0,0,0,46.622845
10.565,0,0,0,47.19659
10.57,0,0,0,47.756561
10.575,0,0,0,48.24654
10.58,0,0,0,48.71664
10.585,0,0,0,49.201527
10.59,0,0,0,49.734703
10.595,0,0,0,50.280994
10.6,0,0,0,50.733395
10.605,0,0,0,51.226131
10.61,0,0,0,51.656155
10.615,0,0,0,52.07756
10.62,0,0,0,52.534634
10.625,0,0,0,52.944038
10.63,0,0,0,53.36977
10.635,0,0,0,53.869923
10.64,0,0,0,54.248291
10.645,0,0,0,54.619667
10.65,0,0,0,55.007217
10.655,0,0,0,55.452099
10.66,0,0,0,55.876503
10.665,0,0,0,56.244347
10.67,0,0,0,56.706047
10.675,0,0,0,57.079021
10.68,0,0,0,57.474991
10.685,0,0,0,57.882973
10.69,0,0,0,58.205227
10.695,0,0,0,58.539059
10.7,0,0,0,58.948925
10.705,0,0,0,59.391876
10.71,0,0,0,59.81604
10.715,0,0,0,60.184826
10.72,0,0,0,60.550705
10.725,0,0,0,60.969349
10.73,0,0,0,61.406593
10.735,0,0,0,61.75177
10.74,0,0,0,62.090103
10.745,0,0,0,62.495644
10.75,0,0,0,62.832703
10.755,0,0,0,63.227657
10.76,0,0,0,63.658676
10.765,0,0,0,63.89933
10.77,0,0,0,64.299683
10.775,0,0,0,64.665916
10.78,0,0,0,64.962738
10.785,0,0,0,65.300858
10.79,0,0,0,65.651199
10.795,0,0,0,65.913727
10.8,0,0,0,66.210381
10.805,0,0,0,66.522575
10.81,0,0,0,66.787605
10.815,0,0,0,67.032768
10.82,0,0,0,67.181717
10.825,0,0,0,67.375679
10.83,0,0,0,67.632347
10.835,0,0,0,67.839859
10.84,0,0,0,68.091209
10.845,0,0,0,68.246803
10.85,0,0,0,68.377724
10.855,0,0,0,68.567963
10.86,0,0,0,68.698235
10.865,0,0,0,68.823059
10.87,0,0,0,68.967873
10.875,0,0,0,69.090584
10.88,0,0,0,69.220444
10.885,0,0,0,69.300995
10.89,0,0,0,69.424271
10.895,0,0,0,69.455757
10.9,0,0,0,69.534859
10.905,0,0,0,69.525276
10.91,0,0,0,69.513611
10.915,0,0,0,69.494675
10.92,0,0,0,69.461639
10.925,0,0,0,69.444351
10.93,0,0,0,69.435936
10.935,0,0,0,69.436829
10.94,0,0,0,69.441414
10.945,0,0,0,69.449593
10.95,0,0,0,69.451431
10.955,0,0,0,69.426163
10.96,0,0,0,69.491898
10.965,0,0,0,69.592987
10.97,0,0,0,69.649063
10.975,0,0,0,69.715363
10.98,0,0,0,69.767502
10.985,0,0,0,69.817894
10.99,0,0,0,69.870743
10.995,0,0,0,69.928719
11,0,0,0,69.971085
11.005,0,0,0,70.018661
11.01,0,0,0,70.075851
11.015,0,0,0,70.121429
11.02,0,0,0,70.189056
11.025,0,0,0,70.242172
11.03,0,0,0,70.345123
11.035,0,0,0,70.480972
11.04,0,0,0,70.590347
11.045,0,0,0,70.65696
11.05,0,0,0,70.694405
11.055,0,0,0,70.724289
11.06,0,0,0,70.756203
11.065,0,0,0,70.790451
11.07,0,0,0,70.807785
11.075,0,0,0,70.809418
11.08,0,0,0,70.829895
11.085,0,0,0,70.830124
11.09,0,0,0,70.841438
11.095,0,0,0,70.856071
11.1,0,0,0,70.865692
11.105,0,0,0,70.888496
11.11,0,0,0,70.892784
11.115,0,0,0,70.89463
11.12,0,0,0,70.894753
11.125,0,0,0,70.903503
11.13,0,0,0,70.901543
11.135,0,0,0,70.88063
11.14,0,0,0,70.847168
11.145,0,0,0,70.796906
11.15,0,0,0,70.753624
11.155,0,0,0,70.710922
11.16,0,0,0,70.701294
11.165,0,0,0,70.68306
11.17,0,0,0,70.672623
11.175,0,0,0,70.664001
11.18,0,0,0,70.662346
11.185,0,0,0,70.674911
11.19,0,0,0,70.697762
11.195,0,0,0,70.760406
11.2,0,0,0,70.832123
11.205,0,0,0,70.905014
11.21,0,0,0,70.967148
11.215,0,0,0,71.030251
11.22,0,0,0,71.08902
11.225,0,0,0,71.18084
11.23,0,0,0,71.246536
11.235,0,0,0,71.300713
11.24,0,0,0,71.351822
11.245,0,0,0,71.441116
11.25,0,0,0,71.559799
11.255,0,0,0,71.702103
11.26,0,0,0,71.744171
11.265,0,0,0,71.759888
11.27,0,0,0,71.824364
11.275,0,0,0,71.857178
11.28,0,0,0,71.9245
11.285,0,0,0,72.03183
11.29,0,0,0,72.097015
11.295,0,0,0,72.205902
11.3,0,0,0,72.272041
11.305,0,0,0,72.329155
11.31,0,0,0,72.425713
11.315,0,0,0,72.5289
11.32,0,0,0,72.66713
11.325,0,0,0,72.795517
11.33,0,0,0,72.84568
11.335,0,0,0,72.925079
11.34,0,0,0,73.036827
11.345,0,0,0,73.07682
11.35,0,0,0,73.163719
11.355,0,0,0,73.2061
11.36,0,0,0,73.280251
11.365,0,0,0,73.341576
11.37,0,0,0,73.346283
11.375,0,0,0,73.406143
11.38,0,0,0,73.494431
11.385,0,0,0,73.552132
11.39,0,0,0,73.605965
11.395,0,0,0,73.652626
11.4,0,0,0,73.735001
11.405,0,0,0,73.791519
11.41,0,0,0,73.843964
11.415,0,0,0,73.917717
11.42,0,0,0,73.939911
11.425,0,0,0,73.987305
11.43,0,0,0,74.068703
11.435,0,0,0,74.107254
11.44,0,0,0,74.156181
11.445,0,0,0,74.175682
11.45,0,0,0,74.215363
11.455,0,0,0,74.251198
11.46,0,0,0,74.270615
11.465,0,0,0,74.266777
11.47,0,0,0,74.238983
11.475,0,0,0,74.246353
11.48,0,0,0,74.167816
11.485,0,0,0,74.113167
11.49,0,0,0,74.04483
11.495,0,0,0,73.988823
11.5,0,0,0,73.970757
11.505,0,0,0,73.813911
11.51,0,0,0,73.713478
11.515,0,0,0,73.552521
11.52,0,0,0,73.421196
11.525,0,0,0,73.315018
11.53,0,0,0,73.185806
11.535,0,0,0,73.005814
11.54,0,0,0,72.833336
11.545,0,0,0,72.622757
11.55,0,0,0,72.375366
11.555,0,0,0,72.074059
11.56,0,0,0,71.713921
11.565,0,0,0,71.455505
11.57,0,0,0,71.076263
11.575,0,0,0,70.767746
11.58,0,0,0,70.443314
11.585,0,0,0,70.054939
11.59,0,0,0,69.801537
11.595,0,0,0,69.471451
11.6,0,0,0,69.034142
11.605,0,0,0,68.674713
11.61,0,0,0,68.246498
11.615,0,0,0,67.757057
11.62,0,0,0,67.293816
11.625,0,0,0,66.800316
11.63,0,0,0,66.383217
11.635,0,0,0,65.946304
11.64,0,0,0,65.507828
11.645,0,0,0,65.056015
11.65,0,0,0,64.639145
11.655,0,0,0,64.149704
11.66,0,0,0,63.726017
11.665,0,0,0,63.284096
11.67,0,0,0,62.883068
11.675,0,0,0,62.436577
11.68,0,0,0,61.983356
11.685,0,0,0,61.597893
11.69,0,0,0,61.101898
11.695,0,0,0,60.683132
11.7,0,0,0,60.350082
11.705,0,0,0,60.007034
11.71,0,0,0,59.680206
11.715,0,0,0,59.392941
11.72,0,0,0,59.08881
11.725,0,0,0,58.756561
11.73,0,0,0,58.437454
11.735,0,0,0,58.208542
11.74,0,0,0,57.959511
11.745,0,0,0,57.675217
11.75,0,0,0,57.408062
11.755,0,0,0,57.121136
11.76,0,0,0,56.865547
11.765,0,0,0,56.535614
11.77,0,0,0,56.199795
11.775,0,0,0,55.98225
11.78,0,0,0,55.750774
11.785,0,0,0,55.512455
11.79,0,0,0,55.23521
11.795,0,0,0,54.952179
11.8,0,0,0,54.603657
11.805,0,0,0,54.267384
11.81,0,0,0,53.889084
11.815,0,0,0,53.447136
11.82,0,0,0,53.008125
11.825,0,0,0,52.541164
11.83,0,0,0,51.985504
11.835,0,0,0,51.456528
11.84,0,0,0,50.896179
11.845,0,0,0,50.40839
11.85,0,0,0,49.990944
11.855,0,0,0,49.6119
11.86,0,0,0,49.241787
11.865,0,0,0,48.890965
11.87,0,0,0,48.571838
11.875,0,0,0,48.405376
11.88,0,0,0,48.189571
11.885,0,0,0,47.925766
11.89,0,0,0,47.576363
11.895,0,0,0,46.834648
11.9,0,0,0,46.149864
11.905,0,0,0,45.621563
11.91,0,0,0,45.093948
11.915,0,0,0,44.493908
11.92,0,0,0,43.59547
11.925,0,0,0,42.996849
11.93,0,0,0,42.177326
11.935,0,0,0,41.381454
11.94,0,0,0,40.656124
11.945,0,0,0,39.965561
11.95,0,0,0,39.130039
11.955,0,0,0,38.226715
11.96,0,0,0,37.317299
11.965,0,0,0,36.391846
11.97,0,0,0,35.467232
11.975,0,0,0,34.741642
11.98,0,0,0,34.147686
11.985,0,0,0,33.480694
11.99,0,0,0,32.901886
11.995,0,0,0,32.263256
12,0,0,0,31.593996
12.005,0,0,0,30.801483
12.01,0,0,0,30.117424
12.015,0,0,0,29.594887
12.02,0,0,0,28.996447
12.025,0,0,0,28.261978
12.03,0,0,0,27.555105
12.035,0,0,0,26.696434
12.04,0,0,0,25.845352
12.045,0,0,0,25.067934
12.05,0,0,0,24.266237
12.055,0,0,0,23.57098
12.06,0,0,0,22.810335
12.065,0,0,0,21.989502
12.07,0,0,0,21.141619
12.075,0,0,0,20.282082
12.08,0,0,0,19.413538
12.085,0,0,0,18.573483
12.09,0,0,0,17.780485
12.095,0,0,0,17.178734
12.1,0,0,0,16.499069
12.105,0,0,0,15.808203
12.11,0,0,0,15.227323
12.115,0,0,0,14.385301
12.12,0,0,0,13.848724
12.125,0,0,0,13.26061
12.13,0,0,0,12.562623
12.135,0,0,0,11.852468
12.14,0,0,0,11.265959
12.145,0,0,0,10.698508
12.15,0,0,0,10.088152
12.155,0,0,0,9.524144
12.16,0,0,0,8.977978
12.165,0,0,0,8.461654
12.17,0,0,0,7.927636
12.175,0,0,0,7.409039
12.18,0,0,0,6.901932
12.185,0,0,0,6.415543
12.19,0,0,0,5.959744
12.195,0,0,0,5.565742
12.2,0,0,0,5.140481
12.205,0,0,0,4.714388
12.21,0,0,0,4.356846
12.215,0,0,0,4.012561
12.22,0,0,0,3.684054
12.225,0,0,0,3.400388
12.23,0,0,0,3.118011
12.235,0,0,0,2.869112
12.24,0,0,0,2.640349
12.245,0,0,0,2.444029
12.25,0,0,0,2.24755
12.255,0,0,0,2.080803
12.26,0,0,0,1.94272
12.265,0,0,0,1.824413
12.27,0,0,0,1.728441
12.275,0,0,0,1.633923
12.28,0,0,0,1.552941
12.285,0,0,0,1.510906
12.29,0,0,0,1.45081
12.295,0,0,0,1.379922
12.3,0,0,0,1.317318
12.305,0,0,0,1.280719
12.31,0,0,0,1.233404
12.315,0,0,0,1.181612
12.32,0,0,0,1.115671
12.325,0,0,0,1.090788
12.33,0,0,0,1.089771
12.335,0,0,0,1.100352
12.34,0,0,0,1.109314
12.345,0,0,0,1.0856
12.35,0,0,0,1.099355
12.355,0,0,0,1.097045
12.36,0,0,0,1.088021
12.365,0,0,0,1.082456
12.37,0,0,0,1.074153
12.375,0,0,0,1.064985
12.38,0,0,0,1.068685
12.385,0,0,0,1.078361
12.39,0,0,0,1.074494
12.395,0,0,0,1.064273
12.4,0,0,0,1.086941
12.405,0,0,0,1.067079
12.41,0,0,0,1.079723
12.415,0,0,0,1.109837
12.42,0,0,0,1.140705
12.425,0,0,0,1.185152
12.43,0,0,0,1.236518
12.435,0,0,0,1.290724
12.44,0,0,0,1.354341
12.445,0,0,0,1.42884
12.45,0,0,0,1.514952
12.455,0,0,0,1.604987
12.46,0,0,0,1.690378
12.465,0,0,0,1.767403
12.47,0,0,0,1.855335
12.475,0,0,0,1.929717
12.48,0,0,0,2.00684
12.485,0,0,0,2.090633
12.49,0,0,0,2.191895
12.495,0,0,0,2.295237
12.5,0,0,0,2.402172
12.505,0,0,0,2.519473
12.51,0,0,0,2.642013
12.515,0,0,0,2.771297
12.52,0,0,0,2.897993
12.525,0,0,0,3.038088
12.53,0,0,0,3.198568
12.535,0,0,0,3.406644
12.54,0,0,0,3.658062
12.545,0,0,0,3.941383
12.55,0,0,0,4.074346
12.555,0,0,0,4.225606
12.56,0,0,0,4.431185
12.565,0,0,0,4.60631
12.57,0,0,0,4.75383
12.575,0,0,0,4.896167
12.58,0,0,0,5.062551
12.585,0,0,0,5.245577
12.59,0,0,0,5.461195
12.595,0,0,0,5.670198
12.6,0,0,0,5.912051
12.605,0,0,0,6.131435
12.61,0,0,0,6.395615
12.615,0,0,0,6.618032
12.62,0,0,0,6.833931
12.625,0,0,0,7.018737
12.63,0,0,0,7.230846
12.635,0,0,0,7.460588
12.64,0,0,0,7.627958
12.645,0,0,0,7.789572
12.65,0,0,0,7.997984
12.655,0,0,0,8.209408
12.66,0,0,0,8.438754
12.665,0,0,0,8.673923
12.67,0,0,0,8.891572
12.675,0,0,0,9.116371
12.68,0,0,0,9.342188
12.685,0,0,0,9.58485
12.69,0,0,0,9.813469
12.695,0,0,0,10.06374
12.7,0,0,0,10.2906
12.705,0,0,0,10.529557
12.71,0,0,0,10.796853
12.715,0,0,0,11.03705
12.72,0,0,0,11.251562
12.725,0,0,0,11.493649
12.73,0,0,0,11.77564
12.735,0,0,0,11.973253
12.74,0,0,0,12.2026
12.745,0,0,0,12.44217
12.75,0,0,0,12.730384
12.755,0,0,0,13.026293
12.76,0,0,0,13.258226
12.765,0,0,0,13.598555
12.77,0,0,0,13.909143
12.775,0,0,0,14.216851
12.78,0,0,0,14.5905
12.785,0,0,0,14.899467
12.79,0,0,0,15.25285
12.795,0,0,0,15.622976
12.8,0,0,0,16.024687
12.805,0,0,0,16.397152
12.81,0,0,0,16.71336
12.815,0,0,0,17.085529
12.82,0,0,0,17.456665
12.825,0,0,0,17.894253
12.83,0,0,0,18.250721
12.835,0,0,0,18.551004
12.84,0,0,0,18.827579
12.845,0,0,0,19.16103
12.85,0,0,0,19.483231
12.855,0,0,0,19.751308
12.86,0,0,0,20.124546
12.865,0,0,0,20.454922
12.87,0,0,0,20.736361
12.875,0,0,0,21.130539
12.88,0,0,0,21.488049
12.885,0,0,0,21.776506
12.89,0,0,0,22.185776
12.895,0,0,0,22.735535
12.9,0,0,0,23.030422
12.905,0,0,0,23.555965
12.91,0,0,0,24.072945
12.915,0,0,0,24.619801
12.92,0,0,0,25.208761
12.925,0,0,0,25.988304
12.93,0,0,0,26.560717
12.935,0,0,0,27.143591
12.94,0,0,0,27.776808
12.945,0,0,0,28.303059
12.95,0,0,0,28.870232
12.955,0,0,0,29.633673
12.96,0,0,0,30.189747
12.965,0,0,0,30.818892
12.97,0,0,0,31.335627
12.975,0,0,0,31.876137
12.98,0,0,0,32.281216
12.985,0,0,0,32.700977
12.99,0,0,0,33.061523
12.995,0,0,0,33.385971
13,0,0,0,33.650223
13.005,0,0,0,33.931049
13.01,0,0,0,34.250774
13.015,0,0,0,34.512482
13.02,0,0,0,34.878765
13.025,0,0,0,35.189426
13.03,0,0,0,35.537186
13.035,0,0,0,35.922306
13.04,0,0,0,36.357368
13.045,0,0,0,36.792168
13.05,0,0,0,37.279606
13.055,0,0,0,37.766174
13.06,0,0,0,38.280579
13.065,0,0,0,38.828648
13.07,0,0,0,39.320686
13.075,0,0,0,39.890026
13.08,0,0,0,40.538067
13.085,0,0,0,41.137058
13.09,0,0,0,41.692249
13.095,0,0,0,42.132629
13.1,0,0,0,42.577293
13.105,0,0,0,42.966194
13.11,0,0,0,43.395782
13.115,0,0,0,43.805508
13.12,0,0,0,44.175827
13.125,0,0,0,44.576321
13.13,0,0,0,45.039253
13.135,0,0,0,45.489586
13.14,0,0,0,45.980331
13.145,0,0,0,46.425198
13.15,0,0,0,46.934402
13.155,0,0,0,47.466759
13.16,0,0,0,48.206543
13.165,0,0,0,48.83065
13.17,0,0,0,49.486794
13.175,0,0,0,50.190739
13.18,0,0,0,50.81654
13.185,0,0,0,51.460827
13.19,0,0,0,52.082062
13.195,0,0,0,52.606979
13.2,0,0,0,53.16983
13.205,0,0,0,53.776302
13.21,0,0,0,54.324848
13.215,0,0,0,54.779514
13.22,0,0,0,55.261017
13.225,0,0,0,55.716797
13.23,0,0,0,56.181377
13.235,0,0,0,56.591991
13.24,0,0,0,57.010624
13.245,0,0,0,57.494179
13.25,0,0,0,57.867523
13.255,0,0,0,58.3172
13.26,0,0,0,58.825047
13.265,0,0,0,59.255638
13.27,0,0,0,59.685204
13.275,0,0,0,60.152218
13.28,0,0,0,60.622097
13.285,0,0,0,61.099312
13.29,0,0,0,61.544495
13.295,0,0,0,61.905148
13.3,0,0,0,62.22356
13.305,0,0,0,62.472984
13.31,0,0,0,62.696396
13.315,0,0,0,62.908066
13.32,0,0,0,63.07531
13.325,0,0,0,63.247631
13.33,0,0,0,63.421257
13.335,0,0,0,63.611156
13.34,0,0,0,63.850105
13.345,0,0,0,64.017998
13.35,0,0,0,64.188713
13.355,0,0,0,64.36618
13.36,0,0,0,64.55545
13.365,0,0,0,64.68605
13.37,0,0,0,64.826569
13.375,0,0,0,64.94825
13.38,0,0,0,65.054115
13.385,0,0,0,65.148636
13.39,0,0,0,65.290443
13.395,0,0,0,65.456467
13.4,0,0,0,65.655128
13.405,0,0,0,65.864227
13.41,0,0,0,66.034874
13.415,0,0,0,66.201584
13.42,0,0,0,66.397362
13.425,0,0,0,66.546669
13.43,0,0,0,66.670616
13.435,0,0,0,66.761131
13.44,0,0,0,66.818123
13.445,0,0,0,66.878769
13.45,0,0,0,66.968811
13.455,0,0,0,67.063217
13.46,0,0,0,67.105431
13.465,0,0,0,67.129738
13.47,0,0,0,67.161476
13.475,0,0,0,67.178665
13.48,0,0,0,67.25309
13.485,0,0,0,67.292801
13.49,0,0,0,67.351982
13.495,0,0,0,67.427841
13.5,0,0,0,67.469971
13.505,0,0,0,67.506134
13.51,0,0,0,67.572098
13.515,0,0,0,67.619331
13.52,0,0,0,67.639481
13.525,0,0,0,67.650749
13.53,0,0,0,67.649345
13.535,0,0,0,67.672447
13.54,0,0,0,67.735336
13.545,0,0,0,67.763977
13.55,0,0,0,67.75531
13.555,0,0,0,67.759995
13.56,0,0,0,67.737587
13.565,0,0,0,67.723198
13.57,0,0,0,67.710503
13.575,0,0,0,67.700562
13.58,0,0,0,67.666534
13.585,0,0,0,67.630219
13.59,0,0,0,67.592331
13.595,0,0,0,67.57502
13.6,0,0,0,67.554756
13.605,0,0,0,67.538467
13.61,0,0,0,67.521431
13.615,0,0,0,67.509392
13.62,0,0,0,67.519768
13.625,0,0,0,67.544853
13.63,0,0,0,67.562775
13.635,0,0,0,67.59111
13.64,0,0,0,67.630959
13.645,0,0,0,67.665115
13.65,0,0,0,67.70443
13.655,0,0,0,67.720726
13.66,0,0,0,67.712509
13.665,0,0,0,67.714218
13.67,0,0,0,67.70224
13.675,0,0,0,67.703041
13.68,0,0,0,67.722603
13.685,0,0,0,67.73513
13.69,0,0,0,67.762115
13.695,0,0,0,67.79995
13.7,0,0,0,67.84832
13.705,0,0,0,67.878204
13.71,0,0,0,67.923119
13.715,0,0,0,67.946449
13.72,0,0,0,67.966301
13.725,0,0,0,67.999092
13.73,0,0,0,68.023903
13.735,0,0,0,68.061409
13.74,0,0,0,68.104012
13.745,0,0,0,68.125725
13.75,0,0,0,68.228264
13.755,0,0,0,68.193069
13.76,0,0,0,68.046257
13.765,0,0,0,67.967888
13.77,0,0,0,67.907608
13.775,0,0,0,67.850616
13.78,0,0,0,67.795448
13.785,0,0,0,67.749336
13.79,0,0,0,67.701538
13.795,0,0,0,67.650528
13.8,0,0,0,67.638031
13.805,0,0,0,67.569618
13.81,0,0,0,67.489532
13.815,0,0,0,67.36705
13.82,0,0,0,67.250237
13.825,0,0,0,67.175934
13.83,0,0,0,67.150726
13.835,0,0,0,67.148682
13.84,0,0,0,67.168663
13.845,0,0,0,67.179718
13.85,0,0,0,67.147453
13.855,0,0,0,67.174561
13.86,0,0,0,67.2118
13.865,0,0,0,67.243477
13.87,0,0,0,67.249947
13.875,0,0,0,67.246246
13.88,0,0,0,67.224457
13.885,0,0,0,67.255173
13.89,0,0,0,67.304825
13.895,0,0,0,67.292786
13.9,0,0,0,67.233505
13.905,0,0,0,67.213669
13.91,0,0,0,67.243164
13.915,0,0,0,67.318916
13.92,0,0,0,67.405739
13.925,0,0,0,67.421936
13.93,0,0,0,67.431618
13.935,0,0,0,67.411751
13.94,0,0,0,67.483307
13.945,0,0,0,67.559479
13.95,0,0,0,67.63092
13.955,0,0,0,67.724167
13.96,0,0,0,67.723183
13.965,0,0,0,67.678101
13.97,0,0,0,67.637253
13.975,0,0,0,67.574516
13.98,0,0,0,67.522667
13.985,0,0,0,67.429886
13.99,0,0,0,67.347847
13.995,0,0,0,67.322853
14,0,0,0,67.291801
14.005,0,0,0,67.223953
14.01,0,0,0,67.12236
14.015,0,0,0,66.936264
14.02,0,0,0,66.732262
14.025,0,0,0,66.518105
14.03,0,0,0,66.28994
14.035,0,0,0,66.141945
14.04,0,0,0,65.962082
14.045,0,0,0,65.813873
14.05,0,0,0,65.601662
14.055,0,0,0,65.363831
14.06,0,0,0,65.177277
14.065,0,0,0,64.96994
14.07,0,0,0,64.752472
14.075,0,0,0,64.621407
14.08,0,0,0,64.409599
14.085,0,0,0,64.18383
14.09,0,0,0,64.001892
14.095,0,0,0,63.870865
14.1,0,0,0,63.716209
14.105,0,0,0,63.505459
14.11,0,0,0,63.398399
14.115,0,0,0,63.163254
14.12,0,0,0,62.774643
14.125,0,0,0,62.401672
14.13,0,0,0,62.010567
14.135,0,0,0,61.716721
14.14,0,0,0,61.506584
14.145,0,0,0,61.302822
14.15,0,0,0,61.069164
14.155,0,0,0,60.838982
14.16,0,0,0,60.635605
14.165,0,0,0,60.375172
14.17,0,0,0,60.030048
14.175,0,0,0,59.745995
14.18,0,0,0,59.431305
14.185,0,0,0,59.127766
14.19,0,0,0,58.875145
14.195,0,0,0,58.473389
14.2,0,0,0,58.107941
14.205,0,0,0,57.757233
14.21,0,0,0,57.440788
14.215,0,0,0,57.110565
14.22,0,0,0,56.724136
14.225,0,0,0,56.340096
14.23,0,0,0,56.05479
14.235,0,0,0,55.913052
14.24,0,0,0,55.600906
14.245,0,0,0,55.33189
14.25,0,0,0,55.078423
14.255,0,0,0,54.720383
14.26,0,0,0,54.471855
14.265,0,0,0,54.25473
14.27,0,0,0,53.93417
14.275,0,0,0,53.514015
14.28,0,0,0,53.136044
14.285,0,0,0,52.743645
14.29,0,0,0,52.193298
14.295,0,0,0,51.681484
14.3,0,0,0,51.045147
14.305,0,0,0,50.427513
14.31,0,0,0,49.752655
14.315,0,0,0,49.093956
14.32,0,0,0,48.361977
14.325,0,0,0,47.64452
14.33,0,0,0,47.017025
14.335,0,0,0,46.352409
14.34,0,0,0,45.780121
14.345,0,0,0,45.262291
14.35,0,0,0,44.799965
14.355,0,0,0,44.361012
14.36,0,0,0,43.947403
14.365,0,0,0,43.510799
14.37,0,0,0,43.077229
14.375,0,0,0,42.594147
14.38,0,0,0,42.053398
14.385,0,0,0,41.408707
14.39,0,0,0,40.730049
14.395,0,0,0,40.022503
14.4,0,0,0,39.338112
14.405,0,0,0,38.683029
14.41,0,0,0,37.984604
14.415,0,0,0,37.359238
14.42,0,0,0,36.798306
14.425,0,0,0,36.152645
14.43,0,0,0,35.626823
14.435,0,0,0,35.071262
14.44,0,0,0,34.491699
14.445,0,0,0,33.839981
14.45,0,0,0,33.481865
14.455,0,0,0,32.944508
14.46,0,0,0,32.394054
14.465,0,0,0,31.901367
14.47,0,0,0,31.253178
14.475,0,0,0,30.734331
14.48,0,0,0,30.241642
14.485,0,0,0,29.507902
14.49,0,0,0,28.841751
14.495,0,0,0,28.196808
14.5,0,0,0,27.519409
14.505,0,0,0,26.786087
14.51,0,0,0,26.018574
14.515,0,0,0,25.203285
14.52,0,0,0,24.447262
14.525,0,0,0,23.720516
14.53,0,0,0,23.054922
14.535,0,0,0,22.330015
14.54,0,0,0,21.695501
14.545,0,0,0,21.041744
14.55,0,0,0,20.280083
14.555,0,0,0,19.544544
14.56,0,0,0,18.804958
14.565,0,0,0,18.059261
14.57,0,0,0,17.299244
14.575,0,0,0,16.509405
14.58,0,0,0,15.687828
14.585,0,0,0,14.958256
14.59,0,0,0,14.157768
14.595,0,0,0,13.493622
14.6,0,0,0,12.862913
14.605,0,0,0,12.216837
14.61,0,0,0,11.504314
14.615,0,0,0,10.833527
14.62,0,0,0,10.197182
14.625,0,0,0,9.53139
14.63,0,0,0,8.787285
14.635,0,0,0,8.114305
14.64,0,0,0,7.482369
14.645,0,0,0,6.806573
14.65,0,0,0,6.214882
14.655,0,0,0,5.548202
14.66,0,0,0,4.917436
14.665,0,0,0,4.254447
14.67,0,0,0,3.575906
14.675,0,0,0,2.964816
14.68,0,0,0,2.395079
14.685,0,0,0,1.830891
14.69,0,0,0,1.331147
14.695,0,0,0,0.892155
14.7,0,0,0,0.470361
14.705,0,0,0,0.091511
14.71,0,0,0,0.258004
14.715,0,0,0,0.550606
14.72,0,0,0,0.874239
14.725,0,0,0,1.112354
14.73,0,0,0,1.323406
14.735,0,0,0,1.49035
14.74,0,0,0,1.753149
14.745,0,0,0,1.808296
14.75,0,0,0,1.939243
14.755,0,0,0,2.025924
14.76,0,0,0,2.069987
14.765,0,0,0,2.092048
14.77,0,0,0,2.097156
14.775,0,0,0,2.128089
14.78,0,0,0,2.126629
14.785,0,0,0,2.104514
14.79,0,0,0,2.072664
14.795,0,0,0,2.023715
14.8,0,0,0,1.939239
14.805,0,0,0,1.882976
14.81,0,0,0,1.902824
14.815,0,0,0,1.975491
14.82,0,0,0,1.987029
14.825,0,0,0,1.867604
14.83,0,0,0,1.616462
14.835,0,0,0,1.245636
14.84,0,0,0,0.828961
14.845,0,0,0,0.467984
14.85,0,0,0,0.219558
14.855,0,0,0,0.056058
14.86,0,0,0,0.093822
14.865,0,0,0,0.122039
14.87,0,0,0,0.138705
14.875,0,0,0,0.225728
14.88,0,0,0,0.252086
14.885,0,0,0,0.287754
14.89,0,0,0,0.298986
14.895,0,0,0,0.311065
14.9,0,0,0,0.318942
14.905,0,0,0,0.355514
14.91,0,0,0,0.420416
14.915,0,0,0,0.494093
14.92,0,0,0,0.549168
14.925,0,0,0,0.582624
14.93,0,0,0,0.579633
14.935,0,0,0,0.557901
14.94,0,0,0,0.53216
14.945,0,0,0,0.472464
14.95,0,0,0,0.416625
14.955,0,0,0,0.366979
14.96,0,0,0,0.329747
14.965,0,0,0,0.318721
14.97,0,0,0,0.315381
14.975,0,0,0,0.320783
14.98,0,0,0,0.335413
14.985,0,0,0,0.368035
14.99,0,0,0,0.391652
14.995,0,0,0,0.416715
15,0,0,0,0.42825
15.005,0,0,0,0.442913
15.01,0,0,0,0.476892
15.015,0,0,0,0.506834
15.02,0,0,0,0.537508
15.025,0,0,0,0.56033
15.03,0,0,0,0.583273
15.035,0,0,0,0.598825
15.04,0,0,0,0.606369
15.045,0,0,0,0.616325
15.05,0,0,0,0.622445
15.055,0,0,0,0.646185
15.06,0,0,0,0.666419
15.065,0,0,0,0.696063
15.07,0,0,0,0.730331
15.075,0,0,0,0.763551
15.08,0,0,0,0.782716
15.085,0,0,0,0.817283
15.09,0,0,0,0.842418
15.095,0,0,0,0.867999
15.1,0,0,0,0.882346
15.105,0,0,0,0.897619
15.11,0,0,0,0.923713
15.115,0,0,0,0.957587
15.12,0,0,0,0.995563
15.125,0,0,0,1.049269
15.13,0,0,0,1.11263
15.135,0,0,0,1.184985
15.14,0,0,0,1.25901
15.145,0,0,0,1.346864
15.15,0,0,0,1.42144
15.155,0,0,0,1.501366
15.16,0,0,0,1.586921
15.165,0,0,0,1.67164
15.17,0,0,0,1.760796
15.175,0,0,0,1.840915
15.18,0,0,0,1.930944
15.185,0,0,0,2.007605
15.19,0,0,0,2.083685
15.195,0,0,0,2.160054
15.2,0,0,0,2.228369
15.205,0,0,0,2.303665
15.21,0,0,0,2.384277
15.215,0,0,0,2.468244
15.22,0,0,0,2.563128
15.225,0,0,0,2.658412
15.23,0,0,0,2.759992
15.235,0,0,0,2.877081
15.24,0,0,0,2.991758
15.245,0,0,0,3.10549
15.25,0,0,0,3.241539
15.255,0,0,0,3.38425
15.26,0,0,0,3.572692
15.265,0,0,0,3.720773
15.27,0,0,0,3.910319
15.275,0,0,0,4.083806
15.28,0,0,0,4.270465
15.285,0,0,0,4.487876
15.29,0,0,0,4.719955
15.295,0,0,0,4.946133
15.3,0,0,0,5.122104
15.305,0,0,0,5.367262
15.31,0,0,0,5.578405
15.315,0,0,0,5.835006
15.32,0,0,0,6.088576
15.325,0,0,0,6.29983
15.33,0,0,0,6.554597
15.335,0,0,0,6.752769
15.34,0,0,0,6.975805
15.345,0,0,0,7.167201
15.35,0,0,0,7.394681
15.355,0,0,0,7.584981
15.36,0,0,0,7.808841
15.365,0,0,0,8.032469
15.37,0,0,0,8.243734
15.375,0,0,0,8.433992
15.38,0,0,0,8.661777
15.385,0,0,0,8.866842
15.39,0,0,0,9.054794
15.395,0,0,0,9.268839
15.4,0,0,0,9.442451
15.405,0,0,0,9.597125
15.41,0,0,0,9.719265
15.415,0,0,0,9.90069
15.42,0,0,0,10.080816
15.425,0,0,0,10.270468
15.43,0,0,0,10.415646
15.435,0,0,0,10.582571
15.44,0,0,0,10.748323
15.445,0,0,0,10.878955
15.45,0,0,0,11.026993
15.455,0,0,0,11.205694
15.46,0,0,0,11.338612
15.465,0,0,0,11.472965
15.47,0,0,0,11.64212
15.475,0,0,0,11.788536
15.48,0,0,0,12.066193
15.485,0,0,0,12.290594
15.49,0,0,0,12.520299
15.495,0,0,0,12.759965
15.5,0,0,0,13.021384
15.505,0,0,0,13.245333
15.51,0,0,0,13.504976
15.515,0,0,0,13.743347
15.52,0,0,0,13.987534
15.525,0,0,0,14.250528
15.53,0,0,0,14.452142
15.535,0,0,0,14.624263
15.54,0,0,0,14.751305
15.545,0,0,0,14.933874
15.55,0,0,0,15.321003
15.555,0,0,0,15.70351
15.56,0,0,0,16.075287
15.565,0,0,0,16.524958
15.57,0,0,0,16.825981
15.575,0,0,0,17.30028
15.58,0,0,0,17.840614
15.585,0,0,0,18.183849
15.59,0,0,0,18.769621
15.595,0,0,0,19.374994
15.6,0,0,0,19.839293
15.605,0,0,0,20.550116
15.61,0,0,0,21.274496
15.615,0,0,0,22.182043
15.62,0,0,0,23.136854
15.625,0,0,0,23.93524
15.63,0,0,0,24.851526
15.635,0,0,0,25.629879
15.64,0,0,0,26.68092
15.645,0,0,0,27.776852
15.65,0,0,0,28.774529
15.655,0,0,0,29.88459
15.66,0,0,0,30.895233
15.665,0,0,0,31.762302
15.67,0,0,0,32.479397
15.675,0,0,0,33.249596
15.68,0,0,0,34.044514
15.685,0,0,0,34.672249
15.69,0,0,0,35.408165
15.695,0,0,0,36.207367
15.7,0,0,0,37.053368
15.705,0,0,0,37.657661
15.71,0,0,0,38.382141
15.715,0,0,0,38.998558
15.72,0,0,0,39.623608
15.725,0,0,0,40.228985
15.73,0,0,0,40.930443
15.735,0,0,0,41.315929
15.74,0,0,0,42.004223
15.745,0,0,0,42.724609
15.75,0,0,0,43.371544
15.755,0,0,0,44.172642
15.76,0,0,0,44.884544
15.765,0,0,0,45.513885
15.77,0,0,0,46.208366
15.775,0,0,0,46.937706
15.78,0,0,0,47.602497
15.785,0,0,0,48.10083
15.79,0,0,0,48.535511
15.795,0,0,0,48.975487
15.8,0,0,0,49.415745
15.805,0,0,0,49.8876
15.81,0,0,0,50.280674
15.815,0,0,0,50.703625
15.82,0,0,0,51.031311
15.825,0,0,0,51.391754
15.83,0,0,0,51.640747
15.835,0,0,0,51.952644
15.84,0,0,0,52.340019
15.845,0,0,0,52.744762
15.85,0,0,0,52.980106
15.855,0,0,0,53.413418
15.86,0,0,0,54.051697
15.865,0,0,0,54.515446
15.87,0,0,0,55.039181
15.875,0,0,0,55.613335
15.88,0,0,0,56.184456
15.885,0,0,0,56.736233
15.89,0,0,0,57.250156
15.895,0,0,0,57.808029
15.9,0,0,0,58.377117
15.905,0,0,0,58.977066
15.91,0,0,0,59.510277
15.915,0,0,0,59.935982
15.92,0,0,0,60.464352
15.925,0,0,0,60.932686
15.93,0,0,0,61.356865
15.935,0,0,0,61.878838
15.94,0,0,0,62.306087
15.945,0,0,0,62.738316
15.95,0,0,0,63.149914
15.955,0,0,0,63.527222
15.96,0,0,0,63.929199
15.965,0,0,0,64.339928
15.97,0,0,0,64.767334
15.975,0,0,0,65.205193
15.98,0,0,0,65.650536
15.985,0,0,0,66.099037
15.99,0,0,0,66.527679
15.995,0,0,0,66.886642
16,0,0,0,67.236023
16.005,0,0,0,67.559853
16.01,0,0,0,67.90892
16.015,0,0,0,68.217728
16.02,0,0,0,68.46579
16.025,0,0,0,68.683716
16.03,0,0,0,68.795502
16.035,0,0,0,68.834976
16.04,0,0,0,68.906616
16.045,0,0,0,68.933075
16.05,0,0,0,68.969643
16.055,0,0,0,69.064011
16.06,0,0,0,69.1931
16.065,0,0,0,69.28846
16.07,0,0,0,69.354668
16.075,0,0,0,69.419922
16.08,0,0,0,69.478416
16.085,0,0,0,69.538773
16.09,0,0,0,69.538857
16.095,0,0,0,69.556061
16.1,0,0,0,69.597153
16.105,0,0,0,69.633263
16.11,0,0,0,69.699432
16.115,0,0,0,69.745285
16.12,0,0,0,69.811775
16.125,0,0,0,69.85463
16.13,0,0,0,69.880737
16.135,0,0,0,69.888199
16.14,0,0,0,69.92469
16.145,0,0,0,69.984047
16.15,0,0,0,70.024399
16.155,0,0,0,70.065704
16.16,0,0,0,70.110947
16.165,0,0,0,70.138657
16.17,0,0,0,70.163857
16.175,0,0,0,70.186691
16.18,0,0,0,70.229477
16.185,0,0,0,70.276863
16.19,0,0,0,70.311234
16.195,0,0,0,70.377037
16.2,0,0,0,70.40126
16.205,0,0,0,70.360878
16.21,0,0,0,70.304939
16.215,0,0,0,70.237701
16.22,0,0,0,70.182281
16.225,0,0,0,70.133995
16.23,0,0,0,70.085129
16.235,0,0,0,70.037743
16.24,0,0,0,69.990692
16.245,0,0,0,69.966125
16.25,0,0,0,69.944557
16.255,0,0,0,69.923149
16.26,0,0,0,69.92408
16.265,0,0,0,69.935669
16.27,0,0,0,69.943398
16.275,0,0,0,69.971573
16.28,0,0,0,69.975853
16.285,0,0,0,70.002884
16.29,0,0,0,70.036537
16.295,0,0,0,70.06765
16.3,0,0,0,70.108566
16.305,0,0,0,70.126083
16.31,0,0,0,70.135826
16.315,0,0,0,70.150917
16.32,0,0,0,70.161171
16.325,0,0,0,70.156776
16.33,0,0,0,70.142891
16.335,0,0,0,70.133606
16.34,0,0,0,70.11879
16.345,0,0,0,70.11293
16.35,0,0,0,70.112648
16.355,0,0,0,70.132507
16.36,0,0,0,70.165352
16.365,0,0,0,70.193466
16.37,0,0,0,70.246216
16.375,0,0,0,70.278358
16.38,0,0,0,70.310555
16.385,0,0,0,70.370483
16.39,0,0,0,70.462578
16.395,0,0,0,70.570312
16.4,0,0,0,70.692177
16.405,0,0,0,70.794228
16.41,0,0,0,70.89225
16.415,0,0,0,71.018959
16.42,0,0,0,71.15136
16.425,0,0,0,71.234886
16.43,0,0,0,71.257515
16.435,0,0,0,71.236191
16.44,0,0,0,71.250732
16.445,0,0,0,71.241913
16.45,0,0,0,71.26712
16.455,0,0,0,71.288826
16.46,0,0,0,71.285194
16.465,0,0,0,71.272507
16.47,0,0,0,71.260391
16.475,0,0,0,71.288338
16.48,0,0,0,71.315308
16.485,0,0,0,71.341934
16.49,0,0,0,71.339157
16.495,0,0,0,71.330276
16.5,0,0,0,71.365013
16.505,0,0,0,71.411774
16.51,0,0,0,71.466003
16.515,0,0,0,71.495979
16.52,0,0,0,71.502823
16.525,0,0,0,71.468277
16.53,0,0,0,71.39727
16.535,0,0,0,71.348969
16.54,0,0,0,71.255188
16.545,0,0,0,71.125229
16.55,0,0,0,70.993164
16.555,0,0,0,70.836266
16.56,0,0,0,70.714188
16.565,0,0,0,70.569679
16.57,0,0,0,70.44339
16.575,0,0,0,70.37088
16.58,0,0,0,70.316513
16.585,0,0,0,70.238579
16.59,0,0,0,70.244514
16.595,0,0,0,70.253563
16.6,0,0,0,70.330635
16.605,0,0,0,70.481781
16.61,0,0,0,70.724998
16.615,0,0,0,70.964096
16.62,0,0,0,71.199257
16.625,0,0,0,71.333557
16.63,0,0,0,71.410583
16.635,0,0,0,71.516998
16.64,0,0,0,71.488716
16.645,0,0,0,71.445236
16.65,0,0,0,71.353508
16.655,0,0,0,71.273582
16.66,0,0,0,71.125763
16.665,0,0,0,70.766876
16.67,0,0,0,70.370255
16.675,0,0,0,70.154228
16.68,0,0,0,69.90596
16.685,0,0,0,69.630127
16.69,0,0,0,69.384384
16.695,0,0,0,69.180298
16.7,0,0,0,69.027763
16.705,0,0,0,68.993126
16.71,0,0,0,68.952019
16.715,0,0,0,68.926392
16.72,0,0,0,68.885712
16.725,0,0,0,68.791954
16.73,0,0,0,68.67968
16.735,0,0,0,68.500999
16.74,0,0,0,68.313744
16.745,0,0,0,68.041847
16.75,0,0,0,67.661743
16.755,0,0,0,67.208054
16.76,0,0,0,66.52063
16.765,0,0,0,65.782852
16.77,0,0,0,65.06076
16.775,0,0,0,64.379997
16.78,0,0,0,63.844776
16.785,0,0,0,63.382107
16.79,0,0,0,62.981178
16.795,0,0,0,62.624008
16.8,0,0,0,62.326656
16.805,0,0,0,62.040459
16.81,0,0,0,61.735199
16.815,0,0,0,61.438446
16.82,0,0,0,61.176178
16.825,0,0,0,60.864433
16.83,0,0,0,60.462128
16.835,0,0,0,60.013893
16.84,0,0,0,59.507736
16.845,0,0,0,58.890141
16.85,0,0,0,58.208183
16.855,0,0,0,57.573498
16.86,0,0,0,56.851135
16.865,0,0,0,56.200993
16.87,0,0,0,55.472095
16.875,0,0,0,54.830559
16.88,0,0,0,54.286198
16.885,0,0,0,53.837162
16.89,0,0,0,53.344887
16.895,0,0,0,52.904705
16.9,0,0,0,52.373539
16.905,0,0,0,51.922287
16.91,0,0,0,51.39719
16.915,0,0,0,50.951111
16.92,0,0,0,50.345825
16.925,0,0,0,49.751022
16.93,0,0,0,49.206131
16.935,0,0,0,48.705395
16.94,0,0,0,48.123299
16.945,0,0,0,47.525703
16.95,0,0,0,46.933029
16.955,0,0,0,46.217289
16.96,0,0,0,45.498791
16.965,0,0,0,44.699337
16.97,0,0,0,43.953339
16.975,0,0,0,43.115318
16.98,0,0,0,42.17244
16.985,0,0,0,41.198273
16.99,0,0,0,40.186943
16.995,0,0,0,39.099606
17,0,0,0,38.121128
17.005,0,0,0,37.382645
17.01,0,0,0,36.354973
17.015,0,0,0,35.6063
17.02,0,0,0,34.787605
17.025,0,0,0,33.869743
17.03,0,0,0,32.710938
17.035,0,0,0,31.602665
17.04,0,0,0,30.580664
17.045,0,0,0,29.338177
17.05,0,0,0,27.93586
17.055,0,0,0,26.637014
17.06,0,0,0,25.501938
17.065,0,0,0,23.915745
17.07,0,0,0,22.386377
17.075,0,0,0,21.165333
17.08,0,0,0,19.652637
17.085,0,0,0,18.520176
17.09,0,0,0,17.427877
17.095,0,0,0,16.403425
17.1,0,0,0,15.541761
17.105,0,0,0,14.655216
17.11,0,0,0,13.707087
17.115,0,0,0,12.813574
17.12,0,0,0,11.962282
17.125,0,0,0,11.07705
17.13,0,0,0,9.951891
17.135,0,0,0,8.88769
17.14,0,0,0,7.804725
17.145,0,0,0,6.777996
17.15,0,0,0,5.876466
17.155,0,0,0,4.738351
17.16,0,0,0,3.946482
17.165,0,0,0,3.171247
17.17,0,0,0,2.346529
17.175,0,0,0,1.59052
17.18,0,0,0,0.880309
17.185,0,0,0,0.200768
17.19,0,0,0,0.435198
17.195,0,0,0,1.001683
17.2,0,0,0,1.513288
17.205,0,0,0,1.945465
17.21,0,0,0,2.361479
17.215,0,0,0,2.747968
17.22,0,0,0,3.197227
17.225,0,0,0,3.641369
17.23,0,0,0,3.878968
17.235,0,0,0,3.92451
17.24,0,0,0,3.848051
17.245,0,0,0,3.650787
17.25,0,0,0,3.288495
17.255,0,0,0,2.701854
17.26,0,0,0,1.996895
17.265,0,0,0,1.283428
17.27,0,0,0,0.675935
17.275,0,0,0,0.263111
17.28,0,0,0,0.021514
17.285,0,0,0,0.175413
17.29,0,0,0,0.236883
17.295,0,0,0,0.326238
17.3,0,0,0,0.537923
17.305,0,0,0,0.745354
17.31,0,0,0,0.942085
17.315,0,0,0,1.162976
17.32,0,0,0,1.351823
17.325,0,0,0,1.515582
17.33,0,0,0,1.765274
17.335,0,0,0,2.030098
17.34,0,0,0,2.19925
17.345,0,0,0,2.370327
17.35,0,0,0,2.459083
17.355,0,0,0,2.540333
17.36,0,0,0,2.615228
17.365,0,0,0,2.660389
17.37,0,0,0,2.637257
17.375,0,0,0,2.633854
17.38,0,0,0,2.633961
17.385,0,0,0,2.595249
17.39,0,0,0,2.565305
17.395,0,0,0,2.473673
17.4,0,0,0,2.398851
17.405,0,0,0,2.353624
17.41,0,0,0,2.330891
17.415,0,0,0,2.337377
17.42,0,0,0,2.39949
17.425,0,0,0,2.452537
17.43,0,0,0,2.54499
17.435,0,0,0,2.649757
17.44,0,0,0,2.677132
17.445,0,0,0,2.673387
17.45,0,0,0,2.664381
17.455,0,0,0,2.658943
17.46,0,0,0,2.709142
17.465,0,0,0,2.594225
17.47,0,0,0,2.619439
17.475,0,0,0,2.710628
17.48,0,0,0,2.723052
17.485,0,0,0,2.728406
17.49,0,0,0,2.7298
17.495,0,0,0,2.72995
17.5,0,0,0,2.732248
17.505,0,0,0,2.782148
17.51,0,0,0,2.88816
17.515,0,0,0,2.988315
17.52,0,0,0,3.087803
17.525,0,0,0,3.177932
17.53,0,0,0,3.278828
17.535,0,0,0,3.393399
17.54,0,0,0,3.465919
17.545,0,0,0,3.566378
17.55,0,0,0,3.601485
17.555,0,0,0,3.663981
17.56,0,0,0,3.742836
17.565,0,0,0,3.8337
17.57,0,0,0,3.894272
17.575,0,0,0,3.945771
17.58,0,0,0,4.01198
17.585,0,0,0,4.073736
17.59,0,0,0,4.125132
17.595,0,0,0,4.16231
17.6,0,0,0,4.198745
17.605,0,0,0,4.247354
17.61,0,0,0,4.312149
17.615,0,0,0,4.366522
17.62,0,0,0,4.416601
17.625,0,0,0,4.446081
17.63,0,0,0,4.453869
17.635,0,0,0,4.438669
17.64,0,0,0,4.412785
17.645,0,0,0,4.397134
17.65,0,0,0,4.388001
17.655,0,0,0,4.381391
17.66,0,0,0,4.334814
17.665,0,0,0,4.335638
17.67,0,0,0,4.336482
17.675,0,0,0,4.37164
17.68,0,0,0,4.39619
17.685,0,0,0,4.420873
17.69,0,0,0,4.442357
17.695,0,0,0,4.461342
17.7,0,0,0,4.463264
17.705,0,0,0,4.47704
