0,0,0,0,0
0.005,0,0,0,-181.303
0.01,0,0,0,-4.00309
0.015,0,0,0,-81.9662
0.02,0,0,0,-31.7447
0.025,0,0,0,227.088
0.03,0,0,0,-65.9804
0.035,0,0,0,-15.7387
0.04,0,0,0,26.2644
0.045,0,0,0,32.1036
0.05,0,0,0,-0.766549
0.055,0,0,0,-46.9675
0.06,0,0,0,-25.6326
0.065,0,0,0,-39.8759
0.07,0,0,0,20.1013
0.075,0,0,0,11.3265
0.08,0,0,0,-23.1801
0.085,0,0,0,-33.726
0.09,0,0,0,57.82
0.095,0,0,0,-153.931
0.1,0,0,0,39.982
0.105,0,0,0,54.9039
0.11,0,0,0,14.1469
0.115,0,0,0,19.6007
0.12,0,0,0,-0.284838
0.125,0,0,0,-19.7076
0.13,0,0,0,-36.3468
0.135,0,0,0,62.4402
0.14,0,0,0,90.7501
0.145,0,0,0,16.9751
0.15,0,0,0,-15.0643
0.155,0,0,0,-24.1149
0.16,0,0,0,-19.7313
0.165,0,0,0,15.2074
0.17,0,0,0,9.39615
0.175,0,0,0,26.1513
0.18,0,0,0,-40.9133
0.185,0,0,0,-28.7958
0.19,0,0,0,-7.773
0.195,0,0,0,-24.2154
0.2,0,0,0,12.9406
0.205,0,0,0,24.3096
0.21,0,0,0,9.01567
0.215,0,0,0,27.9476
0.22,0,0,0,1.65108
0.225,0,0,0,4.75986
0.23,0,0,0,11.5652
0.235,0,0,0,6.74954
0.24,0,0,0,-2.96357
0.245,0,0,0,4.58254
0.25,0,0,0,2.36178
0.255,0,0,0,-8.31265
0.26,0,0,0,9.92394
0.265,0,0,0,-5.27508
0.27,0,0,0,5.37422
0.275,0,0,0,-0.0467748
0.28,0,0,0,-0.866381
0.285,0,0,0,31.95
0.29,0,0,0,155.961
0.295,0,0,0,-4.47153
0.3,0,0,0,-3.05851
0.305,0,0,0,-15.4867
0.31,0,0,0,7.02879
0.315,0,0,0,-1.39068
0.32,0,0,0,-0.664621
0.325,0,0,0,3.09482
0.33,0,0,0,4.0359
0.335,0,0,0,-7.10768
0.34,0,0,0,-0.518014
0.345,0,0,0,4.50714
0.35,0,0,0,-3.84671
0.355,0,0,0,-1.27828
0.36,0,0,0,-10.5879
0.365,0,0,0,9.96653
0.37,0,0,0,-5.03981
0.375,0,0,0,-13.5424
0.38,0,0,0,8.90467
0.385,0,0,0,13.2652
0.39,0,0,0,-8.73223
0.395,0,0,0,-8.73084
0.4,0,0,0,3.9612
0.405,0,0,0,-22.0833
0.41,0,0,0,-5.69117
0.415,0,0,0,11.6839
0.42,0,0,0,-35.1293
0.425,0,0,0,-35.3401
0.43,0,0,0,35.8253
0.435,0,0,0,53.8162
0.44,0,0,0,3.37198
0.445,0,0,0,-8.83276
0.45,0,0,0,-16.4731
0.455,0,0,0,-12.1475
0.46,0,0,0,1.32994
0.465,0,0,0,43.6786
0.47,0,0,0,9.33472
0.475,0,0,0,-15.8259
0.48,0,0,0,10.1857
0.485,0,0,0,18.0202
0.49,0,0,0,28.5264
0.495,0,0,0,-4.62652
0.5,0,0,0,-16.9283
0.505,0,0,0,-15.9949
0.51,0,0,0,-22.9329
0.515,0,0,0,7.40997
0.52,0,0,0,17.7039
0.525,0,0,0,-9.94349
0.53,0,0,0,-52.4681
0.535,0,0,0,3.76014
0.54,0,0,0,-6.89475
0.545,0,0,0,7.12374
0.55,0,0,0,-12.2299
0.555,0,0,0,19.5889
0.56,0,0,0,-7.54052
0.565,0,0,0,2.914
0.57,0,0,0,6.43957
0.575,0,0,0,-4.90438
0.58,0,0,0,21.8278
0.585,0,0,0,5.32814
0.59,0,0,0,-28.645
0.595,0,0,0,-15.6982
0.6,0,0,0,9.97142
0.605,0,0,0,8.27984
0.61,0,0,0,10.7729
0.615,0,0,0,-37.5958
0.62,0,0,0,-3.74617
0.625,0,0,0,-5.02027
0.63,0,0,0,2.26893
0.635,0,0,0,6.18335
0.64,0,0,0,10.1843
0.645,0,0,0,8.24214
0.65,0,0,0,-10.2709
0.655,0,0,0,28.4524
0.66,0,0,0,0.626922
0.665,0,0,0,-0.198968
0.67,0,0,0,3.55628
0.675,0,0,0,-7.79115
0.68,0,0,0,-6.82284
0.685,0,0,0,17.3179
0.69,0,0,0,-18.4328
0.695,0,0,0,-26.2456
0.7,0,0,0,-22.8275
0.705,0,0,0,9.94
0.71,0,0,0,-1.00601
0.715,0,0,0,-0.298102
0.72,0,0,0,-0.701622
0.725,0,0,0,8.83695
0.73,0,0,0,19.0045
0.735,0,0,0,6.52264
0.74,0,0,0,-14.8695
0.745,0,0,0,-14.5763
0.75,0,0,0,15.9174
0.755,0,0,0,9.89462
0.76,0,0,0,25.9565
0.765,0,0,0,0.656942
0.77,0,0,0,-29.9059
0.775,0,0,0,-26.3845
0.78,0,0,0,15.606
0.785,0,0,0,14.667
0.79,0,0,0,-6.65738
0.795,0,0,0,-8.27775
0.8,0,0,0,8.43134
0.805,0,0,0,6.82354
0.81,0,0,0,-16.0228
0.815,0,0,0,-9.59233
0.82,0,0,0,2.79462
0.825,0,0,0,7.87353
0.83,0,0,0,-9.66843
0.835,0,0,0,5.58226
0.84,0,0,0,6.5778
0.845,0,0,0,3.09412
0.85,0,0,0,48.6919
0.855,0,0,0,2.70735
0.86,0,0,0,1.06116
0.865,0,0,0,2.13489
0.87,0,0,0,14.3564
0.875,0,0,0,-5.32046
0.88,0,0,0,2.93634
0.885,0,0,0,15.2416
0.89,0,0,0,-27.5706
0.895,0,0,0,39.2971
0.9,0,0,0,-52.7711
0.905,0,0,0,15.3205
0.91,0,0,0,34.0695
0.915,0,0,0,22.2411
0.92,0,0,0,-27.1329
0.925,0,0,0,-3.56955
0.93,0,0,0,66.4433
0.935,0,0,0,-34.8375
0.94,0,0,0,-11.2148
0.945,0,0,0,-29.0018
0.95,0,0,0,13.3315
0.955,0,0,0,-15.1913
0.96,0,0,0,51.9696
0.965,0,0,0,-25.5083
0.97,0,0,0,28.3441
0.975,0,0,0,4.29142
0.98,0,0,0,-46.3999
0.985,0,0,0,26.6987
0.99,0,0,0,8.53536
0.995,0,0,0,-7.68643
1,0,0,0,20.2312
1.005,0,0,0,-62.2049
1.01,0,0,0,67.8633
1.015,0,0,0,23.9501
1.02,0,0,0,17.9594
1.025,0,0,0,87.6155
1.03,0,0,0,-94.7902
1.035,0,0,0,24.2754
1.04,0,0,0,-15.9251
1.045,0,0,0,-5.87338
1.05,0,0,0,13.0523
1.055,0,0,0,16.0857
1.06,0,0,0,-16.9918
1.065,0,0,0,23.5082
1.07,0,0,0,-26.7922
1.075,0,0,0,-2.77717
1.08,0,0,0,1.59034
1.085,0,0,0,16.2295
1.09,0,0,0,-45.4847
1.095,0,0,0,-40.16
1.1,0,0,0,-20.2549
1.105,0,0,0,56.8949
1.11,0,0,0,-47.2105
1.115,0,0,0,-27.4024
1.12,0,0,0,20.1188
1.125,0,0,0,72.4926
1.13,0,0,0,29.4081
1.135,0,0,0,36.388
1.14,0,0,0,6.8375
1.145,0,0,0,-43.0817
1.15,0,0,0,-40.1886
1.155,0,0,0,142.475
1.16,0,0,0,53.8595
1.165,0,0,0,62.8193
1.17,0,0,0,-89.8733
1.175,0,0,0,-31.9346
1.18,0,0,0,-97.5492
1.185,0,0,0,-13.8111
1.19,0,0,0,71.5061
1.195,0,0,0,-79.9724
1.2,0,0,0,27.6914
1.205,0,0,0,-96.5509
1.21,0,0,0,-12.3506
1.215,0,0,0,-26.5737
1.22,0,0,0,50.4693
1.225,0,0,0,-14.7578
1.23,0,0,0,76.9704
1.235,0,0,0,-35.9761
1.24,0,0,0,91.4497
1.245,0,0,0,119.246
1.25,0,0,0,-115.385
1.255,0,0,0,31.3789
1.26,0,0,0,-6.31111
1.265,0,0,0,128.337
1.27,0,0,0,-107.585
1.275,0,0,0,250.946
1.28,0,0,0,9.05337
1.285,0,0,0,-135.28
1.29,0,0,0,-214.967
1.295,0,0,0,-111.288
1.3,0,0,0,-2.25078
1.305,0,0,0,-12.7025
1.31,0,0,0,-60.7612
1.315,0,0,0,29.6008
1.32,0,0,0,-26.8941
1.325,0,0,0,0.41469
1.33,0,0,0,66.037
1.335,0,0,0,30.9587
1.34,0,0,0,208.392
1.345,0,0,0,-65.956
1.35,0,0,0,-25.5823
1.355,0,0,0,201.423
1.36,0,0,0,-257.205
1.365,0,0,0,586.012
1.37,0,0,0,-412.819
1.375,0,0,0,470.543
1.38,0,0,0,-563.764
1.385,0,0,0,506.155
1.39,0,0,0,-408.5
1.395,0,0,0,387.583
1.4,0,0,0,-272.306
1.405,0,0,0,144.655
1.41,0,0,0,-270.719
1.415,0,0,0,28.7574
1.42,0,0,0,-152.205
1.425,0,0,0,29.998
1.43,0,0,0,34.8075
1.435,0,0,0,-273.488
1.44,0,0,0,208.973
1.445,0,0,0,-142.722
1.45,0,0,0,195.341
1.455,0,0,0,-208.574
1.46,0,0,0,100.01
1.465,0,0,0,-121.262
1.47,0,0,0,190.474
1.475,0,0,0,-190.913
1.48,0,0,0,191.382
1.485,0,0,0,-338.227
1.49,0,0,0,335.609
1.495,0,0,0,-384.416
1.5,0,0,0,321.859
1.505,0,0,0,-407.488
1.51,0,0,0,392.907
1.515,0,0,0,-412.895
1.52,0,0,0,391.051
1.525,0,0,0,-476.393
1.53,0,0,0,443.888
1.535,0,0,0,-488.474
1.54,0,0,0,473.721
1.545,0,0,0,-496.573
1.55,0,0,0,489.979
1.555,0,0,0,-492.637
1.56,0,0,0,501.327
1.565,0,0,0,-548.465
1.57,0,0,0,535.248
1.575,0,0,0,-517.706
1.58,0,0,0,500.328
1.585,0,0,0,-526.536
1.59,0,0,0,536.249
1.595,0,0,0,-490.687
1.6,0,0,0,521.691
1.605,0,0,0,-554.028
1.61,0,0,0,535.859
1.615,0,0,0,-574.726
1.62,0,0,0,582.425
1.625,0,0,0,-588.679
1.63,0,0,0,604.093
1.635,0,0,0,-550.489
1.64,0,0,0,575.355
1.645,0,0,0,-625.821
1.65,0,0,0,634.823
1.655,0,0,0,-703.083
1.66,0,0,0,641.332
1.665,0,0,0,-664.815
1.67,0,0,0,724.675
1.675,0,0,0,-799.579
1.68,0,0,0,802.014
1.685,0,0,0,-75.6181
1.69,0,0,0,100.588
1.695,0,0,0,-3.62749
1.7,0,0,0,2.35969
1.705,0,0,0,-20.5439
1.71,0,0,0,-6.22105
1.715,0,0,0,35.6389
1.72,0,0,0,-23.1382
1.725,0,0,0,-14.8604
1.73,0,0,0,16.6665
1.735,0,0,0,-0.756775
1.74,0,0,0,-42.1839
1.745,0,0,0,-6.92198
1.75,0,0,0,2.78555
1.755,0,0,0,-0.716283
1.76,0,0,0,-72.2699
1.765,0,0,0,14.7585
1.77,0,0,0,-7.23474
1.775,0,0,0,-16.4724
1.78,0,0,0,-40.0776
1.785,0,0,0,1.58197
1.79,0,0,0,16.3063
1.795,0,0,0,-44.834
1.8,0,0,0,-25.9503
1.805,0,0,0,50.4295
1.81,0,0,0,-37.0303
1.815,0,0,0,63.1027
1.82,0,0,0,62.8696
1.825,0,0,0,-62.7362
1.83,0,0,0,-2.73249
1.835,0,0,0,-55.7661
1.84,0,0,0,-23.9103
1.845,0,0,0,-69.7852
1.85,0,0,0,-0.988554
1.855,0,0,0,-32.6872
1.86,0,0,0,38.4217
1.865,0,0,0,19.0541
1.87,0,0,0,88.0023
1.875,0,0,0,-31.9744
1.88,0,0,0,-13.6352
1.885,0,0,0,-89.1144
1.89,0,0,0,-57.5058
1.895,0,0,0,-26.781
1.9,0,0,0,-15.4538
1.905,0,0,0,70.7892
1.91,0,0,0,-71.8678
1.915,0,0,0,-43.0077
1.92,0,0,0,26.3496
1.925,0,0,0,-20.3017
1.93,0,0,0,16.5038
1.935,0,0,0,-6.32228
1.94,0,0,0,120.391
1.945,0,0,0,-38.5732
1.95,0,0,0,49.3433
1.955,0,0,0,48.1313
1.96,0,0,0,-53.9802
1.965,0,0,0,-8.13812
1.97,0,0,0,-45.7849
1.975,0,0,0,45.5426
1.98,0,0,0,0.13823
1.985,0,0,0,-6.91569
1.99,0,0,0,-2.57052
1.995,0,0,0,-28.8049
2,0,0,0,70.3535
2.005,0,0,0,8.06831
2.01,0,0,0,-40.6655
2.015,0,0,0,16.3223
2.02,0,0,0,-40.9014
2.025,0,0,0,-56.312
2.03,0,0,0,-82.1561
2.035,0,0,0,110.817
2.04,0,0,0,100.196
2.045,0,0,0,-178.705
2.05,0,0,0,-52.6999
2.055,0,0,0,115.596
2.06,0,0,0,-651.892
2.065,0,0,0,566.932
2.07,0,0,0,134.929
2.075,0,0,0,11.7537
2.08,0,0,0,-77.0779
2.085,0,0,0,70.2872
2.09,0,0,0,-32.8918
2.095,0,0,0,190.203
2.1,0,0,0,-488.152
2.105,0,0,0,169.262
2.11,0,0,0,41.2624
2.115,0,0,0,45.5363
2.12,0,0,0,-212.215
2.125,0,0,0,27.5853
2.13,0,0,0,-33.9104
2.135,0,0,0,40.3429
2.14,0,0,0,-12.5517
2.145,0,0,0,-92.344
2.15,0,0,0,69.9472
2.155,0,0,0,65.2153
2.16,0,0,0,11.1143
2.165,0,0,0,-69.1925
2.17,0,0,0,30.3401
2.175,0,0,0,2.5782
2.18,0,0,0,234.641
2.185,0,0,0,-380.517
2.19,0,0,0,223.739
2.195,0,0,0,-373.414
2.2,0,0,0,-37.098
2.205,0,0,0,132.074
2.21,0,0,0,203.414
2.215,0,0,0,-58.5293
2.22,0,0,0,-65.0456
2.225,0,0,0,12.1712
2.23,0,0,0,-56.0341
2.235,0,0,0,-40.9412
2.24,0,0,0,186.62
2.245,0,0,0,-47.2126
2.25,0,0,0,30.9705
2.255,0,0,0,53.5656
2.26,0,0,0,75.8932
2.265,0,0,0,30.0609
2.27,0,0,0,-3.16812
2.275,0,0,0,26.0396
2.28,0,0,0,-23.0691
2.285,0,0,0,72.7321
2.29,0,0,0,66.4517
2.295,0,0,0,90.4751
2.3,0,0,0,82.3258
2.305,0,0,0,51.1856
2.31,0,0,0,43.4636
2.315,0,0,0,46.5158
2.32,0,0,0,33.9662
2.325,0,0,0,25.5363
2.33,0,0,0,-20.1418
2.335,0,0,0,-22.4505
2.34,0,0,0,-3.48577
2.345,0,0,0,9.98957
2.35,0,0,0,16.1555
2.355,0,0,0,8.99752
2.36,0,0,0,-23.9354
2.365,0,0,0,-14.9896
2.37,0,0,0,-2.36667
2.375,0,0,0,32.3451
2.38,0,0,0,21.3866
2.385,0,0,0,-29.7223
2.39,0,0,0,-52.0129
2.395,0,0,0,-18.7546
2.4,0,0,0,9.85902
2.405,0,0,0,-10.9397
2.41,0,0,0,37.4415
2.415,0,0,0,-4.02054
2.42,0,0,0,22.3982
2.425,0,0,0,-5.09427
2.43,0,0,0,26.936
2.435,0,0,0,-56.4649
2.44,0,0,0,-22.2571
2.445,0,0,0,-30.9307
2.45,0,0,0,11.8787
2.455,0,0,0,-20.4734
2.46,0,0,0,-4.20485
2.465,0,0,0,0.305782
2.47,0,0,0,-28.8552
2.475,0,0,0,-14.3068
2.48,0,0,0,-13.1689
2.485,0,0,0,-6.87171
2.49,0,0,0,-0.159174
2.495,0,0,0,-12.9797
2.5,0,0,0,26.9863
2.505,0,0,0,8.31545
2.51,0,0,0,-7.82885
2.515,0,0,0,-27.7068
2.52,0,0,0,12.7667
2.525,0,0,0,16.2658
2.53,0,0,0,16.3419
2.535,0,0,0,8.37409
2.54,0,0,0,-6.28807
2.545,0,0,0,0.0677188
2.55,0,0,0,-12.0707
2.555,0,0,0,-20.2116
2.56,0,0,0,5.31976
2.565,0,0,0,-21.9472
2.57,0,0,0,-24.4465
2.575,0,0,0,-17.9985
2.58,0,0,0,4.42127
2.585,0,0,0,2.88747
2.59,0,0,0,4.25511
2.595,0,0,0,13.0118
2.6,0,0,0,8.2219
2.605,0,0,0,10.6409
2.61,0,0,0,3.55419
2.615,0,0,0,0.193382
2.62,0,0,0,10.0363
2.625,0,0,0,29.5373
2.63,0,0,0,14.2712
2.635,0,0,0,23.5759
2.64,0,0,0,12.5678
2.645,0,0,0,6.95688
2.65,0,0,0,-4.86319
2.655,0,0,0,0.0146608
2.66,0,0,0,-5.21155
2.665,0,0,0,-0.352557
2.67,0,0,0,-6.28947
2.675,0,0,0,-3.62121
2.68,0,0,0,6.55685
2.685,0,0,0,-6.62876
2.69,0,0,0,-11.0507
2.695,0,0,0,-5.54177
2.7,0,0,0,13.0837
2.705,0,0,0,4.59091
2.71,0,0,0,-11.0172
2.715,0,0,0,4.86179
2.72,0,0,0,5.81334
2.725,0,0,0,-1.47166
2.73,0,0,0,15.7345
2.735,0,0,0,19.9798
2.74,0,0,0,6.89754
2.745,0,0,0,-2.26404
2.75,0,0,0,-5.14034
2.755,0,0,0,4.00728
2.76,0,0,0,9.84086
2.765,0,0,0,-4.04218
2.77,0,0,0,6.17986
2.775,0,0,0,-18.2492
2.78,0,0,0,5.0433
2.785,0,0,0,2.09928
2.79,0,0,0,3.01034
2.795,0,0,0,-8.15837
2.8,0,0,0,14.0806
2.805,0,0,0,27.5483
2.81,0,0,0,10.7833
2.815,0,0,0,2.39948
2.82,0,0,0,-1.49959
2.825,0,0,0,-11.2755
2.83,0,0,0,21.9137
2.835,0,0,0,23.104
2.84,0,0,0,28.2324
2.845,0,0,0,-7.61871
2.85,0,0,0,26.5046
2.855,0,0,0,43.3924
2.86,0,0,0,-42.5085
2.865,0,0,0,18.4132
2.87,0,0,0,50.2774
2.875,0,0,0,-97.2895
2.88,0,0,0,16.9276
2.885,0,0,0,-1.56591
2.89,0,0,0,3.22746
2.895,0,0,0,-20.768
2.9,0,0,0,7.13421
2.905,0,0,0,18.4342
2.91,0,0,0,-27.4073
2.915,0,0,0,10.192
2.92,0,0,0,-11.8696
2.925,0,0,0,-6.49821
2.93,0,0,0,-21.4641
2.935,0,0,0,19.5184
2.94,0,0,0,-5.08729
2.945,0,0,0,-2.6913
2.95,0,0,0,-16.5311
2.955,0,0,0,14.9142
2.96,0,0,0,8.42296
2.965,0,0,0,14.2007
2.97,0,0,0,1.72648
2.975,0,0,0,6.4633
2.98,0,0,0,-15.8252
2.985,0,0,0,6.29715
2.99,0,0,0,72.5429
2.995,0,0,0,-88.921
3,0,0,0,4.31027
3.005,0,0,0,31.6819
3.01,0,0,0,5.99625
3.015,0,0,0,36.8704
3.02,0,0,0,14.9149
3.025,0,0,0,-69.9402
3.03,0,0,0,4.92462
3.035,0,0,0,-58.62
3.04,0,0,0,-2.83023
3.045,0,0,0,58.7254
3.05,0,0,0,-49.1513
3.055,0,0,0,5.57947
3.06,0,0,0,8.32173
3.065,0,0,0,-38.7365
3.07,0,0,0,42.9246
3.075,0,0,0,-3.37896
3.08,0,0,0,3.85089
3.085,0,0,0,-7.23334
3.09,0,0,0,2.98102
3.095,0,0,0,54.219
3.1,0,0,0,-15.0147
3.105,0,0,0,-13.1898
3.11,0,0,0,-14.6489
3.115,0,0,0,38.007
3.12,0,0,0,-42.0115
3.125,0,0,0,-19.2845
3.13,0,0,0,14.0967
3.135,0,0,0,101.773
3.14,0,0,0,9.74033
3.145,0,0,0,2.5049
3.15,0,0,0,-18.675
3.155,0,0,0,43.1082
3.16,0,0,0,-31.5479
3.165,0,0,0,-80.1867
3.17,0,0,0,-12.7318
3.175,0,0,0,-2.97823
3.18,0,0,0,-45.4225
3.185,0,0,0,23.3853
3.19,0,0,0,30.3492
3.195,0,0,0,59.8843
3.2,0,0,0,-42.9868
3.205,0,0,0,67.501
3.21,0,0,0,-50.949
3.215,0,0,0,8.92422
3.22,0,0,0,-9.40663
3.225,0,0,0,12.4533
3.23,0,0,0,31.2707
3.235,0,0,0,84.0278
3.24,0,0,0,61.9215
3.245,0,0,0,-84.7951
3.25,0,0,0,-79.4872
3.255,0,0,0,51.1961
3.26,0,0,0,-43.9257
3.265,0,0,0,-14.7271
3.27,0,0,0,-43.229
3.275,0,0,0,33.8992
3.28,0,0,0,80.4338
3.285,0,0,0,60.6872
3.29,0,0,0,-85.2551
3.295,0,0,0,-20.419
3.3,0,0,0,-9.48342
3.305,0,0,0,-84.8028
3.31,0,0,0,64.4376
3.315,0,0,0,49.4361
3.32,0,0,0,-87.3516
3.325,0,0,0,32.9225
3.33,0,0,0,17.5203
3.335,0,0,0,65.1818
3.34,0,0,0,-96.4127
3.345,0,0,0,-8.63379
3.35,0,0,0,29.2657
3.355,0,0,0,51.4656
3.36,0,0,0,8.96192
3.365,0,0,0,-12.3283
3.37,0,0,0,25.9656
3.375,0,0,0,-26.4208
3.38,0,0,0,-13.3636
3.385,0,0,0,63.4818
3.39,0,0,0,-129.712
3.395,0,0,0,69.4711
3.4,0,0,0,2.85536
3.405,0,0,0,-27.4792
3.41,0,0,0,-51.5773
3.415,0,0,0,-36.573
3.42,0,0,0,102.769
3.425,0,0,0,-3.52906
3.43,0,0,0,-3.93886
3.435,0,0,0,12.831
3.44,0,0,0,-16.8759
3.445,0,0,0,20.7932
3.45,0,0,0,-32.2718
3.455,0,0,0,-31.004
3.46,0,0,0,97.7482
3.465,0,0,0,-23.1591
3.47,0,0,0,2.29336
3.475,0,0,0,-59.4899
3.48,0,0,0,30.382
3.485,0,0,0,-75.4401
3.49,0,0,0,-1.99735
3.495,0,0,0,-23.5152
3.5,0,0,0,-44.9813
3.505,0,0,0,-19.9973
3.51,0,0,0,90.2733
3.515,0,0,0,22.6125
3.52,0,0,0,-68.7548
3.525,0,0,0,68.3925
3.53,0,0,0,-40.7353
3.535,0,0,0,55.4121
3.54,0,0,0,28.8608
3.545,0,0,0,-28.4
3.55,0,0,0,-13.638
3.555,0,0,0,-17.6062
3.56,0,0,0,-5.10544
3.565,0,0,0,-41.8935
3.57,0,0,0,23.608
3.575,0,0,0,-59.0927
3.58,0,0,0,-3.32869
3.585,0,0,0,-36.0753
3.59,0,0,0,-21.1855
3.595,0,0,0,91.3198
3.6,0,0,0,31.5137
3.605,0,0,0,-11.7852
3.61,0,0,0,-52.4506
3.615,0,0,0,33.4971
3.62,0,0,0,-73.2445
3.625,0,0,0,-12.174
3.63,0,0,0,79.2268
3.635,0,0,0,-51.4551
3.64,0,0,0,30.3548
3.645,0,0,0,46.4642
3.65,0,0,0,-39.2943
3.655,0,0,0,9.96513
3.66,0,0,0,44.5785
3.665,0,0,0,-13.689
3.67,0,0,0,-2.15653
3.675,0,0,0,-11.1324
3.68,0,0,0,-45.1461
3.685,0,0,0,3.74478
3.69,0,0,0,-19.489
3.695,0,0,0,-4.186
3.7,0,0,0,-21.4662
3.705,0,0,0,59.5918
3.71,0,0,0,-11.367
3.715,0,0,0,-8.48439
3.72,0,0,0,-0.607375
3.725,0,0,0,-10.1788
3.73,0,0,0,-19.9631
3.735,0,0,0,-37.9763
3.74,0,0,0,26.2693
3.745,0,0,0,23.2436
3.75,0,0,0,-53.3163
3.755,0,0,0,96.657
3.76,0,0,0,-34.8291
3.765,0,0,0,-5.23529
3.77,0,0,0,-14.0087
3.775,0,0,0,43.4419
3.78,0,0,0,-25.9286
3.785,0,0,0,-1.50796
3.79,0,0,0,4.90088
3.795,0,0,0,27.3291
3.8,0,0,0,-70.1427
3.805,0,0,0,-29.6406
3.81,0,0,0,4.2614
3.815,0,0,0,30.8763
3.82,0,0,0,-57.8702
3.825,0,0,0,-16.1017
3.83,0,0,0,9.21464
3.835,0,0,0,-3.32939
3.84,0,0,0,-7.82955
3.845,0,0,0,20.2835
3.85,0,0,0,-20.236
3.855,0,0,0,29.147
3.86,0,0,0,-14.9093
3.865,0,0,0,13.305
3.87,0,0,0,-14.0876
3.875,0,0,0,-22.2481
3.88,0,0,0,8.15488
3.885,0,0,0,-16.7251
3.89,0,0,0,57.5512
3.895,0,0,0,-49.8285
3.9,0,0,0,12.8372
3.905,0,0,0,-1.13446
3.91,0,0,0,1.19241
3.915,0,0,0,26.2114
3.92,0,0,0,-9.90719
3.925,0,0,0,-7.5475
3.93,0,0,0,-11.76
3.935,0,0,0,-95.2189
3.94,0,0,0,165.707
3.945,0,0,0,40.4428
3.95,0,0,0,-132.593
3.955,0,0,0,9.69845
3.96,0,0,0,12.0009
3.965,0,0,0,14.637
3.97,0,0,0,-3.46762
3.975,0,0,0,27.4463
3.98,0,0,0,-8.48998
3.985,0,0,0,0.841249
3.99,0,0,0,-5.58715
3.995,0,0,0,-15.0364
4,0,0,0,-24.0478
4.005,0,0,0,-19.2021
4.01,0,0,0,6.36068
4.015,0,0,0,-17.8652
4.02,0,0,0,6.74814
4.025,0,0,0,10.1362
4.03,0,0,0,18.1738
4.035,0,0,0,-6.22105
4.04,0,0,0,7.17959
4.045,0,0,0,3.90954
4.05,0,0,0,7.5098
4.055,0,0,0,12.0114
4.06,0,0,0,10.6793
4.065,0,0,0,0.00488692
4.07,0,0,0,-21.3635
4.075,0,0,0,4.13294
4.08,0,0,0,-24.5219
4.085,0,0,0,17.965
4.09,0,0,0,-3.83972
4.095,0,0,0,15.2807
4.1,0,0,0,-3.52068
4.105,0,0,0,11.559
4.11,0,0,0,-9.09317
4.115,0,0,0,-1.97013
4.12,0,0,0,17.0924
4.125,0,0,0,-10.6263
4.13,0,0,0,-8.47951
4.135,0,0,0,-15.095
4.14,0,0,0,2.00852
4.145,0,0,0,4.54274
4.15,0,0,0,12.9489
4.155,0,0,0,-3.63308
4.16,0,0,0,17.9818
4.165,0,0,0,-26.0403
4.17,0,0,0,16.3307
4.175,0,0,0,9.03801
4.18,0,0,0,9.12458
4.185,0,0,0,3.2121
4.19,0,0,0,-10.0622
4.195,0,0,0,2.99429
4.2,0,0,0,12.905
4.205,0,0,0,6.29017
4.21,0,0,0,29.1728
4.215,0,0,0,10.546
4.22,0,0,0,7.37716
4.225,0,0,0,-4.17622
4.23,0,0,0,-13.1242
4.235,0,0,0,-22.0665
4.24,0,0,0,-2.14117
4.245,0,0,0,-6.16799
4.25,0,0,0,28.2506
4.255,0,0,0,17.0875
4.26,0,0,0,23.8775
4.265,0,0,0,-69.1255
4.27,0,0,0,-15.7436
4.275,0,0,0,-58.9209
4.28,0,0,0,-36.0955
4.285,0,0,0,106.771
4.29,0,0,0,-17.2627
4.295,0,0,0,1.13516
4.3,0,0,0,-48.9495
4.305,0,0,0,-49.2253
4.31,0,0,0,-31.7133
4.315,0,0,0,12.0909
4.32,0,0,0,66.3812
4.325,0,0,0,-29.7362
4.33,0,0,0,-16.8787
4.335,0,0,0,-0.420973
4.34,0,0,0,-38.0307
4.345,0,0,0,7.36738
4.35,0,0,0,9.10713
4.355,0,0,0,-4.31376
4.36,0,0,0,-38.9676
4.365,0,0,0,-37.6461
4.37,0,0,0,-11.4843
4.375,0,0,0,-38.5676
4.38,0,0,0,1.22033
4.385,0,0,0,-18.5096
4.39,0,0,0,-42.3815
4.395,0,0,0,-4.88413
4.4,0,0,0,-0.689754
4.405,0,0,0,-31.7908
4.41,0,0,0,52.8723
4.415,0,0,0,-26.7887
4.42,0,0,0,-13.8083
4.425,0,0,0,-68.0308
4.43,0,0,0,0.770039
4.435,0,0,0,-41.1381
4.44,0,0,0,58.2333
4.445,0,0,0,-34.4835
4.45,0,0,0,-8.95843
4.455,0,0,0,11.4089
4.46,0,0,0,-20.8148
4.465,0,0,0,76.784
4.47,0,0,0,-5.19619
4.475,0,0,0,-46.2107
4.48,0,0,0,79.3378
4.485,0,0,0,-46.3867
4.49,0,0,0,50.581
4.495,0,0,0,-10.7373
4.5,0,0,0,-7.07347
4.505,0,0,0,23.7099
4.51,0,0,0,0.993441
4.515,0,0,0,42.7278
4.52,0,0,0,-3.34754
4.525,0,0,0,18.7351
4.53,0,0,0,-40.6529
4.535,0,0,0,8.64427
4.54,0,0,0,-42.5539
4.545,0,0,0,-63.9754
4.55,0,0,0,32.3291
4.555,0,0,0,-30.6801
4.56,0,0,0,35.0364
4.565,0,0,0,22.9748
4.57,0,0,0,-54.1387
4.575,0,0,0,-38.7282
4.58,0,0,0,-28.0935
4.585,0,0,0,20.7038
4.59,0,0,0,-17.8093
4.595,0,0,0,-77.7663
4.6,0,0,0,21.0515
4.605,0,0,0,-48.0475
4.61,0,0,0,24.6147
4.615,0,0,0,-11.4996
4.62,0,0,0,-16.0507
4.625,0,0,0,-126.041
4.63,0,0,0,86.56
4.635,0,0,0,-97.1653
4.64,0,0,0,-117.064
4.645,0,0,0,-136.927
4.65,0,0,0,55.845
4.655,0,0,0,52.5777
4.66,0,0,0,-3.64495
4.665,0,0,0,-165.716
4.67,0,0,0,-196.768
4.675,0,0,0,286.85
4.68,0,0,0,-65.128
4.685,0,0,0,-29.5687
4.69,0,0,0,-82.8473
4.695,0,0,0,-17.447
4.7,0,0,0,-109.527
4.705,0,0,0,-119.826
4.71,0,0,0,53.0762
4.715,0,0,0,-82.235
4.72,0,0,0,-250.675
4.725,0,0,0,111.952
4.73,0,0,0,60.8945
4.735,0,0,0,85.3438
4.74,0,0,0,86.266
4.745,0,0,0,124.333
4.75,0,0,0,579.574
4.755,0,0,0,1665.37
4.76,0,0,0,100.811
4.765,0,0,0,-173.482
4.77,0,0,0,-552.823
4.775,0,0,0,-155.785
4.78,0,0,0,-131.367
4.785,0,0,0,-87.2218
4.79,0,0,0,-68.2717
4.795,0,0,0,-73.1251
4.8,0,0,0,-60.38
4.805,0,0,0,2.12232
4.81,0,0,0,-22.9134
4.815,0,0,0,-57.6182
4.82,0,0,0,-33.3114
4.825,0,0,0,3.71825
4.83,0,0,0,-27.128
4.835,0,0,0,-28.0028
4.84,0,0,0,-20.479
4.845,0,0,0,-16.5234
4.85,0,0,0,-30.6466
4.855,0,0,0,-33.5745
4.86,0,0,0,-20.8853
4.865,0,0,0,-11.1666
4.87,0,0,0,-21.3719
4.875,0,0,0,-23.2604
4.88,0,0,0,460.322
4.885,0,0,0,403.054
4.89,0,0,0,-29.191
4.895,0,0,0,-3.34335
4.9,0,0,0,-28.4942
4.905,0,0,0,21.626
4.91,0,0,0,-37.6216
4.915,0,0,0,-50.2438
4.92,0,0,0,-25.1963
4.925,0,0,0,-25.7129
4.93,0,0,0,-21.0522
4.935,0,0,0,-14.0052
4.94,0,0,0,-14.2433
4.945,0,0,0,-30.0769
4.95,0,0,0,-9.73545
4.955,0,0,0,8.98356
4.96,0,0,0,15.3393
4.965,0,0,0,-12.8575
4.97,0,0,0,-41.9291
4.975,0,0,0,1.46817
4.98,0,0,0,-8.97099
4.985,0,0,0,-26.3461
4.99,0,0,0,-21.4299
4.995,0,0,0,16.818
5,0,0,0,-23.3525
5.005,0,0,0,14.4604
5.01,0,0,0,10.6193
5.015,0,0,0,21.4285
5.02,0,0,0,-4.8583
5.025,0,0,0,-17.3088
5.03,0,0,0,8.20165
5.035,0,0,0,-27.6837
5.04,0,0,0,-28.9543
5.045,0,0,0,-34.9394
5.05,0,0,0,-23.2834
5.055,0,0,0,7.39531
5.06,0,0,0,7.12025
5.065,0,0,0,14.445
5.07,0,0,0,-11.5436
5.075,0,0,0,-1.02905
5.08,0,0,0,-0.416785
5.085,0,0,0,8.00338
5.09,0,0,0,10.3882
5.095,0,0,0,22.7228
5.1,0,0,0,27.565
5.105,0,0,0,4.16994
5.11,0,0,0,8.74899
5.115,0,0,0,2.26474
5.12,0,0,0,-9.00799
5.125,0,0,0,3.27424
5.13,0,0,0,-13.2317
5.135,0,0,0,-15.5635
5.14,0,0,0,-2.3164
5.145,0,0,0,-5.07402
5.15,0,0,0,8.43692
5.155,0,0,0,7.26546
5.16,0,0,0,-11.922
5.165,0,0,0,-18.4516
5.17,0,0,0,-8.06272
5.175,0,0,0,-3.40618
5.18,0,0,0,-13.4474
5.185,0,0,0,-3.45785
5.19,0,0,0,-6.54917
5.195,0,0,0,-1.73137
5.2,0,0,0,-0.268781
5.205,0,0,0,9.70892
5.21,0,0,0,10.3491
5.215,0,0,0,2.63475
5.22,0,0,0,8.46904
5.225,0,0,0,0.0942478
5.23,0,0,0,7.41765
5.235,0,0,0,28.0649
5.24,0,0,0,12.269
5.245,0,0,0,-8.48998
5.25,0,0,0,5.88106
5.255,0,0,0,-25.0504
5.26,0,0,0,-8.76225
5.265,0,0,0,-11.5485
5.27,0,0,0,-5.82451
5.275,0,0,0,4.73752
5.28,0,0,0,17.8038
5.285,0,0,0,11.7991
5.29,0,0,0,-5.67232
5.295,0,0,0,2.75902
5.3,0,0,0,8.66032
5.305,0,0,0,22.107
5.31,0,0,0,0.0293215
5.315,0,0,0,25.7164
5.32,0,0,0,-77.9555
5.325,0,0,0,24.0779
5.33,0,0,0,15.1781
5.335,0,0,0,33.6911
5.34,0,0,0,3.05293
5.345,0,0,0,-22.1545
5.35,0,0,0,32.4017
5.355,0,0,0,30.3059
5.36,0,0,0,10.9607
5.365,0,0,0,-10.5879
5.37,0,0,0,-51.2617
5.375,0,0,0,14.3864
5.38,0,0,0,2.78415
5.385,0,0,0,-4.94138
5.39,0,0,0,13.7686
5.395,0,0,0,-6.02697
5.4,0,0,0,5.27578
5.405,0,0,0,11.5694
5.41,0,0,0,1.19241
5.415,0,0,0,31.6561
5.42,0,0,0,-19.7292
5.425,0,0,0,-8.40202
5.43,0,0,0,10.886
5.435,0,0,0,-8.97937
5.44,0,0,0,-21.6979
5.445,0,0,0,4.20275
5.45,0,0,0,-8.91165
5.455,0,0,0,5.93133
5.46,0,0,0,5.80636
5.465,0,0,0,-11.138
5.47,0,0,0,8.7071
5.475,0,0,0,10.2597
5.48,0,0,0,-9.50576
5.485,0,0,0,-3.2889
5.49,0,0,0,-12.7723
5.495,0,0,0,40.8637
5.5,0,0,0,5.72189
5.505,0,0,0,-1.92754
5.51,0,0,0,-7.71086
5.515,0,0,0,-31.6854
5.52,0,0,0,21.4305
5.525,0,0,0,1.50587
5.53,0,0,0,13.955
5.535,0,0,0,11.0521
5.54,0,0,0,2.13489
5.545,0,0,0,24.0709
5.55,0,0,0,29.0611
5.555,0,0,0,-37.4457
5.56,0,0,0,19.0583
5.565,0,0,0,-18.9417
5.57,0,0,0,-2.951
5.575,0,0,0,41.5926
5.58,0,0,0,4.84503
5.585,0,0,0,-18.4572
5.59,0,0,0,12.3604
5.595,0,0,0,5.25274
5.6,0,0,0,-21.6477
5.605,0,0,0,2.20261
5.61,0,0,0,-5.61507
5.615,0,0,0,40.4609
5.62,0,0,0,-1.531
5.625,0,0,0,-3.67217
5.63,0,0,0,26.0864
5.635,0,0,0,-27.8722
5.64,0,0,0,38.1829
5.645,0,0,0,-14.3529
5.65,0,0,0,21.6854
5.655,0,0,0,-34.7202
5.66,0,0,0,45.5664
5.665,0,0,0,30.035
5.67,0,0,0,-14.4779
5.675,0,0,0,-12.387
5.68,0,0,0,-51.3999
5.685,0,0,0,-5.57947
5.69,0,0,0,-7.13421
5.695,0,0,0,-14.5414
5.7,0,0,0,26.8055
5.705,0,0,0,5.70932
5.71,0,0,0,28.3623
5.715,0,0,0,0.95644
5.72,0,0,0,-34.1554
5.725,0,0,0,-24.2447
5.73,0,0,0,6.81446
5.735,0,0,0,-8.92143
5.74,0,0,0,6.30902
5.745,0,0,0,12.0588
5.75,0,0,0,-23.2729
5.755,0,0,0,10.1473
5.76,0,0,0,36.5786
5.765,0,0,0,2.46859
5.77,0,0,0,13.9766
5.775,0,0,0,58.0839
5.78,0,0,0,65.9846
5.785,0,0,0,5.84685
5.79,0,0,0,-50.5147
5.795,0,0,0,-19.4116
5.8,0,0,0,-72.0758
5.805,0,0,0,-6.41304
5.81,0,0,0,-40.5251
5.815,0,0,0,-28.8154
5.82,0,0,0,49.9499
5.825,0,0,0,8.93748
5.83,0,0,0,2.71992
5.835,0,0,0,22.956
5.84,0,0,0,-66.5313
5.845,0,0,0,-5.54247
5.85,0,0,0,1.73206
5.855,0,0,0,-2.48256
5.86,0,0,0,16.9458
5.865,0,0,0,23.8991
5.87,0,0,0,-68.7632
5.875,0,0,0,37.0931
5.88,0,0,0,-1.14563
5.885,0,0,0,32.9728
5.89,0,0,0,7.27034
5.895,0,0,0,-26.4711
5.9,0,0,0,-11.9611
5.905,0,0,0,-8.43134
5.91,0,0,0,57.6015
5.915,0,0,0,-43.5906
5.92,0,0,0,63.3115
5.925,0,0,0,-62.5282
5.93,0,0,0,19.9463
5.935,0,0,0,-7.60545
5.94,0,0,0,-41.6701
5.945,0,0,0,-12.6111
5.95,0,0,0,61.1312
5.955,0,0,0,-88.4044
5.96,0,0,0,-13.9522
5.965,0,0,0,18.6129
5.97,0,0,0,25.197
5.975,0,0,0,39.1631
5.98,0,0,0,-12.0337
5.985,0,0,0,53.4518
5.99,0,0,0,-66.9089
5.995,0,0,0,-89.5891
6,0,0,0,61.3379
6.005,0,0,0,-18.8684
6.01,0,0,0,-0.566883
6.015,0,0,0,57.4946
6.02,0,0,0,98.3751
6.025,0,0,0,66.1201
6.03,0,0,0,132.813
6.035,0,0,0,-77.6741
6.04,0,0,0,4.05056
6.045,0,0,0,-50.7249
6.05,0,0,0,-80.4513
6.055,0,0,0,-5.7554
6.06,0,0,0,-41.0425
6.065,0,0,0,-10.4468
6.07,0,0,0,-17.6362
6.075,0,0,0,-55.7926
6.08,0,0,0,-5.64858
6.085,0,0,0,127.456
6.09,0,0,0,-44.346
6.095,0,0,0,-7.38344
6.1,0,0,0,21.3272
6.105,0,0,0,-44.8745
6.11,0,0,0,23.2925
6.115,0,0,0,40.123
6.12,0,0,0,70.7089
6.125,0,0,0,22.4617
6.13,0,0,0,-23.4118
6.135,0,0,0,-50.6264
6.14,0,0,0,41.4355
6.145,0,0,0,-36.3622
6.15,0,0,0,31.041
6.155,0,0,0,-39.8933
6.16,0,0,0,21.2302
6.165,0,0,0,-67.524
6.17,0,0,0,69.6331
6.175,0,0,0,-42.6342
6.18,0,0,0,33.3958
6.185,0,0,0,85.7704
6.19,0,0,0,7.29617
6.195,0,0,0,16.8187
6.2,0,0,0,-64.2707
6.205,0,0,0,-1.43187
6.21,0,0,0,-69.8879
6.215,0,0,0,29.6448
6.22,0,0,0,-66.127
6.225,0,0,0,97.7517
6.23,0,0,0,-28.962
6.235,0,0,0,-39.4926
6.24,0,0,0,76.7449
6.245,0,0,0,-68.5174
6.25,0,0,0,-18.0488
6.255,0,0,0,57.6789
6.26,0,0,0,-104.423
6.265,0,0,0,18.0732
6.27,0,0,0,-23.8998
6.275,0,0,0,16.9164
6.28,0,0,0,-33.9823
6.285,0,0,0,19.6175
6.29,0,0,0,-28.4377
6.295,0,0,0,-61.1675
6.3,0,0,0,33.6143
6.305,0,0,0,21.1883
6.31,0,0,0,-29.0814
6.315,0,0,0,46.1256
6.32,0,0,0,-48.0859
6.325,0,0,0,51.9585
6.33,0,0,0,-53.6577
6.335,0,0,0,27.1538
6.34,0,0,0,1.29922
6.345,0,0,0,17.7688
6.35,0,0,0,8.17652
6.355,0,0,0,4.47851
6.36,0,0,0,-86.0301
6.365,0,0,0,-15.7289
6.37,0,0,0,-7.3611
6.375,0,0,0,-8.35175
6.38,0,0,0,-21.3265
6.385,0,0,0,-8.11159
6.39,0,0,0,17.0595
6.395,0,0,0,-29.8591
6.4,0,0,0,61.8656
6.405,0,0,0,-12.1496
6.41,0,0,0,-34.2489
6.415,0,0,0,-21.4271
6.42,0,0,0,-8.15976
6.425,0,0,0,13.8691
6.43,0,0,0,27.6334
6.435,0,0,0,16.6183
6.44,0,0,0,9.03313
6.445,0,0,0,-30.6955
6.45,0,0,0,3.02989
6.455,0,0,0,-17.528
6.46,0,0,0,19.3878
6.465,0,0,0,-41.2477
6.47,0,0,0,-29.4381
6.475,0,0,0,16.5862
6.48,0,0,0,-3.29169
6.485,0,0,0,-11.1324
6.49,0,0,0,34.1261
6.495,0,0,0,47.0632
6.5,0,0,0,-83.1433
6.505,0,0,0,16.1066
6.51,0,0,0,23.3658
6.515,0,0,0,-10.0391
6.52,0,0,0,6.4284
6.525,0,0,0,-24.938
6.53,0,0,0,-12.5322
6.535,0,0,0,4.53227
6.54,0,0,0,5.99695
6.545,0,0,0,13.1458
6.55,0,0,0,19.5163
6.555,0,0,0,8.75527
6.56,0,0,0,-20.1271
6.565,0,0,0,-5.18851
6.57,0,0,0,-3.8879
6.575,0,0,0,14.1839
6.58,0,0,0,3.23793
6.585,0,0,0,10.6695
6.59,0,0,0,-2.87142
6.595,0,0,0,-9.83249
6.6,0,0,0,-26.6582
6.605,0,0,0,-16.7244
6.61,0,0,0,12.7458
6.615,0,0,0,-6.90313
6.62,0,0,0,-5.4915
6.625,0,0,0,-7.70668
6.63,0,0,0,5.04889
6.635,0,0,0,8.34128
6.64,0,0,0,-12.5273
6.645,0,0,0,2.75343
6.65,0,0,0,4.06382
6.655,0,0,0,1.09188
6.66,0,0,0,-2.24798
6.665,0,0,0,0.346971
6.67,0,0,0,-4.8583
6.675,0,0,0,21.4068
6.68,0,0,0,-4.78779
6.685,0,0,0,11.8878
6.69,0,0,0,10.2479
6.695,0,0,0,-12.9804
6.7,0,0,0,-7.6222
6.705,0,0,0,9.14553
6.71,0,0,0,28.2136
6.715,0,0,0,13.5877
6.72,0,0,0,3.35522
6.725,0,0,0,-3.51509
6.73,0,0,0,-17.3639
6.735,0,0,0,9.02824
6.74,0,0,0,-29.0821
6.745,0,0,0,13.779
6.75,0,0,0,-61.3002
6.755,0,0,0,-18.9082
6.76,0,0,0,32.5378
6.765,0,0,0,13.4279
6.77,0,0,0,42.8772
6.775,0,0,0,2.41763
6.78,0,0,0,8.37339
6.785,0,0,0,-9.69356
6.79,0,0,0,-21.5457
6.795,0,0,0,-64.3098
6.8,0,0,0,39.9904
6.805,0,0,0,7.57403
6.81,0,0,0,-1.60361
6.815,0,0,0,15.819
6.82,0,0,0,-26.7852
6.825,0,0,0,-5.14593
6.83,0,0,0,8.50604
6.835,0,0,0,45.9133
6.84,0,0,0,0.309272
6.845,0,0,0,10.673
6.85,0,0,0,15.3086
6.855,0,0,0,-145.393
6.86,0,0,0,-40.3415
6.865,0,0,0,42.5888
6.87,0,0,0,-4.10083
6.875,0,0,0,64.6456
6.88,0,0,0,-8.26099
6.885,0,0,0,27.542
6.89,0,0,0,-26.4822
6.895,0,0,0,11.3928
6.9,0,0,0,-24.7934
6.905,0,0,0,-7.29757
6.91,0,0,0,14.7962
6.915,0,0,0,-11.5415
6.92,0,0,0,5.99695
6.925,0,0,0,9.6035
6.93,0,0,0,-5.36863
6.935,0,0,0,11.3293
6.94,0,0,0,-67.2985
6.945,0,0,0,25.012
6.95,0,0,0,-15.4992
6.955,0,0,0,-22.3437
6.96,0,0,0,91.8525
6.965,0,0,0,-20.1069
6.97,0,0,0,-42.5574
6.975,0,0,0,72.1505
6.98,0,0,0,-47.799
6.985,0,0,0,22.3388
6.99,0,0,0,-17.8268
6.995,0,0,0,-14.2216
7,0,0,0,2.5035
7.005,0,0,0,-44.8054
7.01,0,0,0,19.5107
7.015,0,0,0,-18.5885
7.02,0,0,0,-9.3801
7.025,0,0,0,-25.6249
7.03,0,0,0,9.58186
7.035,0,0,0,-44.73
7.04,0,0,0,76.0168
7.045,0,0,0,62.2706
7.05,0,0,0,-20.7736
7.055,0,0,0,-20.5376
7.06,0,0,0,0.943176
7.065,0,0,0,21.2462
7.07,0,0,0,-41.9451
7.075,0,0,0,-31.9947
7.08,0,0,0,-41.3748
7.085,0,0,0,-4.51133
7.09,0,0,0,32.2928
7.095,0,0,0,39.2127
7.1,0,0,0,-89.9745
7.105,0,0,0,26.5779
7.11,0,0,0,-29.0758
7.115,0,0,0,43.7603
7.12,0,0,0,-13.8719
7.125,0,0,0,-26.4983
7.13,0,0,0,-71.5306
7.135,0,0,0,67.1547
7.14,0,0,0,-27.0072
7.145,0,0,0,37.4282
7.15,0,0,0,20.0538
7.155,0,0,0,11.6721
7.16,0,0,0,-36.3461
7.165,0,0,0,-32.6
7.17,0,0,0,32.9002
7.175,0,0,0,83.3918
7.18,0,0,0,52.6454
7.185,0,0,0,-1.97083
7.19,0,0,0,-32.0079
7.195,0,0,0,-105.238
7.2,0,0,0,12.4219
7.205,0,0,0,-45.2899
7.21,0,0,0,-34.7788
7.215,0,0,0,-0.763756
7.22,0,0,0,18.7113
7.225,0,0,0,11.4591
7.23,0,0,0,49.9192
7.235,0,0,0,-5.5669
7.24,0,0,0,20.5439
7.245,0,0,0,14.4262
7.25,0,0,0,-49.6462
7.255,0,0,0,3.63238
7.26,0,0,0,67.5135
7.265,0,0,0,18.541
7.27,0,0,0,-0.0342085
7.275,0,0,0,-3.80342
7.28,0,0,0,18.4272
7.285,0,0,0,-57.7488
7.29,0,0,0,36.9675
7.295,0,0,0,-104.598
7.3,0,0,0,30.722
7.305,0,0,0,27.306
7.31,0,0,0,-11.5534
7.315,0,0,0,-19.8591
7.32,0,0,0,-25.1586
7.325,0,0,0,-17.4093
7.33,0,0,0,-7.62988
7.335,0,0,0,68.6773
7.34,0,0,0,-58.398
7.345,0,0,0,42.6565
7.35,0,0,0,-18.3734
7.355,0,0,0,15.7603
7.36,0,0,0,-26.4822
7.365,0,0,0,108.503
7.37,0,0,0,-8.60517
7.375,0,0,0,50.3367
7.38,0,0,0,52.9994
7.385,0,0,0,-14.8074
7.39,0,0,0,-1.13167
7.395,0,0,0,-28.4077
7.4,0,0,0,-61.948
7.405,0,0,0,-33.6381
7.41,0,0,0,-28.7149
7.415,0,0,0,-8.18071
7.42,0,0,0,-28.2269
7.425,0,0,0,35.1907
7.43,0,0,0,-44.3921
7.435,0,0,0,-23.0712
7.44,0,0,0,-27.2383
7.445,0,0,0,40.6341
7.45,0,0,0,-31.8488
7.455,0,0,0,35.745
7.46,0,0,0,6.29575
7.465,0,0,0,3.22537
7.47,0,0,0,11.5394
7.475,0,0,0,11.5415
7.48,0,0,0,39.9241
7.485,0,0,0,-18.2771
7.49,0,0,0,-3.18837
7.495,0,0,0,28.0537
7.5,0,0,0,-15.6563
7.505,0,0,0,-9.36683
7.51,0,0,0,-48
7.515,0,0,0,-10.3149
7.52,0,0,0,-44.8822
7.525,0,0,0,9.41361
7.53,0,0,0,-41.7336
7.535,0,0,0,21.8404
7.54,0,0,0,-63.9768
7.545,0,0,0,0.729548
7.55,0,0,0,-0.237365
7.555,0,0,0,24.8584
7.56,0,0,0,41.7155
7.565,0,0,0,1.2706
7.57,0,0,0,-38.9334
7.575,0,0,0,31.0557
7.58,0,0,0,-1.54985
7.585,0,0,0,51.1884
7.59,0,0,0,-3.86416
7.595,0,0,0,-9.53718
7.6,0,0,0,33.4231
7.605,0,0,0,8.23586
7.61,0,0,0,-18.416
7.615,0,0,0,-7.95312
7.62,0,0,0,-68.012
7.625,0,0,0,31.2945
7.63,0,0,0,-12.3011
7.635,0,0,0,-38.4929
7.64,0,0,0,-58.944
7.645,0,0,0,-20.0273
7.65,0,0,0,25.9426
7.655,0,0,0,-66.4852
7.66,0,0,0,14.5309
7.665,0,0,0,-39.4396
7.67,0,0,0,-18.6799
7.675,0,0,0,16.4389
7.68,0,0,0,-32.031
7.685,0,0,0,22.8799
7.69,0,0,0,1.88356
7.695,0,0,0,57.8081
7.7,0,0,0,-89.0474
7.705,0,0,0,74.1542
7.71,0,0,0,56.7085
7.715,0,0,0,-3.15835
7.72,0,0,0,-101.203
7.725,0,0,0,115.569
7.73,0,0,0,77.7356
7.735,0,0,0,-24.7795
7.74,0,0,0,-30.9293
7.745,0,0,0,11.8948
7.75,0,0,0,30.183
7.755,0,0,0,32.868
7.76,0,0,0,-26.1988
7.765,0,0,0,40.5621
7.77,0,0,0,31.0731
7.775,0,0,0,-4.3703
7.78,0,0,0,5.21225
7.785,0,0,0,46.2058
7.79,0,0,0,54.9555
7.795,0,0,0,22.7207
7.8,0,0,0,50.847
7.805,0,0,0,-38.7051
7.81,0,0,0,-36.3594
7.815,0,0,0,9.9379
7.82,0,0,0,54.3475
7.825,0,0,0,45.4156
7.83,0,0,0,15.8462
7.835,0,0,0,-9.63212
7.84,0,0,0,6.42002
7.845,0,0,0,26.4362
7.85,0,0,0,2.88189
7.855,0,0,0,7.98732
7.86,0,0,0,-5.89084
7.865,0,0,0,12.8226
7.87,0,0,0,17.7367
7.875,0,0,0,5.00909
7.88,0,0,0,-24.0039
7.885,0,0,0,3.37198
7.89,0,0,0,25.0015
7.895,0,0,0,20.7813
7.9,0,0,0,3.7371
7.905,0,0,0,-1.05488
7.91,0,0,0,10.3582
7.915,0,0,0,1.02486
7.92,0,0,0,34.7844
7.925,0,0,0,-13.3741
7.93,0,0,0,-13.4516
7.935,0,0,0,13.4677
7.94,0,0,0,-32.3989
7.945,0,0,0,0.143815
7.95,0,0,0,5.36793
7.955,0,0,0,-1.66435
7.96,0,0,0,-19.2021
7.965,0,0,0,-17.454
7.97,0,0,0,-20.5195
7.975,0,0,0,6.28947
7.98,0,0,0,-2.80928
7.985,0,0,0,22.2362
7.99,0,0,0,0.613658
7.995,0,0,0,-5.86082
8,0,0,0,-7.12164
8.005,0,0,0,-2.12372
8.01,0,0,0,0.777719
8.015,0,0,0,-2.64033
8.02,0,0,0,-2.06228
8.025,0,0,0,-1.06186
8.03,0,0,0,2.80579
8.035,0,0,0,-1.11003
8.04,0,0,0,-12.8254
8.045,0,0,0,-8.16954
8.05,0,0,0,-3.94375
8.055,0,0,0,-12.0756
8.06,0,0,0,-2.77926
8.065,0,0,0,-17.75
8.07,0,0,0,3.87254
8.075,0,0,0,-2.90562
8.08,0,0,0,19.8751
8.085,0,0,0,3.4746
8.09,0,0,0,-4.25372
8.095,0,0,0,-5.96903
8.1,0,0,0,0.83706
8.105,0,0,0,-4.84434
8.11,0,0,0,2.25427
8.115,0,0,0,-4.69563
8.12,0,0,0,-3.7748
8.125,0,0,0,-12.389
8.13,0,0,0,3.39362
8.135,0,0,0,3.21629
8.14,0,0,0,3.99331
8.145,0,0,0,-4.15737
8.15,0,0,0,-2.05321
8.155,0,0,0,13.4335
8.16,0,0,0,18.0369
8.165,0,0,0,5.77425
8.17,0,0,0,13.1319
8.175,0,0,0,39.4682
8.18,0,0,0,-6.97224
8.185,0,0,0,-8.30009
8.19,0,0,0,2.53561
8.195,0,0,0,9.2279
8.2,0,0,0,11.841
8.205,0,0,0,30.8463
8.21,0,0,0,6.37883
8.215,0,0,0,1.73974
8.22,0,0,0,4.23696
8.225,0,0,0,-13.9187
8.23,0,0,0,-0.802851
8.235,0,0,0,12.3004
8.24,0,0,0,10.4119
8.245,0,0,0,-3.94933
8.25,0,0,0,-22.6683
8.255,0,0,0,-1.62455
8.26,0,0,0,-8.51092
8.265,0,0,0,7.09441
8.27,0,0,0,-14.4967
8.275,0,0,0,-38.805
8.28,0,0,0,2.27661
8.285,0,0,0,-0.0642281
8.29,0,0,0,-0.844739
8.295,0,0,0,-12.8428
8.3,0,0,0,1.98409
8.305,0,0,0,10.3861
8.31,0,0,0,-7.01692
8.315,0,0,0,-16.464
8.32,0,0,0,-0.597601
8.325,0,0,0,-11.0144
8.33,0,0,0,-12.2047
8.335,0,0,0,6.92198
8.34,0,0,0,10.3714
8.345,0,0,0,-20.079
8.35,0,0,0,-4.71937
8.355,0,0,0,-31.6931
8.36,0,0,0,0.943176
8.365,0,0,0,4.73054
8.37,0,0,0,-4.66422
8.375,0,0,0,-9.49948
8.38,0,0,0,-0.400728
8.385,0,0,0,1.29154
8.39,0,0,0,6.59246
8.395,0,0,0,-200.723
8.4,0,0,0,354.788
8.405,0,0,0,-19.2859
8.41,0,0,0,-132.702
8.415,0,0,0,-209.074
8.42,0,0,0,254.843
8.425,0,0,0,584.563
8.43,0,0,0,310.921
8.435,0,0,0,90.3334
8.44,0,0,0,-678.257
8.445,0,0,0,-220.645
8.45,0,0,0,88.3772
8.455,0,0,0,104.783
8.46,0,0,0,-5.40214
8.465,0,0,0,-110.631
8.47,0,0,0,-155.285
8.475,0,0,0,-55.3179
8.48,0,0,0,116.657
8.485,0,0,0,15.9027
8.49,0,0,0,-1.90101
8.495,0,0,0,-42.9756
8.5,0,0,0,25.9146
8.505,0,0,0,6.40187
8.51,0,0,0,-35.6215
8.515,0,0,0,-7.04066
8.52,0,0,0,-3.90744
8.525,0,0,0,24.422
8.53,0,0,0,16.2323
8.535,0,0,0,23.6946
8.54,0,0,0,-12.3269
8.545,0,0,0,2.27242
8.55,0,0,0,12.4714
8.555,0,0,0,-19.8151
8.56,0,0,0,23.0321
8.565,0,0,0,-26.0145
8.57,0,0,0,7.48397
8.575,0,0,0,3.62121
8.58,0,0,0,-24.2503
8.585,0,0,0,26.3147
8.59,0,0,0,2.36387
8.595,0,0,0,-13.5082
8.6,0,0,0,-43.3889
8.605,0,0,0,-82.6015
8.61,0,0,0,-69.1814
8.615,0,0,0,60.9539
8.62,0,0,0,80.1895
8.625,0,0,0,46.846
8.63,0,0,0,62.272
8.635,0,0,0,-5.828
8.64,0,0,0,-15.0357
8.645,0,0,0,-9.58046
8.65,0,0,0,3.23654
8.655,0,0,0,4.90088
8.66,0,0,0,11.0158
8.665,0,0,0,-1.93662
8.67,0,0,0,38.0293
8.675,0,0,0,25.7806
8.68,0,0,0,29.0611
8.685,0,0,0,8.16186
8.69,0,0,0,22.468
8.695,0,0,0,-22.2886
8.7,0,0,0,34.464
8.705,0,0,0,-32.8778
8.71,0,0,0,8.98845
8.715,0,0,0,-53.0203
8.72,0,0,0,-105.042
8.725,0,0,0,23.6429
8.73,0,0,0,21.2497
8.735,0,0,0,-35.7262
8.74,0,0,0,-13.2282
8.745,0,0,0,-15.3945
8.75,0,0,0,-16.2637
8.755,0,0,0,-5.71909
8.76,0,0,0,-13.5075
8.765,0,0,0,-9.69146
8.77,0,0,0,22.4694
8.775,0,0,0,9.12737
8.78,0,0,0,-18.2101
8.785,0,0,0,-11.4961
8.79,0,0,0,-5.05936
8.795,0,0,0,3.82646
8.8,0,0,0,3.00965
8.805,0,0,0,21.1562
8.81,0,0,0,7.73739
8.815,0,0,0,10.3282
8.82,0,0,0,3.95841
8.825,0,0,0,4.06452
8.83,0,0,0,12.13
8.835,0,0,0,-24.1093
8.84,0,0,0,-15.6326
8.845,0,0,0,-5.23808
8.85,0,0,0,47.9281
8.855,0,0,0,-11.5443
8.86,0,0,0,14.1623
8.865,0,0,0,19.7634
8.87,0,0,0,-4.79756
8.875,0,0,0,2.75622
8.88,0,0,0,42.6468
8.885,0,0,0,4.75916
8.89,0,0,0,-0.34767
8.895,0,0,0,27.077
8.9,0,0,0,-4.19996
8.905,0,0,0,-35.4106
8.91,0,0,0,70.6223
8.915,0,0,0,-2.31291
8.92,0,0,0,74.6233
8.925,0,0,0,-33.3456
8.93,0,0,0,-18.6492
8.935,0,0,0,20.3868
8.94,0,0,0,73.81
8.945,0,0,0,33.0942
8.95,0,0,0,-14.0129
8.955,0,0,0,3.91024
8.96,0,0,0,-38.1808
8.965,0,0,0,-18.0544
8.97,0,0,0,-15.9125
8.975,0,0,0,-6.63714
8.98,0,0,0,-5.5306
8.985,0,0,0,15.0894
8.99,0,0,0,9.94349
8.995,0,0,0,29.3502
9,0,0,0,153.044
9.005,0,0,0,-413.385
9.01,0,0,0,164.138
9.015,0,0,0,9.43176
9.02,0,0,0,5.36863
9.025,0,0,0,60.8003
9.03,0,0,0,50.2801
9.035,0,0,0,-21.7684
9.04,0,0,0,-62.51
9.045,0,0,0,-64.358
9.05,0,0,0,-58.2165
9.055,0,0,0,-1.05418
9.06,0,0,0,4.06592
9.065,0,0,0,-31.8592
9.07,0,0,0,7.53424
9.075,0,0,0,-16.9108
9.08,0,0,0,7.69341
9.085,0,0,0,48.9146
9.09,0,0,0,28.8531
9.095,0,0,0,19.1875
9.1,0,0,0,-2.1677
9.105,0,0,0,-19.2307
9.11,0,0,0,-38.1634
9.115,0,0,0,8.31475
9.12,0,0,0,-1.46468
9.125,0,0,0,-19.8591
9.13,0,0,0,-11.9709
9.135,0,0,0,27.6376
9.14,0,0,0,17.4812
9.145,0,0,0,-24.7167
9.15,0,0,0,18.7064
9.155,0,0,0,-44.6218
9.16,0,0,0,-11.2413
9.165,0,0,0,21.9318
9.17,0,0,0,15.9118
9.175,0,0,0,9.66773
9.18,0,0,0,-26.0033
9.185,0,0,0,8.70849
9.19,0,0,0,-43.0531
9.195,0,0,0,-28.8684
9.2,0,0,0,2.15234
9.205,0,0,0,37.8513
9.21,0,0,0,17.4484
9.215,0,0,0,-45.2068
9.22,0,0,0,7.01273
9.225,0,0,0,18.0823
9.23,0,0,0,-1.69367
9.235,0,0,0,4.20764
9.24,0,0,0,-11.3314
9.245,0,0,0,-12.6055
9.25,0,0,0,-9.80805
9.255,0,0,0,9.59582
9.26,0,0,0,16.4501
9.265,0,0,0,-199.886
9.27,0,0,0,29.2622
9.275,0,0,0,306.659
9.28,0,0,0,-1.37183
9.285,0,0,0,-100.146
9.29,0,0,0,-124.279
9.295,0,0,0,22.128
9.3,0,0,0,27.1133
9.305,0,0,0,-6.04512
9.31,0,0,0,38.2932
9.315,0,0,0,-72.5603
9.32,0,0,0,-18.1382
9.325,0,0,0,-42.1078
9.33,0,0,0,-109.877
9.335,0,0,0,97.4348
9.34,0,0,0,271.136
9.345,0,0,0,-472.788
9.35,0,0,0,-6.42142
9.355,0,0,0,-30.9852
9.36,0,0,0,-128.04
9.365,0,0,0,329.247
9.37,0,0,0,3.62679
9.375,0,0,0,-231.05
9.38,0,0,0,81.6018
9.385,0,0,0,119.248
9.39,0,0,0,17.3723
9.395,0,0,0,-29.6706
9.4,0,0,0,-3.93886
9.405,0,0,0,77.0353
9.41,0,0,0,1.12539
9.415,0,0,0,17.0875
9.42,0,0,0,-102.146
9.425,0,0,0,33.6492
9.43,0,0,0,82.5317
9.435,0,0,0,34.8445
9.44,0,0,0,7.5468
9.445,0,0,0,-0.938987
9.45,0,0,0,-31.0131
9.455,0,0,0,64.8341
9.46,0,0,0,12.1824
9.465,0,0,0,-28.9683
9.47,0,0,0,-28.4761
9.475,0,0,0,-30.8086
9.48,0,0,0,-15.3973
9.485,0,0,0,-29.9191
9.49,0,0,0,53.7143
9.495,0,0,0,7.30176
9.5,0,0,0,-1.46957
9.505,0,0,0,-9.28376
9.51,0,0,0,25.2382
9.515,0,0,0,42.5316
9.52,0,0,0,18.4977
9.525,0,0,0,-37.2258
9.53,0,0,0,-55.7926
9.535,0,0,0,-20.0301
9.54,0,0,0,-6.08841
9.545,0,0,0,-23.1528
9.55,0,0,0,-8.95075
9.555,0,0,0,-20.3736
9.56,0,0,0,-3.50253
9.565,0,0,0,29.8758
9.57,0,0,0,4.52529
9.575,0,0,0,-14.2859
9.58,0,0,0,35.0288
9.585,0,0,0,-3.16673
9.59,0,0,0,19.4171
9.595,0,0,0,13.46
9.6,0,0,0,41.8991
9.605,0,0,0,-34.0667
9.61,0,0,0,29.4674
9.615,0,0,0,-23.7979
9.62,0,0,0,-10.4713
9.625,0,0,0,-22.9329
9.63,0,0,0,-21.9297
9.635,0,0,0,-24.8695
9.64,0,0,0,-22.2041
9.645,0,0,0,7.7346
9.65,0,0,0,8.12346
9.655,0,0,0,-35.2131
9.66,0,0,0,-1.7202
9.665,0,0,0,29.443
9.67,0,0,0,25.1446
9.675,0,0,0,-35.109
9.68,0,0,0,34.147
9.685,0,0,0,-23.2359
9.69,0,0,0,21.4124
9.695,0,0,0,5.39656
9.7,0,0,0,-5.11381
9.705,0,0,0,0.428653
9.71,0,0,0,4.63141
9.715,0,0,0,-20.0126
9.72,0,0,0,-1.82492
9.725,0,0,0,-4.59091
9.73,0,0,0,6.77188
9.735,0,0,0,-15.5341
9.74,0,0,0,3.71336
9.745,0,0,0,14.6007
9.75,0,0,0,-39.1708
9.755,0,0,0,39.0709
9.76,0,0,0,5.33024
9.765,0,0,0,7.55448
9.77,0,0,0,-6.9129
9.775,0,0,0,-15.9621
9.78,0,0,0,-10.4657
9.785,0,0,0,-12.4833
9.79,0,0,0,-17.9985
9.795,0,0,0,19.7425
9.8,0,0,0,-9.45899
9.805,0,0,0,9.85902
9.81,0,0,0,29.6957
9.815,0,0,0,17.7947
9.82,0,0,0,-11.1848
9.825,0,0,0,1.59942
9.83,0,0,0,2.54399
9.835,0,0,0,5.77285
9.84,0,0,0,-9.24396
9.845,0,0,0,8.64566
9.85,0,0,0,-18.0746
9.855,0,0,0,8.23726
9.86,0,0,0,0.384671
9.865,0,0,0,0.957837
9.87,0,0,0,-6.32647
9.875,0,0,0,17.5189
9.88,0,0,0,25.0985
9.885,0,0,0,-15.7415
9.89,0,0,0,-6.08841
9.895,0,0,0,15.6158
9.9,0,0,0,-18.8719
9.905,0,0,0,16.2637
9.91,0,0,0,-3.07178
9.915,0,0,0,34.1317
9.92,0,0,0,-1.1966
9.925,0,0,0,7.37437
9.93,0,0,0,7.15445
9.935,0,0,0,2.45742
9.94,0,0,0,19.1302
9.945,0,0,0,-1.35647
9.95,0,0,0,8.26099
9.955,0,0,0,6.52753
9.96,0,0,0,7.90634
9.965,0,0,0,18.5096
9.97,0,0,0,-11.9974
9.975,0,0,0,18.5591
9.98,0,0,0,-14.4848
9.985,0,0,0,-2.59426
9.99,0,0,0,-9.05407
9.995,0,0,0,11.7956
10,0,0,0,7.14468
10.005,0,0,0,-4.8562
10.01,0,0,0,11.2567
10.015,0,0,0,2.06438
10.02,0,0,0,11.3649
10.025,0,0,0,9.30191
10.03,0,0,0,0.765152
10.035,0,0,0,3.72383
10.04,0,0,0,12.7297
10.045,0,0,0,2.82464
10.05,0,0,0,10.4385
10.055,0,0,0,14.4527
10.06,0,0,0,9.22441
10.065,0,0,0,-15.5991
10.07,0,0,0,-1.04859
10.075,0,0,0,-6.75931
10.08,0,0,0,-3.57932
10.085,0,0,0,-2.30523
10.09,0,0,0,2.90074
10.095,0,0,0,4.27257
10.1,0,0,0,14.0178
10.105,0,0,0,5.82172
10.11,0,0,0,2.84558
10.115,0,0,0,-20.893
10.12,0,0,0,36.4166
10.125,0,0,0,43.7917
10.13,0,0,0,-7.18028
10.135,0,0,0,30.2898
10.14,0,0,0,-24.0632
10.145,0,0,0,5.64858
10.15,0,0,0,-2.05739
10.155,0,0,0,11.145
10.16,0,0,0,-11.6162
10.165,0,0,0,6.77258
10.17,0,0,0,-14.0136
10.175,0,0,0,9.02684
10.18,0,0,0,10.9956
10.185,0,0,0,7.64664
10.19,0,0,0,-28.5361
10.195,0,0,0,-8.28263
10.2,0,0,0,1.28247
10.205,0,0,0,6.51985
10.21,0,0,0,-30.8902
10.215,0,0,0,18.7176
10.22,0,0,0,-41.2331
10.225,0,0,0,-7.13002
10.23,0,0,0,21.9409
10.235,0,0,0,-8.90258
10.24,0,0,0,-23.9941
10.245,0,0,0,37.734
10.25,0,0,0,-48.2018
10.255,0,0,0,49.8787
10.26,0,0,0,5.68558
10.265,0,0,0,-65.4324
10.27,0,0,0,31.9018
10.275,0,0,0,17.9608
10.28,0,0,0,10.7268
10.285,0,0,0,-24.3362
10.29,0,0,0,35.4232
10.295,0,0,0,-49.1212
10.3,0,0,0,10.5955
10.305,0,0,0,-10.4231
10.31,0,0,0,-17.1873
10.315,0,0,0,-44.457
10.32,0,0,0,25.2759
10.325,0,0,0,51.6478
10.33,0,0,0,46.6094
10.335,0,0,0,-38.4287
10.34,0,0,0,5.23389
10.345,0,0,0,36.5158
10.35,0,0,0,-37.7501
10.355,0,0,0,44.9604
10.36,0,0,0,-37.0268
10.365,0,0,0,19.6217
10.37,0,0,0,17.0463
10.375,0,0,0,-75.3172
10.38,0,0,0,77.9492
10.385,0,0,0,-4.96651
10.39,0,0,0,52.6147
10.395,0,0,0,-10.7673
10.4,0,0,0,-19.2147
10.405,0,0,0,31.7294
10.41,0,0,0,-35.53
10.415,0,0,0,99.7916
10.42,0,0,0,-96.7792
10.425,0,0,0,139.307
10.43,0,0,0,23.0342
10.435,0,0,0,-37.4499
10.44,0,0,0,-1.75022
10.445,0,0,0,-45.979
10.45,0,0,0,-13.9682
10.455,0,0,0,45.7053
10.46,0,0,0,7.78138
10.465,0,0,0,-14.1756
10.47,0,0,0,-48.3875
10.475,0,0,0,57.3173
10.48,0,0,0,46.49
10.485,0,0,0,-4.18041
10.49,0,0,0,7.89308
10.495,0,0,0,70.2677
10.5,0,0,0,-58.6033
10.505,0,0,0,13.8195
10.51,0,0,0,4.97
10.515,0,0,0,-21.2476
10.52,0,0,0,-71.0551
10.525,0,0,0,68.7066
10.53,0,0,0,32.5197
10.535,0,0,0,-75.5504
10.54,0,0,0,64.3147
10.545,0,0,0,18.4502
10.55,0,0,0,22.5894
10.555,0,0,0,82.3174
10.56,0,0,0,-39.3258
10.565,0,0,0,-40.2494
10.57,0,0,0,-9.61607
10.575,0,0,0,-48.8636
10.58,0,0,0,-13.8782
10.585,0,0,0,10.3233
10.59,0,0,0,33.7121
10.595,0,0,0,9.156
10.6,0,0,0,-65.5476
10.605,0,0,0,28.1591
10.61,0,0,0,-43.7812
10.615,0,0,0,-6.0172
10.62,0,0,0,24.9017
10.625,0,0,0,-33.2799
10.63,0,0,0,11.3991
10.635,0,0,0,51.9557
10.64,0,0,0,-85.022
10.645,0,0,0,-4.88134
10.65,0,0,0,11.2916
10.655,0,0,0,40.0253
10.66,0,0,0,-14.2963
10.665,0,0,0,-39.4863
10.67,0,0,0,65.5238
10.675,0,0,0,-61.9424
10.68,0,0,0,16.0542
10.685,0,0,0,8.38596
10.69,0,0,0,-59.8494
10.695,0,0,0,8.08297
10.7,0,0,0,53.0817
10.705,0,0,0,23.0977
10.71,0,0,0,-13.1158
10.715,0,0,0,-38.6611
10.72,0,0,0,-2.02947
10.725,0,0,0,36.8369
10.73,0,0,0,12.9852
10.735,0,0,0,-64.2749
10.74,0,0,0,-4.77801
10.745,0,0,0,46.92
10.75,0,0,0,-47.8095
10.755,0,0,0,40.4183
10.76,0,0,0,25.1781
10.765,0,0,0,-132.9
10.77,0,0,0,111.491
10.775,0,0,0,-23.8203
10.78,0,0,0,-48.458
10.785,0,0,0,28.8314
10.79,0,0,0,8.53187
10.795,0,0,0,-61.305
10.8,0,0,0,23.8244
10.805,0,0,0,10.849
10.81,0,0,0,-32.9267
10.815,0,0,0,-13.8698
10.82,0,0,0,-67.17
10.825,0,0,0,31.425
10.83,0,0,0,43.777
10.835,0,0,0,-34.3174
10.84,0,0,0,30.6047
10.845,0,0,0,-66.8503
10.85,0,0,0,-17.225
10.855,0,0,0,41.4118
10.86,0,0,0,-41.8649
10.865,0,0,0,-3.80342
10.87,0,0,0,13.9557
10.875,0,0,0,-15.4308
10.88,0,0,0,4.99094
10.885,0,0,0,-34.4242
10.89,0,0,0,29.8277
10.895,0,0,0,-64.0815
10.9,0,0,0,33.2422
10.905,0,0,0,-61.9138
10.91,0,0,0,-1.45351
10.915,0,0,0,-5.07612
10.92,0,0,0,-9.84366
10.925,0,0,0,10.9942
10.93,0,0,0,6.19452
10.935,0,0,0,6.49821
10.94,0,0,0,2.5775
10.945,0,0,0,2.50909
10.95,0,0,0,-4.42685
10.955,0,0,0,-18.9236
10.96,0,0,0,63.5321
10.965,0,0,0,24.6817
10.97,0,0,0,-31.425
10.975,0,0,0,7.1377
10.98,0,0,0,-9.88624
10.985,0,0,0,-1.21964
10.99,0,0,0,1.71531
10.995,0,0,0,3.57932
11,0,0,0,-10.8978
11.005,0,0,0,3.63727
11.01,0,0,0,6.71184
11.015,0,0,0,-8.10671
11.02,0,0,0,15.3931
11.025,0,0,0,-10.1306
11.03,0,0,0,34.7914
11.035,0,0,0,22.9671
11.04,0,0,0,-18.4823
11.045,0,0,0,-29.8535
11.05,0,0,0,-20.3631
11.055,0,0,0,-5.27857
11.06,0,0,0,1.41721
11.065,0,0,0,1.62944
11.07,0,0,0,-11.8082
11.075,0,0,0,-10.9614
11.08,0,0,0,13.1556
11.085,0,0,0,-14.1358
11.09,0,0,0,7.73879
11.095,0,0,0,2.3171
11.1,0,0,0,-3.49904
11.105,0,0,0,9.20347
11.11,0,0,0,-12.9266
11.115,0,0,0,-1.70484
11.12,0,0,0,-1.20288
11.125,0,0,0,6.02278
11.13,0,0,0,-7.47699
11.135,0,0,0,-13.2317
11.14,0,0,0,-8.76085
11.145,0,0,0,-11.7286
11.15,0,0,0,4.87296
11.155,0,0,0,0.404916
11.16,0,0,0,23.09
11.165,0,0,0,-6.00812
11.17,0,0,0,5.44333
11.175,0,0,0,1.26711
11.18,0,0,0,4.86388
11.185,0,0,0,9.92743
11.19,0,0,0,7.18098
11.195,0,0,0,27.7808
11.2,0,0,0,6.33415
11.205,0,0,0,0.819607
11.21,0,0,0,-7.5098
11.215,0,0,0,0.67649
11.22,0,0,0,-3.0257
11.225,0,0,0,23.074
11.23,0,0,0,-18.238
11.235,0,0,0,-8.04178
11.24,0,0,0,-2.14187
11.245,0,0,0,26.6582
11.25,0,0,0,20.5174
11.255,0,0,0,16.4906
11.26,0,0,0,-69.9779
11.265,0,0,0,-18.3965
11.27,0,0,0,34.0402
11.275,0,0,0,-22.1042
11.28,0,0,0,24.0911
11.285,0,0,0,27.9309
11.29,0,0,0,-29.4228
11.295,0,0,0,30.5098
11.3,0,0,0,-29.8437
11.305,0,0,0,-6.30064
11.31,0,0,0,27.5371
11.315,0,0,0,4.62792
11.32,0,0,0,24.4646
11.325,0,0,0,-6.87171
11.33,0,0,0,-54.6107
11.335,0,0,0,20.4106
11.34,0,0,0,22.5839
11.345,0,0,0,-50.0944
11.35,0,0,0,32.7466
11.355,0,0,0,-31.0794
11.36,0,0,0,22.1796
11.365,0,0,0,-8.95424
11.37,0,0,0,-39.5268
11.375,0,0,0,38.5041
11.38,0,0,0,19.8465
11.385,0,0,0,-21.3538
11.39,0,0,0,-2.70037
11.395,0,0,0,-5.007
11.4,0,0,0,24.9331
11.405,0,0,0,-18.0516
11.41,0,0,0,-2.84349
11.415,0,0,0,14.8758
11.42,0,0,0,-35.995
11.425,0,0,0,17.5929
11.43,0,0,0,23.7393
11.435,0,0,0,-29.9128
11.44,0,0,0,7.24381
11.445,0,0,0,-20.5432
11.45,0,0,0,14.0883
11.455,0,0,0,-2.68501
11.46,0,0,0,-11.4619
11.465,0,0,0,-16.2351
11.47,0,0,0,-16.7244
11.475,0,0,0,24.5491
11.48,0,0,0,-59.9744
11.485,0,0,0,16.677
11.49,0,0,0,-9.55603
11.495,0,0,0,8.60796
11.5,0,0,0,26.4878
11.505,0,0,0,-96.8867
11.51,0,0,0,39.3837
11.515,0,0,0,-42.2537
11.52,0,0,0,20.687
11.525,0,0,0,17.5559
11.53,0,0,0,-16.0808
11.535,0,0,0,-35.4511
11.54,0,0,0,5.24576
11.545,0,0,0,-26.5995
11.55,0,0,0,-25.6996
11.555,0,0,0,-37.6405
11.56,0,0,0,-41.0718
11.565,0,0,0,71.0154
11.57,0,0,0,-84.3525
11.575,0,0,0,49.3754
11.58,0,0,0,-11.1108
11.585,0,0,0,-44.6406
11.59,0,0,0,94.2289
11.595,0,0,0,-53.5355
11.6,0,0,0,-74.8558
11.605,0,0,0,54.3705
11.61,0,0,0,-48.0217
11.615,0,0,0,-42.7438
11.62,0,0,0,18.2911
11.625,0,0,0,-21.1248
11.63,0,0,0,53.338
11.635,0,0,0,-13.8328
11.64,0,0,0,-1.09118
11.645,0,0,0,-9.31098
11.65,0,0,0,24.3948
11.655,0,0,0,-50.6641
11.66,0,0,0,45.905
11.665,0,0,0,-12.7297
11.67,0,0,0,28.5487
11.675,0,0,0,-31.7392
11.68,0,0,0,-4.69843
11.685,0,0,0,47.304
11.69,0,0,0,-77.1659
11.695,0,0,0,53.916
11.7,0,0,0,59.8411
11.705,0,0,0,-6.97992
11.71,0,0,0,11.3237
11.715,0,0,0,27.6202
11.72,0,0,0,-11.7747
11.725,0,0,0,-19.6301
11.73,0,0,0,9.17485
11.735,0,0,0,62.968
11.74,0,0,0,-14.0457
11.745,0,0,0,-24.6182
11.75,0,0,0,11.9653
11.755,0,0,0,-13.8028
11.76,0,0,0,21.8774
11.765,0,0,0,-51.9019
11.77,0,0,0,-4.1092
11.775,0,0,0,82.5708
11.78,0,0,0,-9.72567
11.785,0,0,0,-4.77732
11.79,0,0,0,-27.1755
11.795,0,0,0,-4.03939
11.8,0,0,0,-45.7213
11.805,0,0,0,8.55142
11.81,0,0,0,-29.3404
11.815,0,0,0,-44.4347
11.82,0,0,0,2.05041
11.825,0,0,0,-19.5128
11.83,0,0,0,-61.9236
11.835,0,0,0,18.6289
11.84,0,0,0,-21.9025
11.845,0,0,0,50.6564
11.85,0,0,0,49.1087
11.855,0,0,0,26.8097
11.86,0,0,0,6.23501
11.865,0,0,0,13.4677
11.87,0,0,0,22.1273
11.875,0,0,0,106.58
11.88,0,0,0,-34.4479
11.885,0,0,0,-33.5103
11.89,0,0,0,-59.7587
11.895,0,0,0,-273.885
11.9,0,0,0,39.7453
11.905,0,0,0,109.246
11.91,0,0,0,0.478918
11.915,0,0,0,-50.5622
11.92,0,0,0,-208.321
11.925,0,0,0,209.312
11.93,0,0,0,-154.219
11.935,0,0,0,16.5115
11.94,0,0,0,49.2476
11.945,0,0,0,24.2719
11.95,0,0,0,-101.2
11.955,0,0,0,-47.3347
11.96,0,0,0,-4.25302
11.965,0,0,0,-11.1959
11.97,0,0,0,0.585732
11.975,0,0,0,138.945
11.98,0,0,0,91.8979
11.985,0,0,0,-50.9887
11.99,0,0,0,61.564
11.995,0,0,0,-41.7636
12,0,0,0,-21.3838
12.005,0,0,0,-86.0468
12.01,0,0,0,75.7152
12.015,0,0,0,112.764
12.02,0,0,0,-52.9903
12.025,0,0,0,-94.9662
12.03,0,0,0,19.2656
12.035,0,0,0,-105.975
12.04,0,0,0,5.29812
12.045,0,0,0,51.4272
12.05,0,0,0,-16.9499
12.055,0,0,0,74.3091
12.06,0,0,0,-45.6494
12.065,0,0,0,-42.0192
12.07,0,0,0,-18.8845
12.075,0,0,0,-8.13603
12.08,0,0,0,-6.28807
12.085,0,0,0,19.8891
12.09,0,0,0,32.852
12.095,0,0,0,133.516
12.1,0,0,0,-54.3942
12.105,0,0,0,-7.81977
12.11,0,0,0,76.7847
12.115,0,0,0,-182.312
12.12,0,0,0,213.241
12.125,0,0,0,-35.9796
12.13,0,0,0,-76.7058
12.135,0,0,0,-8.49487
12.14,0,0,0,86.3212
12.145,0,0,0,13.305
12.15,0,0,0,-29.9533
12.155,0,0,0,32.357
12.16,0,0,0,12.4561
12.165,0,0,0,20.8336
12.17,0,0,0,-12.3527
12.175,0,0,0,10.7659
12.18,0,0,0,8.02153
12.185,0,0,0,14.4639
12.19,0,0,0,21.3558
12.195,0,0,0,43.1424
12.2,0,0,0,-21.8229
12.205,0,0,0,-0.580846
12.21,0,0,0,47.8576
12.215,0,0,0,9.25513
12.22,0,0,0,11.0151
12.225,0,0,0,31.3049
12.23,0,0,0,0.899892
12.235,0,0,0,23.3721
12.24,0,0,0,14.0576
12.245,0,0,0,22.6495
12.25,0,0,0,-0.111003
12.255,0,0,0,20.7569
12.26,0,0,0,20.0112
12.265,0,0,0,13.8063
12.27,0,0,0,15.5928
12.275,0,0,0,1.01508
12.28,0,0,0,9.44991
12.285,0,0,0,27.1901
12.29,0,0,0,-12.609
12.295,0,0,0,-7.53424
12.3,0,0,0,5.78332
12.305,0,0,0,18.1549
12.31,0,0,0,-7.48118
12.315,0,0,0,-3.12554
12.32,0,0,0,-9.87787
12.325,0,0,0,28.6639
12.33,0,0,0,16.6616
12.335,0,0,0,8.09693
12.34,0,0,0,-1.13028
12.345,0,0,0,-22.8122
12.35,0,0,0,26.1583
12.355,0,0,0,-11.2155
12.36,0,0,0,-4.68726
12.365,0,0,0,2.41484
12.37,0,0,0,-1.91148
12.375,0,0,0,-0.603884
12.38,0,0,0,8.98356
12.385,0,0,0,4.17204
12.39,0,0,0,-9.4548
12.395,0,0,0,-4.43593
12.4,0,0,0,22.9609
12.405,0,0,0,-29.6915
12.41,0,0,0,22.6935
12.415,0,0,0,12.1964
12.42,0,0,0,0.526391
12.425,0,0,0,9.47993
12.43,0,0,0,4.83037
12.435,0,0,0,1.98269
12.44,0,0,0,6.57012
12.445,0,0,0,7.59707
12.45,0,0,0,8.1074
12.455,0,0,0,2.73877
12.46,0,0,0,-3.24212
12.465,0,0,0,-5.84057
12.47,0,0,0,7.61452
12.475,0,0,0,-9.45968
12.48,0,0,0,1.91358
12.485,0,0,0,4.65654
12.49,0,0,0,12.1957
12.495,0,0,0,1.45211
12.5,0,0,0,2.50839
12.505,0,0,0,7.23683
12.51,0,0,0,3.65751
12.515,0,0,0,4.7082
12.52,0,0,0,-1.80676
12.525,0,0,0,9.35427
12.53,0,0,0,14.2314
12.535,0,0,0,33.2283
12.54,0,0,0,30.2584
12.545,0,0,0,22.2725
12.55,0,0,0,-104.97
12.555,0,0,0,12.7737
12.56,0,0,0,37.9218
12.565,0,0,0,-21.2609
12.57,0,0,0,-19.2719
12.575,0,0,0,-3.61842
12.58,0,0,0,16.788
12.585,0,0,0,11.6183
12.59,0,0,0,22.7535
12.595,0,0,0,-4.61814
12.6,0,0,0,22.9336
12.605,0,0,0,-15.6863
12.61,0,0,0,31.2735
12.615,0,0,0,-29.1561
12.62,0,0,0,-4.55042
12.625,0,0,0,-21.707
12.63,0,0,0,19.0611
12.635,0,0,0,12.3102
12.64,0,0,0,-43.5439
12.645,0,0,0,-4.01845
12.65,0,0,0,32.6712
12.655,0,0,0,2.10277
12.66,0,0,0,12.5119
12.665,0,0,0,4.06522
12.67,0,0,0,-12.2313
12.675,0,0,0,4.99164
12.68,0,0,0,0.710698
12.685,0,0,0,11.76
12.69,0,0,0,-9.80386
12.695,0,0,0,15.1159
12.7,0,0,0,-16.344
12.705,0,0,0,8.4453
12.71,0,0,0,19.7844
12.715,0,0,0,-18.9187
12.72,0,0,0,-17.9315
12.725,0,0,0,19.251
12.73,0,0,0,27.8582
12.735,0,0,0,-58.907
12.74,0,0,0,22.1545
12.745,0,0,0,7.137
12.75,0,0,0,33.9599
12.755,0,0,0,5.37212
12.76,0,0,0,-44.6637
12.765,0,0,0,75.6747
12.77,0,0,0,-20.7631
12.775,0,0,0,-2.01062
12.78,0,0,0,46.0355
12.785,0,0,0,-45.1566
12.79,0,0,0,31.0082
12.795,0,0,0,11.6888
12.8,0,0,0,22.0505
12.805,0,0,0,-20.4176
12.81,0,0,0,-39.2748
12.815,0,0,0,39.0681
12.82,0,0,0,-0.72117
12.825,0,0,0,46.3922
12.83,0,0,0,-56.6324
12.835,0,0,0,-39.2245
12.84,0,0,0,-16.5513
12.845,0,0,0,39.7069
12.85,0,0,0,-7.85398
12.855,0,0,0,-37.7857
12.86,0,0,0,73.4162
12.865,0,0,0,-29.9233
12.87,0,0,0,-34.1645
12.875,0,0,0,78.7067
12.88,0,0,0,-25.5991
12.885,0,0,0,-48.2081
12.89,0,0,0,84.3434
12.895,0,0,0,98.0798
12.9,0,0,0,-177.934
12.905,0,0,0,161.028
12.91,0,0,0,-5.9781
12.915,0,0,0,20.8574
12.92,0,0,0,29.3941
12.925,0,0,0,133.052
12.93,0,0,0,-144.604
12.935,0,0,0,7.30316
12.94,0,0,0,35.146
12.945,0,0,0,-74.6764
12.95,0,0,0,28.5689
12.955,0,0,0,137.021
12.96,0,0,0,-144.769
12.965,0,0,0,51.0132
12.97,0,0,0,-78.477
12.975,0,0,0,16.5981
12.98,0,0,0,-94.5487
12.985,0,0,0,10.25
12.99,0,0,0,-41.3399
12.995,0,0,0,-25.2012
13,0,0,0,-42.0247
13.005,0,0,0,11.5708
13.01,0,0,0,27.1566
13.015,0,0,0,-40.5035
13.02,0,0,0,73.0071
13.025,0,0,0,-38.8315
13.03,0,0,0,25.9
13.035,0,0,0,26.0822
13.04,0,0,0,34.8661
13.045,0,0,0,-0.182911
13.05,0,0,0,36.7483
13.055,0,0,0,-0.607375
13.06,0,0,0,19.4339
13.065,0,0,0,23.5019
13.07,0,0,0,-39.117
13.075,0,0,0,53.967
13.08,0,0,0,54.9437
13.085,0,0,0,-34.2434
13.09,0,0,0,-30.5782
13.095,0,0,0,-80.1532
13.1,0,0,0,2.9908
13.105,0,0,0,-38.9299
13.11,0,0,0,28.4049
13.115,0,0,0,-13.8663
13.12,0,0,0,-27.5113
13.125,0,0,0,21.0661
13.13,0,0,0,43.5899
13.135,0,0,0,-8.79576
13.14,0,0,0,28.2129
13.145,0,0,0,-32.0289
13.15,0,0,0,44.9157
13.155,0,0,0,16.1638
13.16,0,0,0,144.811
13.165,0,0,0,-80.7578
13.17,0,0,0,22.366
13.175,0,0,0,33.3714
13.18,0,0,0,-54.5548
13.185,0,0,0,12.9057
13.19,0,0,0,-16.0933
13.195,0,0,0,-67.2426
13.2,0,0,0,26.4829
13.205,0,0,0,30.4532
13.21,0,0,0,-40.44
13.215,0,0,0,-65.5406
13.22,0,0,0,18.7358
13.225,0,0,0,-17.958
13.23,0,0,0,6.14356
13.235,0,0,0,-37.6754
13.24,0,0,0,5.59832
13.245,0,0,0,45.3241
13.25,0,0,0,-76.9418
13.255,0,0,0,53.2905
13.26,0,0,0,40.6103
13.265,0,0,0,-53.9349
13.27,0,0,0,-0.715585
13.275,0,0,0,26.1436
13.28,0,0,0,2.00015
13.285,0,0,0,5.12149
13.29,0,0,0,-22.3626
13.295,0,0,0,-59.0131
13.3,0,0,0,-29.4898
13.305,0,0,0,-48.1627
13.31,0,0,0,-18.1598
13.315,0,0,0,-8.19746
13.32,0,0,0,-31.0152
13.325,0,0,0,3.54441
13.33,0,0,0,0.911062
13.335,0,0,0,11.3607
13.34,0,0,0,34.2434
13.345,0,0,0,-49.6064
13.35,0,0,0,1.97013
13.355,0,0,0,4.71379
13.36,0,0,0,8.24005
13.365,0,0,0,-40.9594
13.37,0,0,0,6.92477
13.375,0,0,0,-13.1514
13.38,0,0,0,-11.0417
13.385,0,0,0,-7.91961
13.39,0,0,0,33.0119
13.395,0,0,0,16.9067
13.4,0,0,0,22.7849
13.405,0,0,0,7.2871
13.41,0,0,0,-26.8446
13.415,0,0,0,-2.74854
13.42,0,0,0,20.2933
13.425,0,0,0,-32.4429
13.43,0,0,0,-17.7046
13.435,0,0,0,-23.3399
13.44,0,0,0,-23.4035
13.445,0,0,0,2.55097
13.45,0,0,0,20.5223
13.455,0,0,0,3.04665
13.46,0,0,0,-36.4369
13.465,0,0,0,-12.5014
13.47,0,0,0,5.18782
13.475,0,0,0,-10.1571
13.48,0,0,0,39.9583
13.485,0,0,0,-24.2349
13.49,0,0,0,13.5926
13.495,0,0,0,11.6434
13.5,0,0,0,-23.5473
13.505,0,0,0,-4.16575
13.51,0,0,0,20.805
13.515,0,0,0,-13.0767
13.52,0,0,0,-18.9075
13.525,0,0,0,-6.20081
13.53,0,0,0,-8.84672
13.535,0,0,0,17.1084
13.54,0,0,0,27.7766
13.545,0,0,0,-23.9096
13.55,0,0,0,-26.0459
13.555,0,0,0,9.32145
13.56,0,0,0,-18.9145
13.565,0,0,0,5.59832
13.57,0,0,0,1.18264
13.575,0,0,0,1.92265
13.58,0,0,0,-16.8159
13.585,0,0,0,-1.59663
13.59,0,0,0,-1.09816
13.595,0,0,0,14.3655
13.6,0,0,0,-2.06158
13.605,0,0,0,2.77507
13.61,0,0,0,-0.521504
13.615,0,0,0,3.48856
13.62,0,0,0,15.6486
13.625,0,0,0,10.2688
13.63,0,0,0,-5.00072
13.635,0,0,0,7.26965
13.64,0,0,0,8.03829
13.645,0,0,0,-3.97446
13.65,0,0,0,3.60166
13.655,0,0,0,-16.0703
13.66,0,0,0,-17.1133
13.665,0,0,0,6.92966
13.67,0,0,0,-9.55533
13.675,0,0,0,8.92143
13.68,0,0,0,13.0976
13.685,0,0,0,-4.91136
13.69,0,0,0,10.0936
13.695,0,0,0,7.57473
13.7,0,0,0,7.35482
13.705,0,0,0,-12.9057
13.71,0,0,0,10.4936
13.715,0,0,0,-15.0692
13.72,0,0,0,-2.4281
13.725,0,0,0,9.03313
13.73,0,0,0,-5.57109
13.735,0,0,0,8.86278
13.74,0,0,0,3.55838
13.745,0,0,0,-14.584
13.75,0,0,0,56.4272
13.755,0,0,0,-96.1565
13.76,0,0,0,-77.9234
13.765,0,0,0,47.7822
13.77,0,0,0,12.6285
13.775,0,0,0,2.29546
13.78,0,0,0,1.27339
13.785,0,0,0,6.32228
13.79,0,0,0,-1.17705
13.795,0,0,0,-2.2424
13.8,0,0,0,26.8871
13.805,0,0,0,-39.0367
13.81,0,0,0,-8.14929
13.815,0,0,0,-29.598
13.82,0,0,0,3.95771
13.825,0,0,0,29.6776
13.83,0,0,0,34.2748
13.835,0,0,0,16.1715
13.84,0,0,0,15.3764
13.845,0,0,0,-6.23152
13.85,0,0,0,-30.2431
13.855,0,0,0,41.4502
13.86,0,0,0,7.07277
13.865,0,0,0,-3.88301
13.87,0,0,0,-17.5978
13.875,0,0,0,-7.1007
13.88,0,0,0,-12.6278
13.885,0,0,0,36.6554
13.89,0,0,0,13.2198
13.895,0,0,0,-43.0684
13.9,0,0,0,-32.9811
13.905,0,0,0,27.5378
13.91,0,0,0,34.4395
13.915,0,0,0,32.2935
13.92,0,0,0,7.72902
13.925,0,0,0,-49.3062
13.93,0,0,0,-4.54833
13.935,0,0,0,-20.6291
13.94,0,0,0,63.8253
13.945,0,0,0,3.22258
13.95,0,0,0,-3.30286
13.955,0,0,0,15.2235
13.96,0,0,0,-65.7856
13.965,0,0,0,-30.7862
13.97,0,0,0,2.95589
13.975,0,0,0,-15.2814
13.98,0,0,0,7.60126
13.985,0,0,0,-28.5759
13.99,0,0,0,7.49933
13.995,0,0,0,39.8249
14,0,0,0,-4.22928
14.005,0,0,0,-25.6885
14.01,0,0,0,-23.5585
14.015,0,0,0,-58.9942
14.02,0,0,0,-12.5007
14.025,0,0,0,-7.08953
14.03,0,0,0,-9.77943
14.035,0,0,0,55.9692
14.04,0,0,0,-22.2481
14.045,0,0,0,22.0987
14.05,0,0,0,-44.6818
14.055,0,0,0,-17.8861
14.06,0,0,0,35.7981
14.065,0,0,0,-14.5093
14.07,0,0,0,-7.07277
14.075,0,0,0,60.3207
14.08,0,0,0,-56.3692
14.085,0,0,0,-9.74662
14.09,0,0,0,30.5998
14.095,0,0,0,35.5426
14.1,0,0,0,-16.4962
14.105,0,0,0,-39.161
14.11,0,0,0,72.3893
14.115,0,0,0,-89.4202
14.12,0,0,0,-107.139
14.125,0,0,0,10.9188
14.13,0,0,0,-12.6599
14.135,0,0,0,67.8996
14.14,0,0,0,58.4399
14.145,0,0,0,4.45059
14.15,0,0,0,-20.8713
14.155,0,0,0,2.42671
14.16,0,0,0,18.7134
14.165,0,0,0,-39.8326
14.17,0,0,0,-59.1255
14.175,0,0,0,42.6356
14.18,0,0,0,-21.3887
14.185,0,0,0,7.78487
14.19,0,0,0,35.5475
14.195,0,0,0,-104.116
14.2,0,0,0,25.3478
14.205,0,0,0,10.2905
14.21,0,0,0,23.9201
14.215,0,0,0,-9.61886
14.22,0,0,0,-39.2392
14.225,0,0,0,1.66784
14.23,0,0,0,68.9293
14.235,0,0,0,100.229
14.24,0,0,0,-118.967
14.245,0,0,0,30.1104
14.25,0,0,0,10.8552
14.255,0,0,0,-73.0057
14.26,0,0,0,76.4538
14.265,0,0,0,21.9234
14.27,0,0,0,-72.2113
14.275,0,0,0,-69.5304
14.28,0,0,0,29.45
14.285,0,0,0,-10.0726
14.29,0,0,0,-110.269
14.295,0,0,0,26.9011
14.3,0,0,0,-86.9335
14.305,0,0,0,13.0572
14.31,0,0,0,-39.9499
14.315,0,0,0,11.2811
14.32,0,0,0,-51.1591
14.325,0,0,0,10.1383
14.33,0,0,0,62.8053
14.335,0,0,0,-25.9153
14.34,0,0,0,64.4571
14.345,0,0,0,38.0189
14.35,0,0,0,38.7491
14.355,0,0,0,16.3174
14.36,0,0,0,17.6934
14.365,0,0,0,-16.0535
14.37,0,0,0,2.11813
14.375,0,0,0,-34.5659
14.38,0,0,0,-40.2592
14.385,0,0,0,-72.5652
14.39,0,0,0,-23.7134
14.395,0,0,0,-20.1676
14.4,0,0,0,16.1652
14.405,0,0,0,20.4608
14.41,0,0,0,-30.2584
14.415,0,0,0,51.0048
14.42,0,0,0,44.9834
14.425,0,0,0,-59.152
14.43,0,0,0,83.6634
14.435,0,0,0,-20.7617
14.44,0,0,0,-16.7566
14.445,0,0,0,-50.3737
14.45,0,0,0,204.973
14.455,0,0,0,-125.134
14.46,0,0,0,-9.14343
14.465,0,0,0,40.329
14.47,0,0,0,-108.561
14.475,0,0,0,90.2978
14.48,0,0,0,18.2617
14.485,0,0,0,-168.285
14.49,0,0,0,47.186
14.495,0,0,0,14.806
14.5,0,0,0,-22.6586
14.505,0,0,0,-39.0416
14.51,0,0,0,-23.8698
14.515,0,0,0,-33.3539
14.52,0,0,0,41.3755
14.525,0,0,0,20.4392
14.53,0,0,0,42.6921
14.535,0,0,0,-41.4083
14.54,0,0,0,63.1062
14.545,0,0,0,-13.4341
14.55,0,0,0,-75.3312
14.555,0,0,0,18.2366
14.56,0,0,0,-2.82534
14.565,0,0,0,-4.26628
14.57,0,0,0,-9.99725
14.575,0,0,0,-20.8197
14.58,0,0,0,-22.1573
14.585,0,0,0,64.2316
14.59,0,0,0,-49.5087
14.595,0,0,0,95.1847
14.6,0,0,0,23.3434
14.605,0,0,0,-10.7282
14.61,0,0,0,-46.3888
14.615,0,0,0,29.1372
14.62,0,0,0,24.0451
14.625,0,0,0,-20.5579
14.63,0,0,0,-54.6728
14.635,0,0,0,49.6546
14.64,0,0,0,28.6541
14.645,0,0,0,-30.6201
14.65,0,0,0,58.7164
14.655,0,0,0,-52.3522
14.66,0,0,0,25.0727
14.665,0,0,0,-22.4959
14.67,0,0,0,-10.8573
14.675,0,0,0,47.0897
14.68,0,0,0,28.8698
14.685,0,0,0,3.87393
14.69,0,0,0,44.9904
14.695,0,0,0,42.4129
14.7,0,0,0,12.0065
14.705,0,0,0,29.9806
14.71,0,0,0,380.721
14.715,0,0,0,88.0407
14.72,0,0,0,21.6637
14.725,0,0,0,-59.7028
14.73,0,0,0,-18.8935
14.735,0,0,0,-30.7932
14.74,0,0,0,66.9194
14.745,0,0,0,-144.968
14.75,0,0,0,52.9184
14.755,0,0,0,-30.9035
14.76,0,0,0,-29.753
14.765,0,0,0,-15.3603
14.77,0,0,0,-11.8354
14.775,0,0,0,18.0293
14.78,0,0,0,-22.6146
14.785,0,0,0,-14.4199
14.79,0,0,0,-6.79631
14.795,0,0,0,-11.9374
14.8,0,0,0,-24.8025
14.805,0,0,0,19.6964
14.81,0,0,0,53.1355
14.815,0,0,0,36.8746
14.82,0,0,0,-42.6761
14.825,0,0,0,-91.4294
14.83,0,0,0,-91.9558
14.835,0,0,0,-83.5552
14.84,0,0,0,-32.0086
14.845,0,0,0,38.8845
14.85,0,0,0,78.5754
14.855,0,0,0,59.2895
14.86,0,0,0,140.509
14.865,0,0,0,-6.66506
14.87,0,0,0,-8.06412
14.875,0,0,0,49.1185
14.88,0,0,0,-42.3522
14.885,0,0,0,6.49961
14.89,0,0,0,-17.0595
14.895,0,0,0,0.591318
14.9,0,0,0,-2.93355
14.905,0,0,0,20.0329
14.91,0,0,0,19.7781
14.915,0,0,0,6.12611
14.92,0,0,0,-12.9866
14.925,0,0,0,-15.0929
14.93,0,0,0,-25.4448
14.935,0,0,0,-13.0837
14.94,0,0,0,-2.79881
14.945,0,0,0,-23.7051
14.95,0,0,0,2.69269
14.955,0,0,0,4.32353
14.96,0,0,0,8.66661
14.965,0,0,0,18.2952
14.97,0,0,0,5.36584
14.975,0,0,0,6.10307
14.98,0,0,0,6.44236
14.985,0,0,0,12.5608
14.99,0,0,0,-6.28668
14.995,0,0,0,1.0095
15,0,0,0,-9.44433
15.005,0,0,0,2.18376
15.01,0,0,0,13.4851
15.015,0,0,0,-2.81836
15.02,0,0,0,0.511032
15.025,0,0,0,-5.48173
15.03,0,0,0,0.0844739
15.035,0,0,0,-5.15989
15.04,0,0,0,-5.59064
15.045,0,0,0,1.68389
15.05,0,0,0,-2.67803
15.055,0,0,0,12.3011
15.06,0,0,0,-2.44765
15.065,0,0,0,6.56942
15.07,0,0,0,3.22816
15.075,0,0,0,-0.731642
15.08,0,0,0,-9.81224
15.085,0,0,0,10.7526
15.09,0,0,0,-6.58478
15.095,0,0,0,0.311367
15.1,0,0,0,-7.84281
15.105,0,0,0,0.64647
15.11,0,0,0,7.55448
15.115,0,0,0,5.43146
15.12,0,0,0,2.86374
15.125,0,0,0,10.9816
15.13,0,0,0,6.74046
15.135,0,0,0,6.279
15.14,0,0,0,1.16588
15.145,0,0,0,9.65446
15.15,0,0,0,-9.26979
15.155,0,0,0,3.735
15.16,0,0,0,3.92978
15.165,0,0,0,-0.583638
15.17,0,0,0,3.09761
15.175,0,0,0,-6.30902
15.18,0,0,0,6.91849
15.185,0,0,0,-9.33262
15.19,0,0,0,-0.405615
15.195,0,0,0,0.20176
15.2,0,0,0,-5.62275
15.205,0,0,0,4.87366
15.21,0,0,0,3.71127
15.215,0,0,0,2.34223
15.22,0,0,0,7.6215
15.225,0,0,0,0.279253
15.23,0,0,0,4.39544
15.235,0,0,0,10.8273
15.24,0,0,0,-1.68389
15.245,0,0,0,-0.659734
15.25,0,0,0,15.5802
15.255,0,0,0,4.65095
15.26,0,0,0,31.9263
15.265,0,0,0,-28.1773
15.27,0,0,0,28.948
15.275,0,0,0,-11.2113
15.28,0,0,0,9.19579
15.285,0,0,0,21.4689
15.29,0,0,0,10.2402
15.295,0,0,0,-4.11968
15.3,0,0,0,-35.0511
15.305,0,0,0,48.3016
15.31,0,0,0,-23.7469
15.315,0,0,0,31.7357
15.32,0,0,0,-2.11604
15.325,0,0,0,-29.5421
15.33,0,0,0,30.3778
15.335,0,0,0,-39.5108
15.34,0,0,0,17.3583
15.345,0,0,0,-22.0889
15.35,0,0,0,25.1914
15.355,0,0,0,-25.9565
15.36,0,0,0,23.4293
15.365,0,0,0,-0.161967
15.37,0,0,0,-8.631
15.375,0,0,0,-14.6657
15.38,0,0,0,26.1988
15.385,0,0,0,-15.8616
15.39,0,0,0,-11.9471
15.395,0,0,0,18.2164
15.4,0,0,0,-28.2276
15.405,0,0,0,-13.2212
15.41,0,0,0,-22.713
15.415,0,0,0,41.3887
15.42,0,0,0,-0.906873
15.425,0,0,0,6.6504
15.43,0,0,0,-31.0487
15.435,0,0,0,15.1823
15.44,0,0,0,-0.818908
15.445,0,0,0,-24.5184
15.45,0,0,0,12.1517
15.455,0,0,0,21.4068
15.46,0,0,0,-31.9626
15.465,0,0,0,1.00182
15.47,0,0,0,24.2964
15.475,0,0,0,-15.8748
15.48,0,0,0,91.6235
15.485,0,0,0,-37.1797
15.49,0,0,0,3.70289
15.495,0,0,0,6.95409
15.5,0,0,0,15.1865
15.505,0,0,0,-26.159
15.51,0,0,0,24.9191
15.515,0,0,0,-14.8507
15.52,0,0,0,4.06033
15.525,0,0,0,13.1298
15.53,0,0,0,-42.8513
15.535,0,0,0,-20.59
15.54,0,0,0,-31.4711
15.545,0,0,0,38.7652
15.55,0,0,0,142.81
15.555,0,0,0,-3.22676
15.56,0,0,0,-7.49095
15.565,0,0,0,54.3803
15.57,0,0,0,-103.776
15.575,0,0,0,120.969
15.58,0,0,0,46.1011
15.585,0,0,0,-137.601
15.59,0,0,0,169.323
15.595,0,0,0,13.6841
15.6,0,0,0,-98.4882
15.605,0,0,0,172.106
15.61,0,0,0,9.46457
15.615,0,0,0,127.875
15.62,0,0,0,32.9965
15.625,0,0,0,-109.205
15.63,0,0,0,82.3097
15.635,0,0,0,-96.2954
15.64,0,0,0,190.372
15.645,0,0,0,31.3398
15.65,0,0,0,-68.5949
15.655,0,0,0,78.4588
15.66,0,0,0,-69.4069
15.665,0,0,0,-100.234
15.67,0,0,0,-104.702
15.675,0,0,0,37.0736
15.68,0,0,0,17.2571
15.685,0,0,0,-116.716
15.69,0,0,0,75.5246
15.695,0,0,0,44.182
15.7,0,0,0,32.6719
15.705,0,0,0,-168.744
15.71,0,0,0,83.9064
15.715,0,0,0,-75.4422
15.72,0,0,0,6.02697
15.725,0,0,0,-13.7343
15.73,0,0,0,67.0772
15.735,0,0,0,-220.59
15.74,0,0,0,211.4
15.745,0,0,0,22.4044
15.75,0,0,0,-51.2785
15.755,0,0,0,107.626
15.76,0,0,0,-62.2706
15.765,0,0,0,-57.6385
15.77,0,0,0,45.4763
15.775,0,0,0,24.3362
15.78,0,0,0,-45.0637
15.785,0,0,0,-116.21
15.79,0,0,0,-44.4375
15.795,0,0,0,3.69661
15.8,0,0,0,0.196873
15.805,0,0,0,22.0589
15.81,0,0,0,-54.9995
15.815,0,0,0,20.8581
15.82,0,0,0,-66.5075
15.825,0,0,0,22.8687
15.83,0,0,0,-77.8068
15.835,0,0,0,43.9153
15.84,0,0,0,52.6936
15.845,0,0,0,12.1252
15.85,0,0,0,-118.263
15.855,0,0,0,138.208
15.86,0,0,0,143.094
15.865,0,0,0,-121.845
15.87,0,0,0,41.8781
15.875,0,0,0,35.1991
15.88,0,0,0,-2.11743
15.885,0,0,0,-13.5047
15.89,0,0,0,-26.4271
15.895,0,0,0,30.6829
15.9,0,0,0,7.82955
15.905,0,0,0,21.545
15.91,0,0,0,-46.5919
15.915,0,0,0,-75.0533
15.92,0,0,0,71.6737
15.925,0,0,0,-41.913
15.93,0,0,0,-30.826
15.935,0,0,0,68.2731
15.94,0,0,0,-66.1298
15.945,0,0,0,3.4767
15.95,0,0,0,-14.4032
15.955,0,0,0,-23.9389
15.96,0,0,0,17.2222
15.965,0,0,0,6.11005
15.97,0,0,0,11.6427
15.975,0,0,0,7.29757
15.98,0,0,0,5.22482
15.985,0,0,0,2.2047
15.99,0,0,0,-13.8642
15.995,0,0,0,-48.6451
16,0,0,0,-6.6895
16.005,0,0,0,-17.838
16.01,0,0,0,17.6187
16.015,0,0,0,-28.1061
16.02,0,0,0,-42.4087
16.025,0,0,0,-21.0389
16.03,0,0,0,-74.0997
16.035,0,0,0,-50.4833
16.04,0,0,0,22.4561
16.045,0,0,0,-31.5423
16.05,0,0,0,7.05741
16.055,0,0,0,40.352
16.06,0,0,0,24.2398
16.065,0,0,0,-23.5473
16.07,0,0,0,-20.3519
16.075,0,0,0,-0.666018
16.08,0,0,0,-4.71937
16.085,0,0,0,1.30062
16.09,0,0,0,-42.0785
16.095,0,0,0,11.952
16.1,0,0,0,16.677
16.105,0,0,0,-3.47809
16.11,0,0,0,20.9851
16.115,0,0,0,-14.1832
16.12,0,0,0,14.4073
16.125,0,0,0,-16.5003
16.13,0,0,0,-11.6923
16.135,0,0,0,-13.0167
16.14,0,0,0,20.2661
16.145,0,0,0,15.9635
16.15,0,0,0,-13.268
16.155,0,0,0,0.66532
16.16,0,0,0,2.74924
16.165,0,0,0,-12.2403
16.17,0,0,0,-1.75231
16.175,0,0,0,-1.65178
16.18,0,0,0,13.9291
16.185,0,0,0,3.21141
16.19,0,0,0,-9.08618
16.195,0,0,0,21.9437
16.2,0,0,0,-29.0283
16.205,0,0,0,-45.1028
16.21,0,0,0,-10.8608
16.215,0,0,0,-7.88819
16.22,0,0,0,8.25052
16.225,0,0,0,4.98047
16.23,0,0,0,-0.404916
16.235,0,0,0,1.03323
16.24,0,0,0,0.233874
16.245,0,0,0,15.6968
16.25,0,0,0,2.0937
16.255,0,0,0,0.111701
16.26,0,0,0,15.5956
16.265,0,0,0,7.44069
16.27,0,0,0,-2.69479
16.275,0,0,0,14.274
16.28,0,0,0,-16.6819
16.285,0,0,0,15.8832
16.29,0,0,0,4.62303
16.295,0,0,0,-1.77325
16.3,0,0,0,6.84379
16.305,0,0,0,-16.3356
16.31,0,0,0,-5.42728
16.315,0,0,0,3.73361
16.32,0,0,0,-3.37686
16.325,0,0,0,-10.2269
16.33,0,0,0,-6.62527
16.335,0,0,0,3.21141
16.34,0,0,0,-3.86137
16.345,0,0,0,6.25247
16.35,0,0,0,3.89418
16.355,0,0,0,14.0611
16.36,0,0,0,9.06594
16.365,0,0,0,-3.30286
16.37,0,0,0,17.1992
16.375,0,0,0,-14.3871
16.38,0,0,0,0.0383972
16.385,0,0,0,19.3599
16.39,0,0,0,22.4568
16.395,0,0,0,10.9181
16.4,0,0,0,9.8653
16.405,0,0,0,-13.8328
16.41,0,0,0,-2.81277
16.415,0,0,0,20.0273
16.42,0,0,0,3.97377
16.425,0,0,0,-34.1212
16.43,0,0,0,-42.5141
16.435,0,0,0,-30.685
16.44,0,0,0,25.0385
16.445,0,0,0,-16.3084
16.45,0,0,0,23.7546
16.455,0,0,0,-2.44416
16.46,0,0,0,-17.6893
16.465,0,0,0,-6.32158
16.47,0,0,0,0.398633
16.475,0,0,0,27.9693
16.48,0,0,0,-0.682075
16.485,0,0,0,-0.240157
16.49,0,0,0,-20.5272
16.495,0,0,0,-4.2614
16.5,0,0,0,30.4511
16.505,0,0,0,8.39434
16.51,0,0,0,5.21365
16.515,0,0,0,-16.9318
16.52,0,0,0,-16.1492
16.525,0,0,0,-28.8957
16.53,0,0,0,-25.4546
16.535,0,0,0,15.8518
16.54,0,0,0,-31.751
16.545,0,0,0,-25.257
16.55,0,0,0,-1.47027
16.555,0,0,0,-17.3367
16.56,0,0,0,24.3089
16.565,0,0,0,-15.6598
16.57,0,0,0,12.72
16.575,0,0,0,37.5448
16.58,0,0,0,12.6662
16.585,0,0,0,-16.4529
16.59,0,0,0,58.5516
16.595,0,0,0,2.17398
16.6,0,0,0,47.489
16.605,0,0,0,51.7134
16.61,0,0,0,64.2777
16.615,0,0,0,-2.8756
16.62,0,0,0,-2.74854
16.625,0,0,0,-70.4143
16.63,0,0,0,-39.9848
16.635,0,0,0,20.5174
16.64,0,0,0,-94.0362
16.645,0,0,0,-10.6102
16.65,0,0,0,-33.6835
16.655,0,0,0,8.23935
16.66,0,0,0,-47.3983
16.665,0,0,0,-147.353
16.67,0,0,0,-26.3433
16.675,0,0,0,126.078
16.68,0,0,0,-22.5085
16.685,0,0,0,-19.244
16.69,0,0,0,21.0068
16.695,0,0,0,29.0821
16.7,0,0,0,35.9894
16.705,0,0,0,82.3083
16.71,0,0,0,-4.51691
16.715,0,0,0,10.8071
16.72,0,0,0,-10.509
16.725,0,0,0,-37.0554
16.73,0,0,0,-12.9266
16.735,0,0,0,-46.3608
16.74,0,0,0,-5.98578
16.745,0,0,0,-59.0913
16.75,0,0,0,-75.5427
16.755,0,0,0,-51.372
16.76,0,0,0,-163.178
16.765,0,0,0,-35.1537
16.77,0,0,0,10.9509
16.775,0,0,0,28.8531
16.78,0,0,0,101.607
16.785,0,0,0,50.6509
16.79,0,0,0,43.1027
16.795,0,0,0,30.5495
16.8,0,0,0,41.7608
16.805,0,0,0,7.78766
16.81,0,0,0,-13.3085
16.815,0,0,0,5.93901
16.82,0,0,0,24.0751
16.825,0,0,0,-34.5415
16.83,0,0,0,-63.2228
16.835,0,0,0,-32.0652
16.84,0,0,0,-40.4372
16.845,0,0,0,-77.7984
16.85,0,0,0,-44.9339
16.855,0,0,0,33.0028
16.86,0,0,0,-61.2108
16.865,0,0,0,50.4198
16.87,0,0,0,-54.9821
16.875,0,0,0,60.9902
16.88,0,0,0,67.8409
16.885,0,0,0,66.5494
16.89,0,0,0,-30.1865
16.895,0,0,0,36.3678
16.9,0,0,0,-63.5188
16.905,0,0,0,55.7905
16.91,0,0,0,-51.5535
16.915,0,0,0,55.165
16.92,0,0,0,-111.147
16.925,0,0,0,7.31851
16.93,0,0,0,34.8451
16.935,0,0,0,30.826
16.94,0,0,0,-56.8
16.945,0,0,0,-10.821
16.95,0,0,0,3.4362
16.955,0,0,0,-85.9163
16.96,0,0,0,-1.92545
16.965,0,0,0,-56.5179
16.97,0,0,0,37.3193
16.975,0,0,0,-64.2442
16.98,0,0,0,-73.204
16.985,0,0,0,-21.8438
16.99,0,0,0,-25.9447
16.995,0,0,0,-53.0629
17,0,0,0,75.9979
17.005,0,0,0,167.548
17.01,0,0,0,-201.892
17.015,0,0,0,194.778
17.02,0,0,0,-48.8846
17.025,0,0,0,-69.2316
17.03,0,0,0,-168.21
17.035,0,0,0,35.278
17.04,0,0,0,60.2292
17.045,0,0,0,-153.928
17.05,0,0,0,-111.582
17.055,0,0,0,72.2364
17.06,0,0,0,114.333
17.065,0,0,0,-314.939
17.07,0,0,0,39.6713
17.075,0,0,0,215.251
17.08,0,0,0,-203.612
17.085,0,0,0,265.454
17.09,0,0,0,28.0384
17.095,0,0,0,47.3661
17.1,0,0,0,113.647
17.105,0,0,0,-17.3702
17.11,0,0,0,-42.9937
17.115,0,0,0,38.1292
17.12,0,0,0,29.4758
17.125,0,0,0,-23.6946
17.13,0,0,0,-167.501
17.135,0,0,0,42.5567
17.14,0,0,0,-13.0997
17.145,0,0,0,39.2601
17.15,0,0,0,87.4054
17.155,0,0,0,-165.167
17.16,0,0,0,241.725
17.165,0,0,0,11.6127
17.17,0,0,0,-34.5457
17.175,0,0,0,47.9679
17.18,0,0,0,31.973
17.185,0,0,0,21.4117
17.19,0,0,0,638.072
17.195,0,0,0,231.818
17.2,0,0,0,-38.3135
17.205,0,0,0,-55.4512
17.21,0,0,0,-11.2839
17.215,0,0,0,-20.6123
17.22,0,0,0,43.8217
17.225,0,0,0,-3.57234
17.23,0,0,0,-144.194
17.235,0,0,0,-134.081
17.24,0,0,0,-85.1728
17.245,0,0,0,-84.3378
17.25,0,0,0,-115.211
17.255,0,0,0,-156.625
17.26,0,0,0,-82.6015
17.265,0,0,0,-5.9397
17.27,0,0,0,73.9838
17.275,0,0,0,135.905
17.28,0,0,0,119.539
17.285,0,0,0,276.108
17.29,0,0,0,-64.5276
17.295,0,0,0,19.4674
17.3,0,0,0,85.4025
17.305,0,0,0,-2.96985
17.31,0,0,0,-7.47001
17.315,0,0,0,16.8669
17.32,0,0,0,-22.3709
17.325,0,0,0,-17.5147
17.33,0,0,0,59.9926
17.335,0,0,0,10.5641
17.34,0,0,0,-66.7917
17.345,0,0,0,1.3439
17.35,0,0,0,-57.4709
17.355,0,0,0,-5.24018
17.36,0,0,0,-4.43663
17.365,0,0,0,-20.7582
17.37,0,0,0,-47.6775
17.375,0,0,0,13.7734
17.38,0,0,0,2.45044
17.385,0,0,0,-27.1008
17.39,0,0,0,6.12122
17.395,0,0,0,-43.0663
17.4,0,0,0,11.7356
17.405,0,0,0,20.6612
17.41,0,0,0,15.7038
17.415,0,0,0,20.3987
17.42,0,0,0,38.835
17.425,0,0,0,-6.32926
17.43,0,0,0,27.5106
17.435,0,0,0,8.59679
17.44,0,0,0,-54.0298
17.445,0,0,0,-21.7259
17.45,0,0,0,-3.67287
17.455,0,0,0,2.49093
17.46,0,0,0,38.842
17.465,0,0,0,-115.273
17.47,0,0,0,97.8299
17.475,0,0,0,46.0592
17.48,0,0,0,-54.9883
17.485,0,0,0,-4.93579
17.49,0,0,0,-2.7646
17.495,0,0,0,-0.868476
17.5,0,0,0,1.49959
17.505,0,0,0,33.2325
17.51,0,0,0,39.1736
17.515,0,0,0,-4.08896
17.52,0,0,0,-0.465654
17.525,0,0,0,-6.53381
17.53,0,0,0,7.51678
17.535,0,0,0,9.54695
17.54,0,0,0,-29.3571
17.545,0,0,0,19.5051
17.55,0,0,0,-45.6243
17.555,0,0,0,19.1211
17.56,0,0,0,11.4207
17.565,0,0,0,8.38386
17.57,0,0,0,-21.1478
17.575,0,0,0,-6.33415
17.58,0,0,0,10.2695
17.585,0,0,0,-3.10878
17.59,0,0,0,-7.23264
17.595,0,0,0,-9.92604
17.6,0,0,0,-0.518712
17.605,0,0,0,8.49906
17.61,0,0,0,11.3
17.615,0,0,0,-7.27593
17.62,0,0,0,-2.99778
17.625,0,0,0,-14.3808
17.63,0,0,0,-15.1439
17.635,0,0,0,-16.0487
17.64,0,0,0,-7.45884
17.645,0,0,0,7.14398
17.65,0,0,0,4.55042
17.655,0,0,0,1.76139
17.66,0,0,0,-27.9022
17.665,0,0,0,33.0921
17.67,0,0,0,0.0139626
17.675,0,0,0,23.9557
17.68,0,0,0,-7.40578
17.685,0,0,0,0.0928515
17.69,0,0,0,-2.23332
17.695,0,0,0,-1.74463
17.7,0,0,0,-11.9122
17.705,0,0,0,8.27565
