-73.36,-0.00108299090061,1.45,-0.00162448629271
-73.1,-0.00108299090061,1.71,-0.00162448582705
-72.84,-0.00108299090061,2.07,-0.00162448582705
-72.57,-0.00108298962004,2.51,-0.00162448582705
-72.22,-0.00108299090061,2.95,-0.00162448582705
-71.96,-0.000541495450307,3.12,-0.00108299031854
-71.52,-0.00108299090061,3.3,-0.00162448594347
-71.25,-0.00108299090061,3.38,-0.00108299043495
-70.9,-0.00108298962004,3.38,-0.00108299043495
-70.64,-0.000541495450307,3.47,-0.00108299043495
-70.37,-0.00108299090061,3.47,-0.000541495217476
-70.2,-0.00108299090061,3.38,-0.00108299043495
-70.11,-0.000541494810022,3.47,-0.00108299055137
-70.11,-0.00108299090061,3.47,-0.00108299055137
-70.02,-0.000541494810022,3.47,-0.00108299055137
-69.93,-0.00108299090061,3.47,-0.000541495159268
-69.93,-0.00108299090061,3.38,-0.000541495159268
-69.93,-0.000541494810022,3.47,-0.00108299090061
-69.93,-0.00108299090061,3.47,-0.00108299090061
-69.93,-0.000541495159268,3.47,-0.000541494810022
-69.93,-0.000541495159268,3.47,-0.000541495450307
-69.93,-0.000541495450307,3.38,0.0
-69.93,-0.000541495450307,3.38,-0.000541495450307
-69.93,-0.00108299043495,3.47,-0.000541495450307
-69.93,-0.000541495275684,3.47,0.0
-69.93,-0.000541495217476,3.38,-0.000541494810022
-69.93,-0.000541495217476,3.47,0.0
-69.85,-0.000541495217476,3.47,0.0
-69.85,-0.000541495217476,3.38,0.0
-69.85,0.0,3.47,0.0
-69.85,-0.000541495217476,3.47,0.0
-69.85,-0.000541495217476,3.47,0.000541494810022
-69.85,-0.000541495217476,3.47,0.0
-69.85,0.0,3.47,0.000541495450307
-69.85,-0.000541495217476,3.47,0.000541495450307
-69.85,-0.000541495275684,3.38,0.000541495450307
-69.85,-0.000541495275684,3.47,0.000541494810022
-69.85,-0.000541495275684,3.38,0.000541495450307
-69.85,0.0,3.38,0.000541495450307
-69.85,-0.000541495159268,3.47,0.000541495450307
-69.93,0.0,3.47,0.000541495159268
-69.85,-0.000541495450307,3.38,0.00108299055137
-69.85,-0.000541495450307,3.47,0.000541495159268
-69.85,0.0,3.38,0.00108299055137
-69.93,-0.000541495159268,3.38,0.00108299055137
-69.85,0.0,3.38,0.00108299043495
-69.85,-0.000541495159268,3.47,0.000541495217476
-69.85,-0.000541495159268,3.47,0.00108299043495
-69.85,0.0,3.47,0.00162448582705
-69.85,0.0,3.38,0.00162448582705
-69.85,-0.000541495450307,3.38,0.00108299055137
-69.85,-0.000541495450307,3.47,0.00108299055137
-69.85,0.0,3.47,0.00162448582705
-69.85,0.0,3.47,0.00162448582705
-69.85,0.0,3.38,0.00162448582705
-69.85,0.0,3.47,0.00162448582705
-69.85,0.0,3.38,0.00162448582705
-69.85,0.0,3.38,0.00162448582705
-69.85,0.0,3.47,0.00162448582705
-69.85,0.0,3.47,0.00162448582705
-69.85,0.0,3.38,0.00162448582705
-69.85,0.0,3.38,0.00162448582705
-69.85,0.0,3.38,0.00162448629271
-69.85,0.0,3.47,0.00162448629271
-69.85,0.0,3.47,0.00162448629271
-69.85,0.0,3.47,0.00162448501214
-69.85,0.0,3.38,0.00162448501214
-69.85,0.0,3.47,0.00216598063707
-69.85,0.0,3.38,0.00216598063707
-69.85,0.0,3.47,0.00216598063707
-69.85,-0.0211183149368,3.47,-0.019493829459
-69.85,-0.0211183149368,3.47,-0.019493829459
-69.85,0.00108299090061,3.47,0.0
-69.85,0.00108299090061,3.38,0.0
-69.85,0.00108299090061,3.47,0.0
-69.85,0.00108299090061,3.47,0.0
-69.85,0.00108299090061,3.38,0.000541495159268
-69.85,0.00108299090061,3.47,0.000541495159268
-69.85,0.00108299090061,3.38,0.0
-69.85,0.00108299090061,3.38,0.0
-69.93,0.00108299090061,3.38,0.0
-69.85,0.00108299090061,3.38,0.000541495275684
-69.85,0.00108299090061,3.47,0.0
-69.85,0.00054149411153,3.47,0.0
-69.85,0.00108299090061,3.38,0.000541495275684
-69.85,0.00108299090061,3.38,0.0
-69.85,0.000541495450307,3.47,0.0
-69.85,0.00108298962004,3.38,0.000541495217476
-69.85,0.00108298962004,3.38,0.000541495217476
-69.85,0.000541495450307,3.38,0.0
-69.85,0.000541495450307,3.47,0.0
-69.85,0.00108299090061,3.47,0.0
-69.93,0.00108299090061,3.47,0.0
-69.85,0.000541495450307,3.38,0.0
-69.85,0.00054149411153,3.47,0.0
-69.85,0.00054149411153,3.38,0.000541495217476
-69.85,0.000541495450307,3.38,0.0
-69.85,0.0,3.38,0.0
-69.85,0.000541495450307,3.47,0.0
-69.85,0.000541495450307,3.38,0.0
-69.85,0.000541495450307,3.38,-0.000541495217476
-69.85,0.000541495450307,3.38,0.0
-69.85,0.0,3.38,0.0
-69.85,0.0,3.47,0.0
-69.85,0.000541494810022,3.38,0.0
-69.85,0.000541494810022,3.38,0.0
-69.85,0.0,3.47,0.0
-69.85,0.0,3.38,0.0
-69.85,0.0,3.38,-0.000541495217476
-69.85,0.0,3.47,0.0
-69.85,0.0,3.47,0.0
-69.85,0.0,3.38,0.0
-69.85,0.0,3.38,-0.000541495275684
-69.85,0.0,3.38,0.0
-69.85,0.0,3.47,0.0
-69.85,0.0,3.38,-0.000541495275684
-69.85,-0.000541494810022,3.47,-0.000541495275684
-69.85,0.0,3.47,0.0
-69.85,-0.000541495450307,3.47,-0.000541495159268
-69.85,-0.000541495450307,3.38,0.0
-69.85,-0.000541495450307,3.47,0.0
-69.85,0.0,3.47,-0.000541495450307
-69.85,-0.000541495450307,3.38,-0.000541495159268
-69.85,-0.000541495450307,3.47,0.0
-69.85,-0.000541495450307,3.38,-0.000541495159268
-69.85,-0.00054149411153,3.38,-0.000541495159268
-69.85,-0.000541495450307,3.47,-0.000541495450307
-69.85,-0.000541495450307,3.38,-0.000541495450307
-69.85,-0.00108299090061,3.38,-0.000541495450307
-69.85,-0.00108299090061,3.47,-0.000541495450307
-69.85,-0.000541495450307,3.38,0.0
-69.85,-0.000541495450307,3.47,0.0
-69.93,-0.000541495450307,3.47,-0.000541494810022
-69.85,-0.000541495450307,3.47,-0.000541494810022
-69.85,-0.000541495450307,3.47,-0.000541494810022
-69.85,-0.00108298962004,3.47,-0.000541495450307
-69.85,-0.00108298962004,3.38,-0.000541495450307
-69.85,-0.000541495450307,3.38,-0.000541495450307
-69.85,-0.000541495450307,3.47,-0.000541495450307
-69.85,-0.000541495450307,3.38,-0.000541495450307
-69.85,-0.00108299090061,3.47,-0.000541494810022
-69.85,-0.00108299090061,3.38,-0.000541494810022
-69.85,-0.000541495450307,3.38,-0.000541495450307
-69.85,-0.000541495450307,3.38,-0.000541495450307
-69.93,-0.000541495450307,3.47,-0.000541495450307
-69.85,-0.00108298962004,3.38,-0.000541495450307
-69.85,-0.00108298962004,3.47,-0.000541495450307
-69.85,0.0297822374851,3.38,0.0
-69.85,0.0297822374851,3.47,0.0
-69.85,-0.00270747579634,3.38,0.00108299090061
-69.85,-0.00270747579634,3.38,0.00108299090061
-69.85,-0.00270747579634,3.38,0.000541494810022
-69.85,-0.00324897188693,3.38,0.000541494810022
-69.85,-0.00324897188693,3.38,0.000541494810022
-69.85,-0.0021659808699,3.38,0.00108299090061
-69.85,-0.0021659808699,3.38,0.00108299090061
-69.85,-0.0021659808699,3.38,0.000541495450307
-69.85,-0.0021659808699,3.38,0.000541495450307
-69.85,-0.0021659808699,3.38,0.000541495450307
-69.85,-0.00162448594347,3.38,0.000541495159268
-69.85,-0.00162448594347,3.38,0.000541495159268
-69.85,-0.00162448594347,3.47,0.000541495159268
-69.85,-0.00162448582705,3.38,0.000541495159268
-69.93,-0.00162448582705,3.38,0.000541495159268
-69.85,-0.00108299031854,3.47,0.000541495450307
-69.85,-0.00108299031854,3.47,0.000541495450307
-69.85,-0.00108299031854,3.38,0.000541495159268
-69.85,-0.00162448582705,3.38,0.000541495159268
-69.85,-0.00162448582705,3.38,0.000541495159268
-69.85,-0.00108299090061,3.38,0.000541495275684
-69.85,-0.00108299090061,3.38,0.000541495275684
-69.85,-0.00108299090061,3.38,0.0
-69.85,-0.000541495450307,3.38,0.0
-69.85,-0.000541495450307,3.38,0.0
-69.85,-0.00054149411153,3.47,0.000541495275684
-69.85,-0.00054149411153,3.38,0.000541495275684
-69.85,-0.000541495450307,3.38,0.0
-69.85,-0.000541495450307,3.47,0.0
-69.85,-0.000541495450307,3.38,0.0
-69.85,0.0,3.47,0.0
-69.85,0.0,3.47,0.0
-69.85,0.0,3.47,0.0
-69.85,0.0,3.38,0.0
-69.85,0.0,3.38,0.0
-69.85,0.0,3.38,0.0
-69.93,0.000541495450307,3.38,0.0
-69.85,0.000541495450307,3.38,0.0
-69.85,0.000541495450307,3.38,0.0
-69.85,0.00054149411153,3.38,0.0
-69.85,0.00054149411153,3.38,0.0
-69.85,0.000541495450307,3.38,0.0
-69.85,0.000541495450307,3.38,0.0
-69.85,0.00108299090061,3.47,0.0
-69.93,0.00108299090061,3.47,0.0
-69.85,0.00108299090061,3.47,0.0
-69.85,0.00108299031854,3.38,-0.000541495275684
-69.85,0.00108299031854,3.38,-0.000541495275684
-69.93,0.00162448582705,3.38,0.0
-69.85,0.00162448582705,3.47,0.0
-69.93,0.00108299090061,3.38,-0.000541495275684
-69.93,0.00108299090061,3.38,-0.000541495275684
-69.85,0.0021659808699,3.47,0.0
-69.85,0.0021659808699,3.38,0.0
-69.93,0.00162448582705,3.38,-0.000541495159268
-69.85,0.00162448582705,3.38,-0.000541495159268
-69.85,0.0021659808699,3.47,-0.000541495450307
-69.93,0.0021659808699,3.38,-0.000541495159268
-69.93,0.0021659808699,3.38,-0.000541495159268
-69.85,0.00216598110273,3.38,-0.000541495159268
-69.85,0.00216598110273,3.38,-0.000541495159268
-69.85,0.00270747579634,3.38,-0.000541495450307
-69.93,0.00270747579634,3.38,-0.000541495450307
-69.85,0.0032489716541,3.47,-0.00108299031854
-69.85,0.0032489716541,3.38,-0.00108299031854
-69.93,0.0032489716541,3.38,-0.000541495450307
-69.93,0.0032489716541,3.38,-0.000541495450307
-69.93,0.0032489716541,3.38,-0.000541495450307
-69.85,0.0032489716541,3.38,-0.000541495450307
-69.85,0.0032489716541,3.38,-0.00108299031854
-69.93,0.0032489716541,3.38,-0.00108299031854
-69.85,0.00379046681337,3.38,-0.00108299031854
-69.93,0.00379046681337,3.38,-0.00108299031854
-69.85,0.00379046681337,3.38,-0.000541495450307
-69.85,0.00379046681337,3.38,-0.000541495450307
-69.85,0.00379046681337,3.38,-0.000541495450307
-69.85,0.00433196127415,3.38,-0.00108299090061
-69.85,0.00433196127415,3.38,-0.00108298962004
-69.85,0.00433196360245,3.38,-0.00108298962004
-69.93,0.00433196360245,3.38,-0.00108298962004
-69.85,0.00433196127415,3.38,-0.00108299090061
-69.85,0.00433196127415,3.38,-0.00108299090061
-69.85,0.00433196127415,3.38,-0.00108299090061
-69.93,0.0048734578304,3.38,-0.00108299090061
-69.85,0.0048734578304,3.38,-0.00108299090061
-69.93,0.00487345550209,3.38,-0.00108298962004
-69.85,0.00541495718062,3.38,-0.00162448629271
-69.85,0.00541495718062,3.3,-0.00162448629271
-69.93,0.00541495718062,3.3,-0.00162448629271
-69.85,0.00487345550209,3.3,-0.00108299090061
-69.93,0.00487345550209,3.3,-0.00108299090061
-69.93,0.0059564486146,3.3,-0.00162448501214
-69.93,0.0059564486146,3.3,-0.00162448501214
-69.85,0.0059564486146,3.3,-0.00162448501214
-69.85,0.00541495159268,3.3,-0.00108299090061
-69.93,0.00541495159268,3.3,-0.00108299090061
-69.85,0.0059564486146,3.21,-0.00162448629271
-69.85,0.0059564486146,3.21,-0.00162448629271
-69.85,0.0059564486146,3.21,-0.00162448629271
-69.93,0.00595644349232,3.21,-0.00162448501214
-69.85,0.00595644349232,3.21,-0.00162448501214
-69.93,0.00649794517085,3.21,-0.00162448501214
-69.85,0.00649794517085,3.21,-0.00162448501214
-69.85,0.00649794517085,3.21,-0.00162448757328
-69.93,0.00649794004858,3.12,-0.00162448757328
-69.85,0.00649794004858,3.12,-0.00162448757328
-69.93,0.917834401131,3.12,-0.035738684237
-69.85,0.917834401131,3.12,-0.035738684237
-69.85,0.917834401131,3.12,0.00812242552638
-69.85,-0.0433195717633,3.03,0.00812242552638
-69.58,-0.0433195717633,3.03,0.00812242552638
-69.23,-0.0416951663792,2.95,0.00758093362674
-68.97,-0.0416951663792,2.77,0.00758093362674
-68.53,-0.0416951663792,2.59,0.0070394393988
-67.91,-0.0416951663792,2.59,0.0070394393988
-67.38,-0.0416951663792,2.51,0.0070394393988
-66.86,-0.0395290963352,2.42,0.0070394393988
-66.33,-0.0395290963352,2.42,0.0070394393988
-65.71,-0.0395290963352,2.42,0.0064979433082
-65.19,-0.038446187973,2.33,0.0064979433082
-64.57,-0.038446187973,2.33,0.0064979433082
-61.67,-0.0357387028635,2.33,0.00541495159268
-60.79,-0.0346556678414,2.24,0.00541495298967
-60.18,-0.0346556678414,2.33,0.00541495298967
-59.47,-0.0346556678414,2.33,0.00541495298967
-58.95,-0.0330312177539,2.51,0.00541495205835
-58.42,-0.0330312177539,2.59,0.00541495205835
-57.8,-0.0319482274354,2.68,0.00433196173981
-57.36,-0.0319482274354,2.68,0.00433196173981
-56.75,-0.0319482274354,2.68,0.00433196173981
-56.22,-0.030865188688,2.68,0.00433196173981
-55.69,-0.030865188688,2.77,0.00433196173981
-55.25,-0.0297822374851,2.68,0.00433196173981
-54.81,-0.0297822374851,2.68,0.00433196173981
-54.46,-0.0297822374851,2.77,0.00433196173981
-54.2,-0.0276162922382,2.68,0.00379046611488
-53.93,-0.0276162922382,2.68,0.00379046611488
-53.58,-0.0270747542381,2.68,0.0032489716541
-52.97,-0.0254502631724,2.59,0.00270747742616
-52.53,-0.0254502631724,2.51,0.00270747579634
-52.18,-0.024367313832,2.33,0.00270747579634
-51.74,-0.0227427817881,2.33,0.00270747742616
-51.12,-0.0216598287225,2.24,0.00162448501214
-50.51,-0.0200352966785,2.33,0.00162448501214
-49.98,-0.0200352966785,2.33,0.00162448501214
-49.1,-0.0194938424975,2.24,0.00108299090061
-48.31,-0.0178693514317,2.33,0.00108299090061
-47.87,-0.016244860366,2.59,0.000541496789083
-47.34,-0.0151618467644,2.77,0.0
-46.81,-0.0151618467644,2.77,0.0
-46.55,-0.0140788732097,2.77,0.0
-46.2,-0.0140788732097,2.77,0.0
-46.02,-0.0129959005862,2.77,-0.000541496789083
-45.85,-0.0129959005862,2.77,-0.000541496789083
-45.58,-0.0108298929408,2.77,-0.00054149411153
-45.41,-0.0108298929408,2.77,-0.00054149411153
-45.32,-0.0102884173393,2.77,-0.00162448501214
-45.23,-0.0102884173393,2.77,-0.00162448501214
-45.05,-0.0102884173393,2.77,-0.00162448501214
-44.88,-0.00866392720491,2.68,-0.00108299090061
-44.7,-0.00866392720491,2.59,-0.00108299090061
-44.53,-0.00758093362674,2.59,-0.00216598180123
-44.35,-0.00758093362674,2.51,-0.00216598180123
-44.18,-0.00758093362674,2.51,-0.00216598180123
-44.0,-0.00649794004858,2.51,-0.00216598180123
-43.82,-0.00649794004858,2.51,-0.00216598180123
-43.74,-0.00487344991416,2.51,-0.00270747579634
-43.47,-0.00487344991416,2.51,-0.00270747579634
-43.3,-0.00487344991416,2.59,-0.00270747579634
-43.03,-0.00379047752358,2.59,-0.00270747579634
-42.86,-0.00379047752358,2.68,-0.00270747579634
-42.77,-0.00216596596874,2.77,-0.0032489716541
-42.59,-0.00216596596874,2.86,-0.0032489716541
-42.42,-0.00216596596874,2.95,-0.0032489716541
-42.24,-0.00108299357817,2.95,-0.00379046681337
-42.07,-0.00108299357817,2.95,-0.00379046681337
-41.8,-0.00108299357817,2.95,-0.00379046611488
-41.63,0.0,2.95,-0.00379046611488
-41.45,0.0,2.95,-0.00379046611488
-41.19,0.00162449036725,2.95,-0.00433196220547
-41.01,0.00162449036725,2.95,-0.00433196220547
-40.92,0.00270746275783,2.95,-0.00433196173981
-40.84,0.00270746275783,2.95,-0.00433196173981
-40.66,0.00270746275783,2.95,-0.00433196173981
-40.57,0.00433197431266,2.95,-0.00487345736474
-40.4,0.00433197431266,2.95,-0.00487345736474
-40.31,0.00433197431266,2.95,-0.00541495159268
-40.04,0.00541494647041,2.95,-0.00541495159268
-39.87,0.00541494647041,2.95,-0.00541495159268
-39.78,0.00649794004858,2.95,-0.00541495298967
-39.52,0.00649794004858,2.95,-0.00541495298967
-39.43,0.00649794004858,2.86,-0.00649794144556
-39.25,0.00812243018299,2.86,-0.00649794144556
-38.99,0.00812243018299,2.77,-0.00649794144556
-38.81,0.0092054232955,2.77,-0.0064979433082
-38.73,0.0092054232955,2.68,-0.0064979433082
-38.46,0.0092054232955,2.77,-0.00649794517085
-38.29,0.0102883968502,2.86,-0.00649794517085
-38.02,0.0102883968502,2.95,-0.00649794517085
-37.85,0.0119129084051,2.95,-0.00703943660483
-37.67,0.0119129084051,2.95,-0.00703943660483
-37.41,0.0129958800972,2.95,-0.00758093362674
-37.23,0.0129958800972,2.95,-0.00758093362674
-36.97,0.0129958800972,2.86,-0.00758093362674
-36.7,0.0140788732097,2.86,-0.00758093362674
-36.53,0.0140788732097,2.86,-0.00758093362674
-36.18,0.0157033652067,2.86,-0.00866392254829
-35.91,0.0157033652067,2.77,-0.00812243018299
-35.47,0.0167863573879,2.77,-0.00812243018299
-35.21,0.018410846591,2.68,-0.00920541863889
-34.86,0.018410846591,2.68,-0.00920541863889
-34.42,0.0752678439021,2.59,0.046027097851
-34.07,-0.00703945755959,2.59,0.00812242832035
-33.8,-0.00703945755959,2.59,0.00812242832035
-33.45,-0.00703941611573,2.51,0.0070394393988
-33.1,-0.00703941611573,2.51,0.00703943660483
-32.66,-0.00649796146899,2.51,0.00703943660483
-32.22,-0.00703941611573,2.51,0.0064979433082
-31.69,-0.00703941611573,2.51,0.0064979433082
-31.25,-0.00703945755959,2.33,0.00595644814894
-30.73,-0.00703945755959,2.33,0.00541495252401
-30.29,-0.00758095504716,2.33,0.00541495252401
-29.76,-0.00703941611573,2.42,0.00379046681337
-28.0,-0.00758091267198,2.51,0.0032489716541
-27.47,-0.00703945755959,2.59,0.0032489716541
-27.03,-0.00758091267198,2.59,0.00270747579634
-26.59,-0.00758091267198,2.59,0.00162448629271
-26.24,-0.00758095504716,2.51,0.00162448629271
-25.89,-0.00703941611573,2.51,0.00162448501214
-25.36,-0.00703941611573,2.51,0.000541495450307
-24.92,-0.00758095504716,2.51,0.0
-24.4,-0.00758091267198,2.51,0.0
-23.96,-0.00758095504716,2.51,0.0
-23.52,-0.0081224096939,2.51,-0.00108299090061
-23.16,-0.0081224096939,2.51,-0.00108299090061
-22.9,-0.00758093362674,2.51,-0.00162448501214
-22.64,-0.00758093362674,2.51,-0.00162448629271
-22.2,-0.00758093362674,2.59,-0.00162448629271
-21.67,-0.00812243018299,2.51,-0.00270747579634
-21.32,-0.00758093362674,2.51,-0.0032489716541
-20.88,-0.00758093362674,2.59,-0.0032489716541
-20.7,-0.00812243018299,2.59,-0.00379046681337
-20.35,-0.00812243018299,2.51,-0.00379046681337
-20.09,-0.00812243018299,2.51,-0.00433196173981
-20.0,-0.00812243018299,2.51,-0.00433196173981
-19.74,-0.00812243018299,2.59,-0.00379046681337
-19.47,-0.00812243018299,2.59,-0.00379046681337
-19.3,-0.00812243018299,2.51,-0.00541495205835
-19.12,-0.00812243018299,2.59,-0.00541495205835
-18.95,-0.00812243018299,2.59,-0.00541495205835
-18.77,-0.00812243018299,2.51,-0.00595644721761
-18.59,-0.00812243018299,2.51,-0.00595644721761
-18.42,-0.0081224096939,2.59,-0.00649794377387
-18.24,-0.0081224096939,2.51,-0.00649794377387
-18.07,-0.0081224096939,2.51,-0.00649794377387
-17.89,-0.00866392720491,2.51,-0.00703943660483
-17.71,-0.00866392720491,2.59,-0.00703943660483
-17.63,-0.00812243018299,2.51,-0.00758093362674
-17.36,-0.00812243018299,2.51,-0.00758093362674
-17.19,-0.00866392720491,2.59,-0.00812242832035
-17.01,-0.00866392720491,2.51,-0.00812242832035
-16.84,-0.00866392720491,2.51,-0.00812242832035
-16.75,-0.00812243018299,2.51,-0.00866392441094
-16.57,-0.00812243018299,2.51,-0.00866392441094
-16.48,-0.00866392720491,2.51,-0.00920541863889
-16.22,-0.00866392720491,2.51,-0.00920541863889
-16.04,-0.00866392720491,2.51,-0.00920541863889
-15.96,-0.00866392720491,2.51,-0.0102884117514
-15.78,-0.00866392720491,2.51,-0.0102884117514
-15.6,-0.00812243018299,2.42,-0.0102884070948
-15.43,-0.00812243018299,2.42,-0.0102884070948
-15.16,-0.00866390578449,2.33,-0.0108299097046
-15.08,-0.00866390578449,2.33,-0.0108299097046
-14.9,-0.0092054232955,2.33,-0.0113714002073
-14.81,-0.0092054232955,2.24,-0.0113714002073
-14.73,-0.0092054232955,2.24,-0.0113714002073
-14.64,-0.00866392720491,2.15,-0.0124543830752
-14.46,-0.00866392720491,2.07,-0.0124543933198
-14.2,-0.00866392720491,1.98,-0.0124543933198
-14.11,-0.00866392720491,1.89,-0.0129958903417
-14.02,-0.00866392720491,1.8,-0.0129958903417
-13.85,-0.00866392720491,1.71,-0.0129958903417
-13.67,-0.00920541398227,1.54,-0.0140788732097
-13.67,-0.00920541398227,1.45,-0.0140788732097
-13.49,-0.00866392720491,1.36,-0.0140788732097
-13.41,-0.00866392720491,1.27,-0.0140788732097
-13.32,-0.00920541398227,1.1,-0.015161877498
-13.23,-0.00920541398227,1.01,-0.015161877498
-13.14,-0.00920541398227,0.84,-0.015161877498
-13.05,-0.0092054232955,0.75,-0.0151618467644
-12.97,-0.0092054232955,0.57,-0.0151618467644
-12.88,-0.00920541398227,0.4,-0.016244860366
-12.79,-0.00920541398227,0.31,-0.016244860366
-12.62,-0.0092054232955,0.04,-0.016244860366
-12.53,-0.0092054232955,-0.04,-0.016244860366
-12.44,-0.0092054232955,-0.22,-0.0173278544098
-12.44,-0.00920541398227,-0.4,-0.0173278544098
-12.35,-0.00920541398227,-0.57,-0.0173278544098
-12.26,-0.0092054232955,-0.84,-0.01786932908
-12.26,-0.0092054232955,-1.01,-0.01786932908
-12.18,-0.0092054232955,-1.19,-0.0178693514317
-12.18,-0.00920541863889,-1.36,-0.0178693514317
-12.09,-0.00920541863889,-1.54,-0.0178693514317
-12.0,-0.0097469156608,-1.71,-0.0189523436129
-12.0,-0.0097469156608,-1.89,-0.0189523436129
-11.91,-0.0097469156608,-2.07,0.297822415829
-11.82,-0.0741848498583,-2.33,0.297822415829
-11.82,-0.0741848498583,-2.51,0.297822415829
-11.74,0.0,-2.68,0.000541495450307
-11.74,0.0,-2.86,0.000541495450307
-11.74,0.0,-2.95,0.000541495159268
-11.74,-0.000541495450307,-3.03,0.000541495159268
-11.74,-0.000541495450307,-3.03,0.000541495159268
-11.74,0.0,-3.12,0.0
-11.74,0.0,-3.12,0.0
-11.74,0.0,-3.12,0.000541495159268
-11.74,0.0,-3.12,0.000541495159268
-11.74,0.0,-3.12,0.000541495159268
-11.74,-0.000541495159268,-3.12,0.000541495450307
-11.74,-0.000541495159268,-3.12,0.000541495450307
-11.74,-0.000541495159268,-3.12,0.000541495159268
-11.74,0.0,-3.12,0.000541495159268
-11.74,0.0,-3.12,0.000541495159268
-11.74,0.0,-3.12,0.0
-11.74,0.0,-3.12,0.0
-11.74,0.0,-3.12,0.000541495275684
-11.74,0.0,-3.03,0.000541495275684
-11.74,0.0,-3.12,0.000541495275684
-11.74,-0.000541495159268,-3.12,0.0
-11.74,-0.000541495159268,-3.12,0.0
-11.74,0.0,-3.12,0.0
-11.74,0.0,-3.12,0.0
-11.74,0.0,-3.12,0.0
-11.74,0.000541495159268,-3.12,0.0
-11.74,0.000541495159268,-3.12,0.0
-11.74,0.000541495159268,-3.12,0.000541495217476
-11.74,0.0,-3.12,0.000541495217476
-11.74,0.0,-3.12,0.0
-11.74,0.0,-3.12,0.0
-11.74,0.0,-3.12,0.0
-11.74,0.0,-3.12,0.0
-11.74,0.0,-3.12,0.0
-11.74,0.000541495159268,-3.03,0.0
-11.74,0.000541495159268,-3.12,0.0
-11.74,0.000541495159268,-3.12,0.0
-11.74,0.0,-3.12,0.0
-11.74,0.0,-3.12,0.0
-11.74,0.0,-3.12,0.0
-11.74,0.0,-3.12,0.0
-11.74,0.0,-3.12,0.0
-11.74,0.000541495450307,-3.12,0.0
-11.74,0.000541495450307,-3.12,-0.000541495217476
-11.74,0.0,-3.12,-0.000541495217476
-11.74,0.0,-3.12,-0.000541495217476
-11.74,0.000541495159268,-3.12,0.0
-11.74,0.000541495159268,-3.12,0.0
-11.74,0.000541495159268,-3.03,0.0
-11.74,0.000541495275684,-3.12,0.0
-11.74,0.000541495275684,-3.12,0.0
-11.74,0.0,-3.12,0.0
-11.74,0.0,-3.12,0.0
-11.74,0.0,-3.12,0.0
-11.74,0.000541495275684,-3.12,-0.000541495275684
-11.74,0.000541495275684,-3.12,-0.000541495275684
-11.74,0.000541495217476,-3.12,0.0
-11.74,0.000541495217476,-3.12,0.0
-11.74,0.000541495217476,-3.12,0.0
-11.74,0.000541495217476,-3.12,-0.000541495275684
-11.74,0.000541495217476,-3.12,-0.000541495275684
-11.74,0.000541495217476,-3.12,-0.000541495159268
-11.74,0.000541495217476,-3.12,-0.000541495159268
-11.74,0.000541495217476,-3.12,-0.000541495159268
-11.74,0.0,-3.12,0.0
-11.74,0.0,-3.12,0.0
-11.74,0.000541495217476,-3.12,-0.000541495450307
-11.74,0.000541495217476,-3.12,-0.000541495450307
-11.74,0.000541495217476,-3.03,-0.000541495450307
-11.74,0.000541495217476,-3.12,-0.000541495159268
-11.74,0.000541495217476,-3.12,-0.000541495159268
-11.74,0.000541495217476,-3.12,0.0
-11.74,0.000541495217476,-3.12,0.0
-11.74,0.000541495217476,-3.12,0.0
-11.74,0.000541495275684,-3.12,-0.000541495159268
-11.74,0.000541495275684,-3.12,-0.000541495159268
-11.65,0.000541495275684,-3.12,-0.000541495450307
-11.74,0.000541495275684,-3.12,-0.000541495450307
-11.65,0.000541495275684,-3.12,-0.000541495450307
-11.65,0.00108299055137,-3.12,-0.000541495450307
-11.65,0.00108299055137,-3.12,-0.000541495450307
-11.65,0.000541495159268,-3.12,-0.000541494810022
-11.65,0.000541495159268,-3.12,-0.000541494810022
-11.65,0.000541495159268,-3.12,-0.000541494810022
-11.65,0.000541495159268,-3.12,-0.000541495450307
-11.56,0.000541495159268,-3.12,-0.000541495450307
-11.65,0.00108299090061,-3.12,-0.000541495450307
-11.56,0.00108299090061,-3.03,-0.000541495450307
-11.56,0.00108299090061,-3.03,-0.000541495450307
-11.56,0.000541494810022,-3.12,-0.00108299031854
-11.56,0.000541494810022,-3.12,-0.00108299031854
-11.47,0.00108299090061,-3.12,-0.000541495450307
-11.47,0.00108299090061,-3.12,-0.000541495450307
-11.47,0.00108299090061,-3.03,-0.000541495450307
-11.47,0.000541494810022,-3.03,-0.000541494810022
-11.47,0.000541494810022,-3.12,-0.000541494810022
-11.47,0.00108299090061,-3.12,-0.00108299090061
-11.38,0.00108299090061,-3.12,-0.00108299090061
-11.38,0.00108299090061,-3.12,-0.00108299090061
-11.38,0.00108299031854,-3.12,-0.000541495450307
-11.38,0.00108299031854,-3.12,-0.000541495450307
-11.38,0.00108299090061,-3.12,-0.00108298962004
-11.38,0.00108299090061,-3.12,-0.00108298962004
-11.38,0.00108299090061,-3.12,-0.00108298962004
-11.38,0.000541495450307,-3.12,-0.000541495450307
-11.38,0.000541495450307,-3.12,-0.000541495450307
-11.38,0.00108298962004,-3.12,-0.00108299090061
-11.38,0.00108298962004,-3.12,-0.00108299090061
-11.3,0.00108298962004,-3.12,-0.00108299090061
-11.3,0.00108299090061,-3.12,-0.000541495450307
-11.3,0.00108299090061,-3.12,-0.000541495450307
-11.3,0.00108299090061,-3.12,-0.00108298962004
-11.3,0.00108299090061,-3.12,-0.00108298962004
-11.21,0.00108299090061,-3.12,-0.00108298962004
-11.21,0.00108298962004,-3.21,-0.00108299090061
-11.21,0.00108298962004,-3.21,0.00216598063707
-11.21,0.0227428004146,-3.21,0.00216598063707
-11.21,0.0227428004146,-3.21,0.00216598063707
-11.21,-0.00595644582063,-3.21,0.00974691472948
-11.21,-0.00595644582063,-3.3,0.00974691472948
-11.21,-0.00595644582063,-3.3,0.00758093362674
-11.21,-0.00541495159268,-3.3,0.00758093362674
-11.21,-0.00541495159268,-3.3,0.00758093362674
-11.21,-0.0059564486146,-3.21,0.0064979433082
-11.21,-0.0059564486146,-3.3,0.0064979433082
-11.21,-0.00541495298967,-3.3,0.00541495252401
-11.21,-0.00541495298967,-3.3,0.00541495252401
-11.21,-0.00541495298967,-3.21,0.00379046681337
-11.21,-0.00487345643342,-3.21,0.00379046681337
-11.21,-0.00487345643342,-3.3,0.00379046681337
-11.21,-0.00541495252401,-3.21,0.00270747579634
-11.21,-0.00541495252401,-3.21,0.00270747579634
-11.21,-0.00487345736474,-3.3,0.00108298962004
-11.21,-0.00487345736474,-3.21,0.00108298962004
-11.21,-0.00487345736474,-3.3,0.0
-11.21,-0.00433196173981,-3.3,0.0
-11.21,-0.00433196220547,-3.3,-0.00162448501214
-11.21,-0.00433196220547,-3.21,-0.00162448501214
-11.21,-0.00433196220547,-3.3,-0.0032489716541
-11.21,-0.00433196220547,-3.21,-0.0032489716541
-11.21,-0.00433196220547,-3.3,-0.0032489716541
-11.21,-0.00433196127415,-3.21,-0.00433196220547
-11.3,-0.00433196220547,-3.21,-0.00703943800181
-11.3,-0.00433196220547,-3.3,-0.00703943800181
-11.3,-0.00324897258542,-3.3,-0.00812242832035
-11.3,-0.00324897258542,-3.21,-0.00812242832035
-11.3,-0.00379046425223,-3.3,-0.00974691472948
-11.3,-0.00379046425223,-3.3,-0.00974691472948
-11.3,-0.00324897258542,-3.3,-0.0113714002073
-11.38,-0.00324897258542,-3.21,-0.0113714002073
-11.38,-0.00324897258542,-3.21,-0.0124543886632
-11.38,-0.00324897258542,-3.21,-0.0124543886632
-11.38,-0.00324897258542,-3.3,-0.0124543886632
-11.47,-0.00324897002429,-3.3,-0.0140788760036
-11.47,-0.00324897002429,-3.3,-0.0140788760036
-11.47,-0.00324897002429,-3.21,-0.0157033652067
-11.47,-0.00270747579634,-3.3,-0.0157033652067
-11.56,-0.00270747579634,-3.3,-0.0157033652067
-11.47,-0.00270747579634,-3.3,-0.0167863480747
-11.56,-0.00270747579634,-3.3,-0.0167863480747
-11.56,-0.00270747579634,-3.3,-0.018410846591
-11.56,-0.00270747859031,-3.38,-0.018410846591
-11.65,-0.00270747859031,-3.38,-0.018410846591
-11.65,-0.0027074732352,-3.47,-0.0194938220084
-11.65,-0.0027074732352,-3.56,-0.0194938220084
-11.74,-0.0027074732352,-3.65,-0.0211183205247
-11.65,-0.00216598180123,-3.65,-0.0211183205247
-11.74,-0.00216598180123,-3.74,-0.0211183205247
-11.74,-0.00162448501214,-3.82,-0.0222013033926
-11.74,-0.00162448501214,-4.0,-0.0222013033926
-11.74,-0.00162448501214,-4.09,-0.0238257832825
-11.74,-0.00216598180123,-4.18,-0.0238257832825
-11.82,-0.00216598180123,-4.35,-0.0238257832825
-11.82,-0.00162448501214,-4.44,-0.0254502836615
-11.91,-0.00162448501214,-4.62,-0.0254502836615
-11.91,-0.00162448501214,-4.79,-0.0265332572162
-11.91,-0.00162448501214,-4.88,-0.0265332572162
-11.91,-0.00162448501214,-5.05,-0.0265332572162
-12.0,-0.00162448501214,-5.23,-0.0281577706337
-12.0,-0.00162448501214,-5.41,-0.0281577706337
-12.09,-0.00162448501214,-5.49,-0.0292407404631
-12.09,-0.00108299357817,-5.76,-0.0292407404631
-12.18,-0.00108299357817,-5.93,-0.0292407404631
-12.18,-0.00108298822306,-6.11,-0.030323734507
-12.18,-0.00108298822306,-6.37,-0.030323734507
-12.26,-0.00108298822306,-6.55,-0.032489720732
-12.26,-0.00108299357817,-6.81,-0.032489720732
-12.35,-0.00108299357817,-7.08,-0.032489720732
-12.35,-0.000541491492186,-7.43,-0.0335726737976
-12.44,-0.000541491492186,-7.87,-0.0351972058415
-12.53,-0.000541496789083,-8.31,-0.0351972058415
-12.53,-0.000541496789083,-8.84,-0.0362801998854
-12.62,0.0,-9.45,-0.037363152951
-12.7,0.0,-10.07,-0.037363152951
-12.79,0.0,-10.51,-0.0395291373134
-12.88,0.0,-11.21,-0.0400706790388
-12.97,0.0,-12.0,-0.041695125401
-13.05,0.0,-12.53,-0.041695125401
-13.05,0.0,-13.05,-0.0433196127415
-13.14,0.000541496789083,-13.76,-0.0433196127415
-13.23,0.000541496789083,-14.55,-0.0444026067853
-13.32,0.00108298822306,-15.52,-0.0460271388292
-13.41,0.00108298822306,-16.48,-0.0476515479386
-13.49,0.000541496789083,-17.36,-0.0476515479386
-13.58,0.00108298822306,-18.51,-0.0487345419824
-13.67,0.00162448501214,-19.56,-0.0503591150045
-13.67,0.00108299357817,-20.79,-0.051442027092
-13.85,0.00108299357817,-22.29,-0.0530665144324
-13.93,0.00162448501214,-23.6,-0.0530665144324
-13.93,0.00162448501214,-24.48,-0.0541495084763
-14.02,0.00162448501214,-25.27,-0.0541495084763
-14.11,0.00216598180123,-25.89,-0.055773999542
-14.11,0.00216598180123,-26.59,-0.055773999542
-14.11,0.00216598180123,-27.38,-0.0568570755422
-14.2,0.00216598180123,-28.09,-0.0568570755422
-14.2,0.00216598180123,-28.88,-0.0568570755422
-14.2,-0.130500346422,-29.67,-1.06295526028
-14.29,-0.130500346422,-30.64,-1.06295526028
-14.29,0.0108298929408,-31.87,0.127792909741
-14.37,0.0108298929408,-33.1,0.127792909741
-14.37,0.0108298929408,-34.42,0.127792909741
-14.37,0.0108299031854,-35.91,0.125085428357
-14.46,0.0108299031854,-37.23,0.125085428357
-14.46,0.0102884173393,-38.73,0.121836431324
-14.55,0.0102884173393,-40.22,0.121836431324
-14.55,0.0102884173393,-41.8,0.121836431324
-14.55,0.00974691100419,-43.3,0.11912894994
-14.64,0.00974691100419,-44.7,0.11912894994
-14.73,0.00974691100419,-46.37,0.114255480468
-14.73,0.00974691100419,-47.87,0.114255480468
-14.81,0.00974691100419,-49.45,0.114255480468
-14.9,0.0092054232955,-50.95,0.11046500504
-14.99,0.0092054232955,-52.53,0.11046500504
-15.08,0.00920541398227,-54.02,0.106674700975
-15.16,0.00920541398227,-55.52,0.106674700975
-15.34,0.00920541398227,-57.01,0.106674700975
-15.43,0.00866392720491,-58.59,0.102884054184
-15.52,0.00866392720491,-60.0,0.102884054184
-15.6,0.00812243018299,-61.49,0.0990936532617
-15.69,0.00812243018299,-62.81,0.0990936532617
-15.78,0.00812243018299,-64.13,0.0990936532617
-15.87,0.00758093362674,-65.27,0.0953030958772
-16.04,0.00758093362674,-66.42,0.0953030958772
-16.13,0.00758093362674,-67.47,0.0915127024055
-16.31,0.00758093362674,-68.26,0.0915127024055
-16.4,0.00758093362674,-69.05,0.0915127024055
-16.48,0.00758093362674,-69.85,0.088263720274
-16.66,0.00758093362674,-70.55,0.088263720274
-16.66,0.00649794004858,-71.34,0.0839318335056
-16.75,0.00649794004858,-71.96,0.0839318335056
-17.01,0.0059564486146,-74.59,0.0768923312426
-17.01,0.0059564486146,-75.03,0.0725603550673
-17.1,0.0059564486146,-75.38,0.0725603550673
-17.1,0.0059564486146,-75.82,0.0725603550673
-17.1,0.00541495159268,-76.26,0.0693113803864
-17.19,0.00541495159268,-76.62,0.0693113803864
-17.19,0.00541495159268,-76.97,0.0655209422112
-17.19,0.00487345550209,-77.41,0.0655209422112
-17.19,0.00487345550209,-77.76,0.0655209422112
-17.19,0.0048734578304,-78.11,0.0617304630578
-17.19,0.0048734578304,-78.37,0.0617304630578
-17.19,0.0048734578304,-78.73,0.0579399876297
-17.19,0.00433196127415,-78.99,0.0579399876297
-17.19,0.00433196127415,-79.34,0.0579399876297
-17.19,0.00379046681337,-79.52,0.0541495084763
-17.19,0.00379046681337,-79.69,0.0541495084763
-17.19,0.00379046681337,-79.87,0.050900567323
-17.19,0.00379046681337,-80.04,0.050900567323
-17.19,0.00379046681337,-80.13,0.050900567323
-17.19,0.00324897258542,-80.31,0.0465685725212
-17.27,0.00324897258542,-80.57,0.0465685725212
-17.27,0.00270747579634,-80.66,0.0427781417966
-17.27,0.00270747579634,-80.75,0.0427781417966
-17.27,0.00270747579634,-80.92,0.0427781417966
-17.27,0.00270747579634,-81.01,0.0389876514673
-17.27,0.00270747579634,-81.19,0.0389876514673
-17.36,0.00216598063707,-81.27,0.0357386916876
-17.36,0.00216598063707,-81.27,0.0357386916876
-17.27,0.00216598063707,-81.36,0.0357386916876
-17.27,0.00216598180123,-81.36,0.0314067192376
-17.27,0.00216598180123,-81.45,0.0314067192376
-17.27,0.00108299031854,-81.45,0.0281577557325
-17.36,0.00108299031854,-81.54,0.0281577557325
-17.27,0.00108299031854,-81.54,0.0281577557325
-17.27,0.00162448582705,-81.54,0.024367287755
-17.27,0.00162448582705,-81.54,0.024367287755
-17.27,0.000541495450307,-81.54,0.019493829459
-17.27,0.000541495450307,-81.54,0.019493829459
-17.27,0.000541495450307,-81.54,0.019493829459
-17.36,0.000541494810022,-81.54,0.0167863536626
-17.27,0.000541494810022,-81.54,0.0167863536626
-17.27,0.0,-81.54,0.0129958866164
-17.27,0.0,-81.54,0.0129958866164
-17.27,0.0,-81.54,0.0129958866164
-17.27,0.0,-81.54,0.00920541863889
-17.36,0.0,-81.54,0.00920541863889
-17.27,0.0,-81.54,0.00541495159268
-17.36,-0.00108299031854,-81.54,0.00541495159268
-17.27,-0.00108299031854,-81.54,0.00541495159268
-17.27,-0.000541495450307,-81.54,0.00162448501214
-17.27,-0.000541495450307,-81.45,0.00162448501214
-17.27,-0.000541495450307,-81.45,-0.00216597924009
-17.27,-0.00162448582705,-81.45,-0.00216597924009
-17.36,-0.00162448582705,-81.45,-0.00216597924009
-17.27,-0.00162448582705,-81.45,-0.00541495159268
-17.27,-0.00162448582705,-81.45,-0.00541495159268
-17.27,-0.00216598063707,-81.45,-0.0097469156608
-17.27,-0.00216598063707,-81.36,-0.0097469156608
-17.27,-0.00216598063707,-81.36,-0.0097469156608
-17.27,-0.00216598180123,-81.36,-0.0135373808444
-17.27,-0.00216598180123,-81.36,-0.0135373808444
-17.36,-0.00270747579634,-81.36,-0.0162448585033
-17.27,-0.00270747579634,-81.36,-0.0162448585033
-17.27,-0.00270747579634,-81.36,-0.0162448585033
-17.36,-0.0032489716541,-81.36,-0.0211183149368
-17.36,-0.0032489716541,-81.36,-0.0211183149368
-17.27,-0.0032489716541,-81.36,-0.024367287755
-17.36,-0.0032489716541,-81.36,-0.024367287755
-17.36,-0.0032489716541,-81.36,-0.024367287755
-17.36,-0.00379046681337,-81.36,-0.0286992490292
-17.36,-0.00379046681337,-81.36,-0.0286992490292
-17.36,-0.00433196127415,-81.36,-0.0319482162595
-17.36,-0.00433196127415,-81.36,-0.0319482162595
-17.36,-0.00433196127415,-81.36,-0.0319482162595
-17.45,-0.00433196360245,-81.45,-0.0357386916876
-17.36,-0.00433196360245,-81.45,-0.0357386916876
-17.45,-0.00487345550209,-81.54,-0.0395291596651
-17.45,-0.00487345550209,-81.63,-0.0395291596651
-17.45,-0.00487345550209,-81.63,-0.0395291596651
-17.54,-0.00541495485231,-81.71,-0.0433196127415
-17.54,-0.00541495485231,-81.8,-0.0433196127415
-17.54,-0.00541495159268,-81.98,-0.0471100956202
-17.54,-0.00541495159268,-81.98,-0.0471100956202
-17.54,-0.00541495159268,-82.24,-0.0471100956202
-17.54,-0.0059564486146,-82.33,-0.0509005486965
-17.54,-0.0059564486146,-82.59,-0.0509005486965
-17.63,0.0519835464656,-82.68,0.543661236763
-17.63,0.0519835464656,-82.86,0.543661236763
-17.63,0.0519835464656,-82.95,0.543661236763
-17.63,0.0021659808699,-83.03,-0.0151618672535
-17.63,0.0021659808699,-82.95,-0.0151618672535
-17.71,0.0021659808699,-82.77,-0.0151618672535
-17.71,0.0021659808699,-82.59,-0.0151618672535
-17.8,0.0021659808699,-82.15,-0.0146203804761
-17.8,0.0021659808699,-81.8,-0.0146203804761
-17.8,0.0021659808699,-81.54,-0.0146203804761
-17.89,0.00162448582705,-81.27,-0.0140788732097
-17.89,0.00162448582705,-81.01,-0.0140788732097
-17.89,0.00216598110273,-80.57,-0.0135373771191
-17.89,0.00216598110273,-80.4,-0.0135373771191
-17.89,0.00162448582705,-80.22,-0.0129958903417
-17.89,0.00162448582705,-80.04,-0.0129958903417
-17.89,0.00216598110273,-79.87,-0.0129958800972
-17.89,0.00216598110273,-79.78,-0.0129958800972
-17.89,0.00216598110273,-79.69,-0.0129958800972
-17.89,0.00162448582705,-79.52,-0.0119128972292
-17.89,0.00162448582705,-79.43,-0.0119128972292
-17.89,0.00162448582705,-79.34,-0.0119128972292
-17.89,0.00162448582705,-79.34,-0.0119128972292
-17.89,0.00162448582705,-79.25,-0.0119128972292
-17.89,0.00162448501214,-79.16,-0.0113714002073
-17.8,0.00162448501214,-79.08,-0.0113714002073
-17.89,0.00108299090061,-78.99,-0.0108299031854
-17.89,0.00108299090061,-78.99,-0.0108299031854
-17.89,0.00108299090061,-78.9,-0.0102884117514
-17.89,0.00162448629271,-78.9,-0.0102884117514
-17.8,0.00162448629271,-78.81,-0.0102884117514
-17.89,0.00108298962004,-78.81,-0.0102884070948
-17.8,0.00108298962004,-78.81,-0.0102884070948
-17.89,0.00108298962004,-78.81,-0.00920541863889
-17.89,0.00162448629271,-78.73,-0.00920541863889
-17.89,0.00162448629271,-78.73,-0.00920541863889
-17.89,0.00108299090061,-78.73,-0.00920542143285
-17.89,0.000541495450307,-78.64,-0.00812242925167
-17.89,0.000541495450307,-78.64,-0.00812242925167
-17.89,0.00108299090061,-78.55,-0.00758093362674
-17.89,0.00108299090061,-78.64,-0.00758093362674
-17.89,0.00108299090061,-78.55,-0.00758093362674
-17.89,0.00108299090061,-78.55,-0.00758093316108
-17.89,0.00108299090061,-78.55,-0.00758093316108
-17.89,0.00054149411153,-78.55,-0.00595644721761
-17.89,0.00054149411153,-78.55,-0.00595644721761
-17.89,0.00054149411153,-78.55,-0.00595644814894
-17.89,0.000541496789083,-78.55,-0.00595644814894
-17.89,0.000541496789083,-78.55,-0.00595644814894
-17.8,0.00054149411153,-78.55,-0.00595644721761
-17.89,0.00054149411153,-78.55,-0.00595644721761
-17.89,0.00054149411153,-78.55,-0.00541495298967
-17.89,0.00054149411153,-78.55,-0.00541495298967
-17.89,0.00054149411153,-78.55,-0.00541495298967
-17.89,0.0,-78.55,-0.00487345643342
-17.89,0.0,-78.55,-0.00487345643342
-17.89,0.0,-78.55,-0.00433196360245
-17.89,0.000541496789083,-78.55,-0.00433196360245
-17.89,0.000541496789083,-78.55,-0.00433196360245
-17.89,0.0,-78.55,-0.00379046425223
-17.89,0.0,-78.55,-0.00379046425223
-17.89,0.0,-78.55,-0.00379046681337
-17.89,0.0,-78.55,-0.00379046681337
-17.89,0.0,-78.55,-0.00379046681337
-17.89,0.0,-78.55,-0.00270747859031
-17.89,0.0,-78.55,-0.00270747859031
-17.89,0.0,-78.55,-0.00270747579634
-17.89,0.0,-78.55,-0.00270747579634
-17.8,0.0,-78.55,-0.00270747579634
-17.8,0.0,-78.55,-0.00216597924009
-17.89,0.0,-78.64,-0.00216597924009
-17.89,0.0,-78.55,-0.00162448501214
-17.8,-0.000541496789083,-78.55,-0.00162448501214
-17.8,-0.000541496789083,-78.64,-0.00162448501214
-17.89,0.0,-78.64,-0.00108299357817
-17.8,0.0,-78.55,-0.00108299357817
-17.89,0.0,-78.64,-0.000541491492186
-17.8,-0.00054149411153,-78.64,-0.000541491492186
-17.8,-0.00054149411153,-78.64,-0.000541491492186
-17.89,-0.00054149411153,-78.64,0.0
-17.89,-0.00054149411153,-78.64,0.0
-17.89,-0.00054149411153,-78.73,0.0
-17.8,-0.000541496789083,-78.64,0.0
-17.89,-0.000541496789083,-78.73,0.0
-17.8,-0.00108299090061,-78.73,0.000541491492186
-17.8,-0.00108299090061,-78.73,0.000541491492186
-17.8,-0.00108299090061,-78.73,0.00162448757328
-17.8,-0.00054149411153,-78.73,0.00162448757328
-17.8,-0.00054149411153,-78.81,0.00162448757328
-17.8,-0.00108299090061,-78.81,0.00162448501214
-17.8,-0.00108299090061,-78.81,0.00162448501214
-17.71,-0.00108299090061,-78.81,0.00162448501214
-17.71,-0.000541495450307,-78.81,0.00162448501214
-17.63,-0.000541495450307,-78.9,0.00162448501214
-17.63,-0.00108298962004,-78.9,0.00270747579634
-17.63,-0.00108298962004,-78.9,0.00270747579634
-17.54,-0.00108298962004,-78.9,0.00324897258542
-17.54,-0.00108299090061,-78.99,0.00324897258542
-17.54,-0.00108299090061,-78.99,0.00324897258542
-17.45,-0.00162448629271,-79.08,0.00324897258542
-17.45,-0.00162448629271,-79.08,0.00324897258542
-17.45,-0.00162448629271,-79.08,0.00379046425223
-17.36,-0.00108298962004,-79.08,0.00379046425223
-17.36,-0.00108298962004,-79.08,0.00379046425223
-17.36,-0.00162448629271,-79.16,0.0048734578304
-17.27,-0.00162448629271,-79.16,0.0048734578304
-17.27,-0.00162448629271,-79.16,0.0048734578304
-17.27,-0.00108299090061,-79.25,0.0048734578304
-17.27,-0.00108299090061,-79.25,0.0048734578304
-17.27,-0.00162448501214,-79.25,0.0048734578304
-17.27,-0.00162448501214,-79.25,0.0048734578304
-17.27,-0.00162448501214,-79.25,0.00595644721761
-17.27,-0.00162448582705,-79.25,0.00595644721761
-17.19,-0.00162448582705,-79.25,0.00595644721761
-17.19,-0.00216598110273,-79.25,0.0064979433082
-17.19,-0.00216598110273,-79.25,0.0064979433082
-17.19,-0.00216598110273,-79.25,0.00595644814894
-17.19,-0.00162448582705,-79.25,0.00595644814894
-17.19,-0.00162448582705,-79.25,0.00595644814894
-17.1,-0.0904297083616,-79.25,-0.0687698945403
-17.1,-0.0904297083616,-79.25,-0.0687698945403
-17.1,-0.0904297083616,-79.25,0.0514420457184
-17.1,0.0113714002073,-79.34,0.0514420457184
-17.19,0.0113714002073,-79.25,0.0514420457184
-17.19,0.0113714002073,-79.25,0.0503590553999
-17.19,0.0113714002073,-79.25,0.0503590553999
-17.19,0.0113714002073,-79.34,0.0492760688066
-17.19,0.0113714002073,-79.25,0.0492760688066
-17.19,0.0113714002073,-79.25,0.0492760688066
-17.27,0.0102884098887,-79.25,0.0476515851915
-17.27,0.0102884098887,-79.25,0.0476515851915
-17.27,0.0102884098887,-79.25,0.046568594873
-17.27,0.0102884098887,-79.16,0.046568594873
-17.27,0.0102884098887,-79.08,0.046568594873
-17.27,0.0097469156608,-78.99,0.0449441038072
-17.36,0.0097469156608,-78.9,0.0449441038072
-17.36,0.0097469156608,-78.81,0.0438611097634
-17.36,0.00920541863889,-78.64,0.0438611097634
-17.36,0.00920541863889,-78.46,0.0438611097634
-17.36,0.00866392441094,-78.29,0.0422366224229
-17.36,0.00866392441094,-78.2,0.0422366224229
-17.36,0.00866392441094,-77.93,0.0411536283791
-17.36,0.00812242925167,-77.76,0.0411536283791
-17.36,0.00812242925167,-77.49,0.0411536283791
-17.36,0.00812242832035,-77.23,0.0395291820168
-17.36,0.00812242832035,-77.05,0.0395291820168
-17.36,0.00812242832035,-76.79,0.0384461469948
-17.36,0.00758093362674,-76.53,0.0384461469948
-17.36,0.00758093362674,-76.26,0.0384461469948
-17.36,0.00703943800181,-75.91,0.0373631902039
-17.36,0.00703943800181,-75.65,0.0373631902039
-17.36,0.00703943800181,-75.38,0.03573865816
-17.36,0.0064979433082,-75.03,0.03573865816
-17.36,0.0064979433082,-74.68,0.03573865816
-17.36,0.0064979433082,-74.33,0.0341142117977
-17.36,0.0064979433082,-73.98,0.0341142117977
-17.36,0.0064979433082,-73.63,0.032489720732
-17.36,0.0059564486146,-73.19,0.032489720732
-17.36,0.0059564486146,-72.84,0.032489720732
-17.36,0.00541495159268,-72.4,0.0319482274354
-17.36,0.00541495159268,-71.96,0.0319482274354
-17.36,0.00541495159268,-71.6,0.0297822374851
-17.36,0.00487346062437,-69.58,0.02761625126
-17.36,0.00433195848018,-69.14,0.02761625126
-17.27,0.00433195848018,-68.7,0.02761625126
-17.27,0.00379046681337,-68.26,0.0259917601943
-17.27,0.00379046681337,-67.82,0.0259917601943
-17.27,0.00379046681337,-67.3,0.0249087661505
-17.19,0.00324897514656,-66.77,0.0249087661505
-17.19,0.00324897514656,-66.33,0.0249087661505
-17.19,0.00324897002429,-65.8,0.0232843607664
-17.1,0.00324897002429,-65.36,0.0232843607664
-17.01,0.00324897002429,-64.92,0.0232843607664
-17.01,0.00216598180123,-64.4,0.0216597858816
-16.92,0.00216598180123,-63.87,0.0216597858816
-16.84,0.00216598180123,-63.52,0.0205767937005
-16.75,0.00216598180123,-62.99,0.0205767937005
-16.75,0.00216598180123,-62.29,0.0194937996566
-16.66,0.00162448501214,-61.93,0.0194937996566
-16.57,0.00162448501214,-61.32,0.0194937996566
-16.48,0.00162448501214,-60.88,0.0178693942726
-16.48,0.00162448501214,-60.18,0.0178693942726
-16.4,0.00162448501214,-59.65,0.0178693942726
-16.31,0.000541496789083,-59.3,0.0162448193878
-16.31,0.000541496789083,-58.68,0.0162448193878
-16.22,0.000541491492186,-58.07,0.0151619100943
-16.22,0.000541491492186,-57.54,0.0151619100943
-16.04,0.000541491492186,-57.01,0.0151619100943
-16.04,0.0,-56.4,0.0135373352095
-16.04,0.0,-55.78,0.0135373352095
-15.96,-0.000541491492186,-55.34,0.0124544259161
-15.87,-0.000541491492186,-54.81,0.0124544259161
-15.87,-0.000541491492186,-54.2,0.0124544259161
-15.87,-0.000541496789083,-53.58,0.0113714318722
-15.78,-0.000541496789083,-52.97,0.0113714318722
-15.78,-0.00162448501214,-52.35,0.0097468579188
-15.69,-0.00162448501214,-51.74,0.0097468579188
-15.6,-0.00162448501214,-51.12,0.0097468579188
-15.6,-0.00162448501214,-50.51,0.00812245160341
-15.52,-0.00162448501214,-49.98,0.00812245160341
-15.52,-0.00216598180123,-49.36,0.00703945755959
-15.43,-0.00216598180123,-48.84,0.00703945755959
-15.34,-0.00216598180123,-48.13,0.00703945755959
-15.34,-0.00216598180123,-47.52,0.00541496789083
-15.34,-0.00216598180123,-46.9,0.00541496789083
-15.16,-0.00324897002429,-46.29,0.00433189002797
-15.16,-0.00324897002429,-45.67,0.00433189002797
-15.08,-0.00324897002429,-45.05,0.00433189002797
-14.99,-0.00324897514656,-44.44,0.00270748394541
-14.9,-0.00324897514656,-43.91,0.00270748394541
-14.9,-0.00379046681337,-43.3,0.00162449036725
-14.81,-0.00379046681337,-42.68,0.00162449036725
-14.73,-0.00379046681337,-42.07,0.00162449036725
-14.64,-0.00433195848018,-41.36,0.0
-14.64,-0.00433195848018,-40.75,0.0
-14.55,-0.00433196360245,-39.96,-0.00108299357817
-14.55,-0.00433196360245,-39.52,-0.00108299357817
-14.46,-0.00433196360245,-38.9,-0.00108299357817
-14.46,-0.00541495159268,-38.29,-0.00270748394541
-14.46,-0.00541495159268,-37.67,-0.00270748394541
-14.37,-0.00541495159268,-37.05,-0.00379039347172
-14.37,-0.00541495159268,-36.44,-0.00379039347172
-14.37,-0.00541495159268,-35.82,-0.00379039347172
-14.37,-0.0059564486146,-35.21,-0.00541496789083
-14.29,-0.0059564486146,-34.51,-0.00541496789083
-14.29,-0.0059564486146,-33.89,-0.00649796146899
-14.29,-0.0059564486146,-33.27,-0.00649796146899
-14.29,-0.0059564486146,-32.75,-0.00649796146899
-14.29,-0.00703943660483,-32.22,-0.00812245160341
-14.29,-0.00703943660483,-31.6,-0.00812245160341
-14.29,-0.00703943800181,-30.99,-0.0097468579188
-14.29,-0.00703943800181,-30.37,-0.0097468579188
-14.29,-0.00703943800181,-29.76,-0.0097468579188
-14.29,-0.00758093362674,-29.14,-0.0108299357817
-14.29,-0.00758093362674,-28.53,-0.0108299357817
-14.29,-0.00812242832035,-27.91,-0.0119129288942
-14.29,-0.00812242832035,-27.3,-0.0119129288942
-14.29,-0.00812242832035,-26.77,-0.0119129288942
-14.29,-0.00758093362674,-26.24,-0.0135373352095
-14.2,-0.00758093362674,-25.63,-0.0135373352095
-14.2,0.0292407441884,-25.01,0.127792805433
-14.2,0.0292407441884,-24.4,0.127792805433
-14.2,0.0292407441884,-23.69,0.127792805433
-14.2,-0.00054149411153,-22.99,-0.0655208528042
-14.2,-0.00054149411153,-22.11,-0.0655208528042
-14.11,-0.000541496789083,-21.14,-0.0638964548707
-14.11,-0.000541496789083,-20.18,-0.0638964548707
-14.11,-0.000541496789083,-19.21,-0.0638964548707
-14.11,-0.00108299090061,-18.07,-0.0622719600797
-14.11,-0.00108299090061,-17.1,-0.0622719600797
-14.11,-0.00054149411153,-16.22,-0.0601059757173
-14.11,-0.00054149411153,-15.43,-0.0601059757173
-13.93,-0.00054149411153,-14.73,-0.0601059757173
-13.85,-0.00054149411153,-14.11,-0.0573984868824
-13.76,-0.00054149411153,-13.41,-0.0573984868824
-13.67,-0.000541496789083,-12.79,-0.0557740405202
-13.67,-0.000541496789083,-12.18,-0.0557740405202
-13.58,-0.000541496789083,-11.65,-0.0557740405202
-13.58,-0.00054149411153,-11.03,-0.0541495084763
-13.49,-0.00054149411153,-10.59,-0.0541495084763
-13.49,-0.000541496789083,-10.15,-0.0514420680702
-13.41,-0.000541496789083,-9.8,-0.0514420680702
-13.32,-0.000541496789083,-9.36,-0.0514420680702
-13.23,-0.00108298962004,-9.1,-0.0498175323009
-13.14,-0.00108298962004,-8.75,-0.0498175323009
-13.14,-0.000541495450307,-8.48,-0.0476515889168
-13.05,-0.000541495450307,-8.22,-0.0476515889168
-12.97,-0.000541495450307,-7.96,-0.0476515889168
-12.97,-0.000541495450307,-7.69,-0.0454856008291
-12.97,-0.000541495450307,-7.43,-0.0454856008291
-12.88,-0.000541495450307,-7.16,-0.0438611097634
-12.88,-0.000541495450307,-6.81,-0.0438611097634
-12.88,-0.000541495450307,-6.64,-0.0438611097634
-12.88,-0.00054149411153,-6.37,-0.0416951440275
-12.88,-0.00054149411153,-6.2,-0.0416951440275
-12.88,-0.000541495450307,-6.02,-0.0395291596651
-12.88,-0.000541495450307,-5.76,-0.0395291596651
-12.79,-0.000541495450307,-5.49,-0.0373631715775
-12.88,-0.000541495450307,-5.23,-0.0357386805117
-12.88,-0.000541495450307,-5.05,-0.0357386805117
-12.79,-0.000541495450307,-4.88,-0.0335727073252
-12.79,-0.000541495450307,-4.79,-0.0335727073252
-12.88,-0.000541495450307,-4.62,-0.0314067192376
-12.79,-0.000541495450307,-4.53,-0.0314067192376
-12.79,-0.000541495450307,-4.44,-0.0314067192376
-12.7,-0.00054149411153,-4.09,-0.0254502743483
-12.7,0.0,-4.09,-0.0254502743483
-12.79,0.0,-4.09,-0.0254502743483
-12.7,-0.000541495450307,-4.0,-0.0232842955738
-12.7,-0.000541495450307,-4.0,-0.0232842955738
-12.7,-0.000541495450307,-4.0,-0.0216598119587
-12.7,-0.000541495450307,-4.0,-0.0216598119587
-12.7,-0.000541495450307,-4.0,-0.0184108372778
-12.62,-0.000541495450307,-4.0,-0.0184108372778
-12.7,-0.000541495450307,-4.0,-0.0184108372778
-12.7,-0.000541495450307,-4.0,-0.0173278469592
-12.62,-0.000541495450307,-4.0,-0.0173278469592
-12.62,-0.000541495450307,-4.0,-0.0151618672535
-12.7,-0.000541495450307,-4.0,-0.0151618672535
-12.62,-0.000541495450307,-4.0,-0.0151618672535
-12.62,0.0,-4.0,-0.0129958866164
-12.62,0.0,-4.0,-0.0129958866164
-12.62,-0.00054149411153,-4.0,-0.0108299031854
-12.62,-0.00054149411153,-4.09,-0.0108299031854
-12.62,-0.00054149411153,-4.0,-0.00920541863889
-12.62,-0.000541495450307,-4.09,-0.00920541863889
-12.62,-0.000541495450307,-4.09,-0.00920541863889
-12.62,0.0,-4.09,-0.00703943660483
-12.53,0.0,-4.09,-0.00703943660483
-12.62,0.0,-4.18,-0.00487346062437
-12.53,-0.000541495450307,-4.18,-0.00487346062437
-12.62,-0.000541495450307,-4.26,-0.00487346062437
-12.53,-0.000541495450307,-4.26,-0.00324897002429
-12.53,-0.000541495450307,-4.35,-0.00324897002429
-12.53,-0.000541495450307,-4.35,-0.000541496789083
-12.53,0.0,-4.44,-0.000541496789083
-12.53,0.0,-4.53,-0.000541496789083
-12.53,-0.000541495450307,-4.53,0.00108299357817
-12.53,-0.000541495450307,-4.62,0.00108299357817
-12.53,-0.000541495450307,-4.7,0.00324897002429
-12.53,0.0,-4.7,0.00324897002429
-12.53,0.0,-4.79,0.00324897002429
-12.53,-0.000541494810022,-4.88,0.00487346062437
-12.44,-0.000541494810022,-4.88,0.00487346062437
-12.44,-0.000541494810022,-4.97,0.00758092850447
-12.44,-0.000541495450307,-5.05,0.00758092850447
-12.44,-0.000541495450307,-5.05,0.00758092850447
-12.44,0.0,-5.14,0.00920541863889
-12.44,0.0,-5.23,0.00920541863889
-12.44,0.0,-5.23,0.0113714002073
-12.44,-0.000541495450307,-5.32,0.0113714002073
-12.44,-0.000541495450307,-5.41,0.0113714002073
-12.44,0.0,-5.41,0.0129958866164
-12.44,0.0,-5.49,0.0129958866164
-12.44,0.0,-5.49,0.0151618672535
-12.44,-0.000541494810022,-5.58,0.0178693421185
-12.44,0.0,-5.58,0.0189523342997
-12.44,0.0,-5.58,0.021659810096
-12.44,-0.000541495450307,-5.58,0.0232842918485
-12.44,0.0,-5.58,0.0232842918485
-12.44,0.0,-5.58,0.0254502817988
-12.35,-0.000541495450307,-5.58,0.0276162605733
-12.35,-0.000541495450307,-5.58,0.0292407404631
-12.35,0.0,-5.49,0.0292407404631
-12.35,0.0,-5.49,0.0319482162595
-12.35,0.0,-5.49,0.0319482162595
-12.35,0.0,-5.41,-0.170570999384
-12.35,-0.010829905048,-5.32,-0.170570999384
-12.35,-0.010829905048,-5.32,-0.170570999384
-12.35,0.0032489716541,-5.32,-0.00216598110273
-12.35,0.0032489716541,-5.32,-0.00216598110273
-12.35,0.0032489716541,-5.41,-0.00162448582705
-12.35,0.002707476262,-5.49,-0.00162448582705
-12.35,0.002707476262,-5.49,-0.00162448582705
-12.35,0.002707476262,-5.49,-0.00162448629271
-12.35,0.002707476262,-5.58,-0.00162448629271
-12.35,0.002707476262,-5.58,-0.00108298962004
-12.26,0.00324897188693,-5.58,-0.00108298962004
-12.26,0.00324897188693,-5.67,-0.00108298962004
-12.26,0.00216598063707,-5.67,-0.00108299090061
-12.26,0.00216598063707,-5.67,-0.00108299090061
-12.26,0.00216598063707,-5.76,-0.00108299090061
-12.26,0.00216598180123,-5.76,-0.00108299090061
-12.26,0.00216598180123,-5.76,-0.00108299090061
-12.18,0.00216598063707,-5.76,-0.00108298962004
-12.18,0.00216598063707,-5.85,-0.00108298962004
-12.18,0.00216598063707,-5.85,-0.000541495450307
-12.18,0.00162448501214,-5.85,-0.000541495450307
-12.18,0.00162448501214,-5.85,-0.000541495450307
-12.18,0.00162448629271,-5.85,-0.000541495450307
-12.18,0.00162448629271,-5.85,-0.000541495450307
-12.18,0.00162448629271,-5.93,0.0
-12.09,0.00162448629271,-5.93,0.0
-12.09,0.00162448629271,-5.93,0.0
-12.09,0.00108298962004,-5.93,-0.000541495450307
-12.09,0.00108298962004,-5.85,-0.000541495450307
-12.09,0.000541495450307,-5.93,0.0
-12.09,0.000541495450307,-5.93,0.0
-12.09,0.000541495450307,-5.93,0.0
-12.0,0.000541495450307,-5.93,0.000541495450307
-12.0,0.000541495450307,-5.93,0.000541495450307
-12.0,0.000541495450307,-5.93,0.000541495450307
-12.0,0.000541495450307,-5.93,0.000541495450307
-12.0,0.000541495450307,-5.93,0.000541495450307
-11.91,0.0,-5.93,0.000541495450307
-11.91,0.0,-5.93,0.000541495450307
-11.91,0.0,-5.93,0.000541495450307
-11.82,0.0,-6.02,0.000541495450307
-11.91,-0.000541495450307,-6.02,0.00108298962004
-11.82,-0.000541495450307,-6.02,0.00108298962004
-11.82,-0.000541495450307,-6.02,0.00108299090061
-11.82,-0.000541495450307,-6.11,0.00108299090061
-11.82,-0.000541495450307,-6.11,0.00108299090061
-11.82,-0.000541495450307,-6.11,0.00108299090061
-11.74,-0.000541495450307,-6.11,0.00108299090061
-11.74,-0.00108298962004,-6.11,0.00162448501214
-11.74,-0.00108298962004,-6.11,0.00162448501214
-11.74,-0.00108298962004,-6.11,0.00162448501214
-11.65,-0.00162448629271,-6.2,0.00162448582705
-11.65,-0.00162448501214,-6.2,0.00216598110273
-11.65,-0.00162448501214,-6.2,0.00216598110273
-11.65,-0.00216598180123,-6.2,0.00216598110273
-11.65,-0.00216598180123,-6.2,0.00216598110273
-11.65,-0.00216598180123,-6.2,0.00216598110273
-11.65,-0.00216598063707,-6.2,0.0021659808699
-11.65,-0.00216598063707,-6.2,0.0021659808699
-11.65,-0.00270747579634,-6.2,0.00162448582705
-11.56,-0.00270747579634,-6.29,0.00162448582705
-11.56,-0.00270747579634,-6.29,0.00162448582705
-11.56,-0.00270747649483,-6.29,0.00270747602917
-11.56,-0.00270747649483,-6.29,0.00270747602917
-11.56,-0.00270747602917,-6.29,0.0032489716541
-11.56,-0.00270747602917,-6.29,0.0032489716541
-11.56,-0.00270747602917,-6.2,0.0032489716541
-11.56,-0.002707476262,-6.29,0.00270747649483
-11.47,-0.002707476262,-6.29,0.00270747649483
-11.47,-0.002707476262,-6.29,0.00324897072278
-11.47,-0.00324897188693,-6.29,0.00324897072278
-11.47,-0.00324897188693,-6.29,0.00324897072278
-11.56,-0.00379046681337,-6.29,0.0032489716541
-11.56,-0.00379046681337,-6.29,0.0032489716541
-11.47,-0.00379046681337,-6.29,0.00379046681337
-11.47,-0.00379046681337,-6.29,0.00379046681337
-11.56,-0.00379046681337,-6.29,0.00379046681337
-11.56,-0.00379046681337,-6.29,0.00379046681337
-11.47,-0.00379046681337,-6.29,0.00379046681337
-11.56,-0.00433196127415,-6.2,0.00379046681337
-11.56,-0.00433196127415,-6.29,0.00379046681337
-11.56,-0.00433196127415,-6.2,0.00379046681337
-11.56,-0.0048734578304,-6.29,0.00379046681337
-11.56,-0.0048734578304,-6.29,0.00379046681337
-11.56,-0.0048734578304,-6.29,0.00433196127415
-11.56,-0.0048734578304,-6.29,0.00433196127415
-11.56,-0.0048734578304,-6.29,0.00433196127415
-11.56,-0.0048734578304,-6.29,0.00433196360245
-11.56,-0.0048734578304,-6.29,0.00433196360245
-11.56,-0.00541495159268,-6.29,0.00487345550209
-11.56,-0.00541495159268,-6.2,0.00487345550209
-11.65,-0.00541495159268,-6.29,0.00487345550209
-11.65,-0.00541495159268,-6.2,0.00487346062437
-11.65,-0.00541495159268,-6.2,0.00487346062437
-11.65,-0.00541495159268,-6.2,0.00487345550209
-11.65,-0.00541495159268,-6.2,0.00487345550209
-11.74,-0.00541495159268,-6.2,0.00487345550209
-11.74,-0.00649794517085,-6.2,0.00487345550209
-11.74,-0.00649794517085,-6.2,0.00487345550209
-11.74,-0.00649794517085,-6.11,0.00541495718062
-11.74,-0.00595644349232,-6.11,0.00541495718062
-11.82,-0.00595644349232,-6.11,0.00541495718062
-11.82,-0.00649794517085,-6.11,0.00541495159268
-11.82,-0.00649794517085,-6.02,0.00541495159268
-11.82,-0.00649794517085,-6.02,0.00541495159268
-11.91,-0.00649794517085,-6.02,0.00541495159268
-11.91,-0.00649794517085,-5.93,0.00541495159268
-12.0,-0.00703943660483,-5.85,0.0059564486146
-12.0,-0.00703943660483,-5.85,0.0059564486146
-12.0,-0.00703943660483,-5.85,0.00595644349232
-12.09,-0.00703943660483,-5.76,0.00595644349232
-12.18,-0.00703943660483,-5.67,0.00595644349232
-12.18,-0.00758093362674,-5.67,0.00649794517085
-12.26,-0.00758093362674,-5.58,0.00649794517085
-12.26,-0.00758093362674,-5.49,0.00595644349232
-12.35,-0.00758093362674,-5.49,0.00595644349232
-12.44,-0.00758093362674,-5.41,0.00595644349232
-12.44,-0.00812243018299,-5.32,0.00649795029312
-12.53,-0.00812243018299,-5.23,0.0530665330589
-12.7,-0.122377932072,-4.97,-0.00649795029312
-12.97,-0.0119128869846,-4.88,-0.00649795029312
-13.23,-0.0124543830752,-4.62,-0.00649794004858
-13.49,-0.0119129084051,-4.44,-0.00595644349232
-13.76,-0.0119129084051,-4.26,-0.00649795029312
-14.11,-0.0113713908941,-4.0,-0.00541494647041
-14.55,-0.0113714104518,-3.74,-0.00595645420253
-14.99,-0.0113713908941,-3.56,-0.00595645420253
-15.43,-0.0108299143612,-3.38,-0.00541494647041
-15.78,-0.0108298929408,-3.3,-0.00541495718062
-16.22,-0.0108298929408,-3.12,-0.00541494647041
-16.75,-0.0108299143612,-3.03,-0.00487346062437
-17.19,-0.0102883968502,-2.95,-0.00487346062437
-17.71,-0.0102884173393,-2.77,-0.00541495718062
-18.15,-0.0102883968502,-2.68,-0.00487344991416
-18.68,-0.0102883968502,-2.51,-0.00433196360245
-19.12,-0.00974694173783,-2.42,-0.00433196360245
-19.74,-0.00974689982831,-2.33,-0.00487346062437
-20.26,-0.00920540373772,-2.15,-0.00433195848018
-20.7,-0.00920544471592,-2.07,-0.00379046681337
-21.23,-0.00920544471592,-1.89,-0.00433196360245
-21.76,-0.00920540373772,-1.8,-0.00433196360245
-22.37,-0.00866394862533,-1.71,-0.00379046681337
-22.9,-0.00866390578449,-1.71,-0.00379046681337
-23.52,-0.00812245160341,-1.63,-0.00379046681337
-24.13,-0.00812245160341,-1.45,-0.00324897002429
-24.66,-0.00866390578449,-1.45,-0.00324897002429
-25.19,-0.00758091267198,-1.36,-0.00324897002429
-27.56,-0.00758095504716,-1.19,-0.00270747579634
-28.18,-0.00703941611573,-1.1,-0.00270747579634
-28.79,-0.00703945755959,-1.1,-0.00270747579634
-29.41,-0.00649796146899,-1.01,-0.00216598180123
-29.76,-0.00649796146899,-1.01,-0.00216598180123
-30.11,-0.00649796146899,-0.92,-0.00216598180123
-30.46,-0.00649791909382,-0.92,-0.00216598180123
-30.73,-0.00649791909382,-0.84,-0.00216598180123
-31.08,-0.00649796146899,-0.84,-0.00216597924009
-31.43,-0.00649796146899,-0.84,-0.00216597924009
-31.69,-0.00649796146899,-0.84,-0.00216597924009
-32.04,-0.00649791909382,-0.84,-0.00216598180123
-32.31,-0.00649791909382,-0.84,-0.00216598180123
-32.66,-0.00595646444708,-0.75,-0.00162448501214
-33.01,-0.00595646444708,-0.84,-0.00162448501214
-33.45,-0.00595646444708,-0.75,-0.00162448757328
-33.71,-0.00541492551565,-0.75,-0.00162448757328
-34.15,-0.00541492551565,-0.66,-0.00162448757328
-34.51,-0.00595646444708,-0.66,-0.00162448501214
-34.86,-0.00595646444708,-0.66,-0.00162448501214
-35.3,-0.00541496789083,-0.66,-0.00162448501214
-35.74,-0.00541496789083,-0.66,-0.00162448501214
-36.09,-0.0048734289594,-0.66,-0.00108299090061
-36.44,-0.0048734289594,-0.66,-0.00108299090061
-36.79,-0.0048734289594,-0.57,-0.00108299090061
-37.05,-0.00487347086892,-0.57,-0.00108299090061
-37.41,-0.00487347086892,-0.57,-0.00108299090061
-37.76,-0.00487347086892,-0.57,-0.00108298962004
-38.11,-0.00487347086892,-0.57,-0.00108298962004
-38.55,-0.00487347086892,-0.57,-0.000541495450307
-38.9,-0.0048734289594,-0.57,-0.000541495450307
-39.34,-0.0048734289594,-0.57,-0.000541495450307
-39.69,-0.00433197431266,-0.57,-0.000541495450307
-40.22,-0.00433197431266,-0.48,-0.000541495450307
-40.48,-0.00379047752358,-0.48,-0.000541495450307
-40.92,-0.00379047752358,-0.48,-0.000541495450307
-41.19,-0.00379047752358,-0.48,-0.000541495450307
-41.63,-0.00433197431266,-0.48,-0.000541495450307
-42.07,-0.00433197431266,-0.48,-0.000541495450307
-42.42,-0.0037904351484,-0.48,0.0
-42.77,-0.0037904351484,-0.48,0.0
-43.12,-0.0032489807345,-0.4,0.0
-43.47,-0.0032489807345,-0.4,0.0
-43.82,-0.0032489807345,-0.4,0.0
-44.18,-0.0032489807345,-0.4,0.0
-44.62,-0.0032489807345,-0.4,0.0
-44.97,-0.0032489807345,-0.4,0.000541495450307
-45.32,-0.0032489807345,-0.4,0.000541495450307
-45.76,-0.0032489807345,-0.4,0.000541495450307
-46.11,-0.00324893835932,-0.4,0.000541495450307
-46.46,-0.00324893835932,-0.4,0.000541495450307
-46.9,-0.00270748394541,-0.4,0.000541495450307
-47.25,-0.00270748394541,-0.4,0.000541495450307
-47.6,-0.00270748394541,-0.31,0.000541495450307
-47.96,-0.00270748394541,-0.31,0.000541495450307
-48.31,-0.00270748394541,-0.31,0.000541495450307
-48.75,0.266415655613,-0.22,0.0173278469592
-49.1,0.266415655613,-0.22,0.0173278469592
-49.45,0.266415655613,-0.22,0.0173278469592
-49.71,-0.0102883968502,-0.22,0.0
-50.07,-0.0102883968502,-0.22,0.0
-50.33,-0.0102884173393,-0.13,0.0
-50.59,-0.0102884173393,-0.13,0.0
-50.86,-0.0102884173393,-0.13,0.0
-51.12,-0.0092054232955,-0.13,0.0
-51.38,-0.0092054232955,-0.04,0.0
-51.65,-0.0081224096939,-0.04,0.0
-52.0,-0.0081224096939,-0.04,0.0
-52.18,-0.0081224096939,-0.04,0.0
-52.44,-0.00758095504716,0.04,0.0
-52.7,-0.00758095504716,0.04,0.0
-52.88,-0.00649791909382,0.13,0.0
-53.05,-0.00649791909382,0.13,0.0
-53.32,-0.00649791909382,0.13,0.0
-53.41,-0.00595646444708,0.22,0.0
-53.67,-0.00595646444708,0.22,0.0
-53.85,-0.00487347086892,0.22,-0.000541496789083
-54.02,-0.00487347086892,0.31,-0.000541496789083
-54.2,-0.00433193193749,0.31,0.0
-54.46,-0.00433193193749,0.31,0.0
-54.64,-0.00433193193749,0.4,0.0
-54.81,-0.0032489807345,0.4,-0.00054149411153
-55.08,-0.0032489807345,0.4,-0.00054149411153
-55.34,-0.00270748394541,0.48,0.0
-55.52,-0.00270748394541,0.4,0.0
-55.78,-0.00270748394541,0.48,-0.00054149411153
-55.96,-0.00162449036725,0.48,-0.00054149411153
-56.22,-0.00162449036725,0.57,-0.00054149411153
-56.48,-0.00108299357817,0.57,0.0
-56.66,-0.00108299357817,0.57,0.0
-56.92,-0.00108299357817,0.57,-0.000541496789083
-57.27,0.0,0.57,-0.000541496789083
-57.45,0.0,0.66,-0.000541496789083
-57.71,0.00108299357817,0.66,-0.00054149411153
-57.98,0.00108299357817,0.66,-0.00054149411153
-58.24,0.00108299357817,0.66,-0.000541496789083
-58.51,0.00108299357817,0.75,-0.000541496789083
-58.77,0.00108299357817,0.75,-0.000541496789083
-59.03,0.00270748394541,0.75,-0.00054149411153
-59.3,0.00270748394541,0.75,-0.00054149411153
-59.47,0.0032489807345,0.75,-0.000541496789083
-59.74,0.0032489807345,0.75,-0.000541496789083
-60.0,0.0032489807345,0.84,-0.000541496789083
-60.26,0.0037904351484,0.84,-0.00054149411153
-60.53,0.0037904351484,0.92,-0.00054149411153
-60.79,0.00487347086892,0.84,-0.00054149411153
-61.05,0.00487347086892,0.92,-0.00054149411153
-61.32,0.00487347086892,0.92,-0.000541496789083
-61.58,0.00595646444708,1.01,-0.000541496789083
-61.85,0.00595646444708,1.01,-0.000541496789083
-62.11,0.00649791909382,1.01,-0.00054149411153
-62.29,0.00649791909382,1.01,-0.00054149411153
-62.55,0.00649791909382,1.1,-0.00054149411153
-62.81,0.00703945755959,1.1,-0.000541496789083
-63.08,0.00703945755959,1.1,-0.000541496789083
-63.25,0.0081224096939,1.1,-0.00108298822306
-63.43,0.0081224096939,1.1,-0.00108298822306
-63.78,0.0081224096939,1.19,-0.000541496789083
-64.04,0.00920544471592,1.19,-0.000541496789083
-65.19,0.0102884173393,1.19,-0.00054149411153
-65.54,0.0119128869846,1.19,-0.00108299090061
-65.71,0.0119128869846,1.27,-0.00108299090061
-65.98,0.0119128869846,1.27,-0.00108299090061
-66.15,0.0119128869846,1.27,-0.00108299090061
-66.42,0.0119128869846,1.27,-0.00108299090061
-66.59,0.0129959005862,1.36,-0.00054149411153
-66.77,0.0129959005862,1.36,-0.00054149411153
-67.03,0.0140788732097,1.36,-0.00108299090061
-67.21,0.0140788732097,1.36,-0.00108299090061
-67.38,0.0140788732097,1.36,-0.00108299090061
-67.56,0.0146203702316,1.36,-0.00108299090061
-67.82,0.0146203702316,1.36,-0.00108299090061
-67.91,0.0157033652067,1.36,-0.00108299090061
-68.18,0.0157033652067,1.36,-0.00108299090061
-68.26,0.0157033652067,1.36,-0.00108299090061
-68.44,0.016244860366,1.45,-0.00108298962004
-68.7,0.016244860366,1.36,-0.00108298962004
-68.79,0.0173278339207,1.45,-0.00108299090061
-68.97,0.0173278339207,1.45,-0.00108299090061
-69.05,0.0173278339207,1.54,-0.00108299090061
-69.14,0.0178693514317,1.54,-0.00108299090061
-69.32,0.0178693514317,1.54,-0.00108299090061
-69.49,0.0178693514317,1.54,-0.00108298962004
-69.58,0.0194938220084,1.54,-0.00108298962004
-69.67,0.0194938220084,1.54,-0.00108298962004
-69.76,0.0189523436129,1.54,-0.00108299090061
-69.93,0.0189523436129,1.63,-0.00108299090061
-70.02,0.0205768141896,1.63,-0.00162448629271
-70.11,0.0205768141896,1.63,-0.00162448629271
-70.2,0.0205768141896,1.63,-0.00162448629271
-70.29,0.0216598063707,1.63,-0.00108298962004
-70.29,0.0216598063707,1.63,-0.00108298962004
-70.46,0.0216598063707,1.63,-0.00162448629271
-70.46,0.0216598063707,1.63,-0.00162448629271
-70.55,0.0216598063707,1.71,-0.00162448629271
-70.55,0.0232842974365,1.63,-0.00108299031854
-70.64,0.0232842974365,1.71,-0.00108299031854
-70.64,0.0238257944584,1.71,-0.00162448582705
-70.73,0.0238257944584,1.71,-0.00162448582705
-70.73,0.0238257944584,1.71,-0.00162448582705
-70.73,0.0243672840297,1.63,-0.00108299031854
-70.73,0.0243672840297,1.71,-0.00108299031854
-70.73,0.0259917750955,1.71,-0.00162448594347
-70.73,0.0259917750955,1.71,-0.00162448594347
-70.73,0.0259917750955,1.71,-0.00162448582705
-70.73,0.0254502780735,1.71,-0.00162448582705
-70.73,0.0254502780735,1.71,-0.00162448582705
-70.73,0.0270747616887,1.71,-0.00108299055137
-70.73,0.0270747616887,1.71,-0.00108299055137
-70.73,0.0276162549853,1.8,-0.00162448582705
-70.73,0.0276162549853,1.71,-0.00162448582705
-70.73,0.0276162549853,1.8,-0.00108299043495
-70.73,0.0292407404631,1.8,-0.00108299043495
-70.73,0.0292407404631,1.8,-0.00108299043495
-70.73,0.0389876626432,1.8,0.0276162587106
-70.73,0.0389876626432,1.8,0.0276162587106
-70.73,0.0389876626432,1.8,-0.00379046681337
-70.73,-0.0146203702316,1.8,-0.00379046681337
-70.73,-0.0146203702316,1.8,-0.00379046681337
-70.73,-0.0146203702316,1.8,-0.00324897258542
-70.73,-0.0146203702316,1.8,-0.00324897258542
-70.73,-0.0146203702316,1.8,-0.00379046681337
-70.73,-0.0146203702316,1.8,-0.00379046681337
-70.73,-0.0146203702316,1.89,-0.00379046681337
-70.73,-0.0135373873636,1.89,-0.0032489716541
-70.73,-0.0135373873636,1.89,-0.0032489716541
-70.73,-0.0135373771191,1.89,-0.00270747579634
-70.73,-0.0135373771191,1.89,-0.00270747579634
-70.73,-0.0135373771191,1.89,-0.00270747579634
-70.73,-0.0129958903417,1.89,-0.00270747579634
-70.73,-0.0129958903417,1.98,-0.00270747579634
-70.73,-0.0129958866164,1.89,-0.002707476262
-70.73,-0.0129958866164,1.98,-0.002707476262
-70.73,-0.0129958866164,1.98,-0.002707476262
-70.73,-0.0124543886632,1.98,-0.002707476262
-70.73,-0.0124543886632,1.98,-0.002707476262
-70.73,-0.0119128944352,1.98,-0.00162448582705
-70.73,-0.0119128944352,1.98,-0.00162448582705
-70.73,-0.0119128944352,1.98,-0.0021659808699
-70.73,-0.0119128962979,1.98,-0.0021659808699
-70.73,-0.0119128962979,1.98,-0.0021659808699
-70.73,-0.0113714002073,1.98,-0.00162448594347
-70.73,-0.0113714002073,1.98,-0.00162448594347
-70.73,-0.0102884098887,1.98,-0.00162448582705
-70.73,-0.0102884098887,1.98,-0.00162448582705
-70.73,-0.0102884098887,1.98,-0.00162448582705
-70.73,-0.0108299059793,1.98,-0.00162448582705
-70.73,-0.0108299059793,1.98,-0.00108299031854
-70.73,-0.0102884098887,1.98,-0.00108299031854
-70.73,-0.0102884098887,1.98,-0.00108299031854
-70.73,-0.00974691286683,1.89,-0.00108299090061
-70.73,-0.00974691286683,1.98,-0.00108299090061
-70.73,-0.0097469156608,1.98,-0.000541494810022
-70.73,-0.0097469156608,1.98,-0.000541494810022
-70.73,-0.0097469156608,1.98,-0.000541494810022
-70.73,-0.00920541863889,1.98,-0.000541495450307
-70.73,-0.00920541863889,1.98,-0.000541495450307
-70.73,-0.00920541863889,1.98,-0.000541495450307
-70.73,-0.00920541863889,1.98,-0.000541495450307
-70.73,-0.00920541863889,1.98,0.0
-70.73,-0.00866392720491,1.98,0.0
-70.73,-0.00866392720491,1.98,0.0
-70.73,-0.00812242552638,1.98,0.0
-70.73,-0.00812242552638,1.98,0.0
-70.73,-0.00812242552638,1.98,0.0
-70.73,-0.00758093874902,1.98,0.0
-70.73,-0.00758093874902,1.98,0.0
-70.73,-0.00758093362674,1.98,0.000541495450307
-70.73,-0.00758093362674,1.98,0.000541495450307
-70.73,-0.00758093362674,1.98,0.000541495450307
-70.73,-0.00758093362674,1.98,0.000541495450307
-70.81,-0.00758093362674,1.98,0.000541495450307
-70.81,-0.00649794004858,1.98,0.000541494810022
-70.81,-0.00649794004858,1.98,0.000541494810022
-70.9,-0.00649794004858,1.98,0.00108299090061
-70.9,-0.00649794004858,1.98,0.00108299090061
-70.9,-0.00649794004858,1.98,0.00108299090061
-70.99,-0.00649794004858,1.98,0.00108299031854
-71.08,-0.00649794004858,1.98,0.00108299031854
-71.08,-0.00541495718062,1.98,0.00162448582705
-71.16,-0.00541495718062,1.98,0.00162448582705
-71.52,-0.00541495718062,1.98,0.00162448594347
-71.6,-0.00541495718062,1.98,0.0021659808699
-71.69,-0.00433196360245,1.98,0.0021659808699
-71.78,-0.00433196360245,1.98,0.0021659808699
-71.87,-0.00433196360245,1.98,0.00162448582705
-71.96,-0.00433196360245,1.98,0.00162448582705
-72.04,-0.00433196360245,1.89,0.00216598110273
-72.22,-0.00433196360245,1.98,0.00216598110273
-72.31,-0.00433196360245,1.98,0.00216598110273
-72.48,-0.00379046681337,1.98,0.00270747579634
-72.57,-0.00379046681337,1.98,0.00270747579634
-72.66,-0.00324897002429,1.98,0.00270747649483
-72.84,-0.00324897002429,1.98,0.00270747649483
-72.92,-0.00324897002429,1.98,0.00324897072278
-73.1,-0.0027074732352,1.98,0.00324897072278
-73.19,-0.0027074732352,1.98,0.00324897072278
-73.36,-0.0027074732352,1.98,0.0032489716541
-73.45,-0.0027074732352,1.98,0.0032489716541
-73.63,-0.0027074732352,1.98,0.00324897258542
-73.71,-0.00216598715633,1.98,0.00324897258542
-73.89,-0.00216598715633,1.98,0.00324897258542
-73.98,-0.00216597644612,1.98,0.00324897002429
-74.15,-0.00216597644612,1.98,0.00324897002429
-74.33,-0.00162449036725,1.98,0.00379046681337
-74.42,-0.00162449036725,1.98,0.00379046681337
-74.51,-0.00162449036725,1.98,0.00379046681337
-74.68,-0.00108298298437,1.98,0.00433196360245
-74.77,-0.00108298298437,1.98,0.00433196360245
-74.95,-0.00108299357817,1.98,0.00433196127415
-75.12,-0.00108299357817,1.98,0.00433196127415
-75.21,-0.00108299357817,2.07,0.00433196127415
-75.3,-0.000541486253496,1.98,0.00433196127415
-75.47,-0.000541486253496,2.07,0.00433196127415
-75.56,0.0,2.07,0.00433196360245
-75.74,0.0,2.07,0.00433196360245
-75.82,0.0,2.15,0.00487345550209
-75.91,0.0,2.15,0.00487345550209
-76.0,0.0,2.15,0.00487345550209
-76.18,0.000541486253496,2.24,0.00487346062437
-76.35,0.000541486253496,2.24,0.00487346062437
-76.44,0.00108299357817,2.33,0.00541495159268
-76.53,0.00108299357817,2.33,0.00541495159268
-76.62,0.00108299357817,2.33,0.00541495159268
-76.7,0.00108298298437,2.42,0.00541495159268
-76.88,0.00108298298437,2.42,0.00541495159268
-76.97,0.00162449036725,2.42,0.00541495159268
-77.05,0.00162449036725,2.51,0.00541495159268
-77.14,0.00162449036725,2.51,0.00541495159268
-77.32,0.00216597644612,2.59,0.0059564486146
-77.41,0.00216597644612,2.59,0.0059564486146
-77.58,0.148369714618,2.59,-0.0855562463403
-77.67,0.148369714618,2.68,-0.0855562463403
-77.76,0.148369714618,2.68,0.00162448582705
-77.85,0.00758093362674,2.77,0.00162448582705
-77.85,0.00758093362674,2.77,0.00162448582705
-77.93,0.0064979433082,2.77,0.00216598110273
-77.93,0.0064979433082,2.77,0.00216598110273
-77.93,0.0064979433082,2.77,0.00162448582705
-78.02,0.00703943800181,2.77,0.00162448582705
-78.02,0.00703943800181,2.77,0.00162448582705
-78.02,0.00541495205835,2.77,0.00162448582705
-78.11,0.00541495205835,2.77,0.00162448582705
-78.11,0.00541495252401,2.77,0.00162448582705
-78.02,0.00541495252401,2.77,0.00162448582705
-78.02,0.00541495252401,2.77,0.00162448582705
-78.02,0.00541495159268,2.77,0.00162448582705
-78.02,0.00541495159268,2.77,0.00162448582705
-78.02,0.0048734578304,2.77,0.000541495217476
-78.02,0.0048734578304,2.77,0.000541495217476
-78.02,0.0048734578304,2.77,0.00108299043495
-78.02,0.00433196127415,2.77,0.00108299043495
-78.02,0.00433196127415,2.77,0.00108299043495
-78.02,0.00433196360245,2.77,0.00108299055137
-78.02,0.00433196360245,2.77,0.00108299055137
-78.02,0.00379046681337,2.77,0.00108299055137
-78.02,0.00379046681337,2.86,0.00108299055137
-78.02,0.00379046681337,2.86,0.00108299031854
-78.02,0.00324897002429,2.86,0.00108299031854
-78.02,0.00324897002429,2.86,0.00108299031854
-78.02,0.00324897258542,2.86,0.000541495450307
-78.02,0.00324897258542,2.86,0.000541495450307
-78.02,0.00216597924009,2.86,0.000541495450307
-78.02,0.00216597924009,2.86,0.000541495450307
-78.02,0.00216598180123,2.86,0.000541494810022
-78.02,0.00216598180123,2.86,0.000541494810022
-78.02,0.00216598180123,2.86,0.000541495450307
-78.02,0.00162448757328,2.86,0.000541495450307
-78.02,0.00162448757328,2.95,0.000541495450307
-78.02,0.00162448501214,2.95,0.0
-78.11,0.00162448501214,2.95,0.0
-78.02,0.00162448501214,2.95,0.0
-78.02,0.00108298822306,2.95,0.0
-78.02,0.00108298822306,2.95,0.0
-78.02,0.000541496789083,2.95,0.0
-78.02,0.000541496789083,2.95,0.0
-78.02,0.0,2.95,0.0
-78.02,0.0,2.95,0.0
-78.02,0.0,2.95,0.0
-78.02,0.0,2.95,0.0
-78.02,0.0,2.95,0.0
-78.02,-0.000541496789083,2.95,-0.000541495450307
-78.02,-0.000541496789083,2.95,-0.000541495450307
-78.02,-0.000541496789083,2.95,-0.000541495450307
-78.02,-0.00108298822306,3.03,-0.000541494810022
-78.02,-0.00108298822306,3.03,-0.000541494810022
-78.02,-0.00162448501214,2.95,-0.000541495450307
-78.02,-0.00162448501214,3.03,-0.000541495450307
-78.02,-0.00162448501214,2.95,-0.000541495450307
-78.02,-0.00162448757328,3.03,-0.000541495450307
-78.02,-0.00162448757328,2.95,-0.000541495450307
-78.02,-0.00216598180123,3.03,-0.00108299031854
-78.02,-0.00216598180123,3.03,-0.00108299031854
-78.02,-0.00216598180123,3.03,-0.000541495450307
-78.02,-0.00270747579634,3.03,-0.000541495450307
-78.02,-0.00270747579634,3.03,-0.00108299043495
-78.02,-0.00270747579634,3.03,-0.00108299043495
-78.02,-0.00270747579634,3.03,-0.00108299043495
-77.93,-0.00324897002429,3.03,-0.00108299043495
-77.93,-0.00324897002429,3.03,-0.00108299043495
-77.93,-0.00379046681337,3.03,-0.00108299043495
-77.93,-0.00379046681337,3.03,-0.00108299043495
