0,2043,-0.0065009,-0.4
0.005,2043,-0.0065009,-0.4
0.01,2044,1.06494,-0.31
0.015,2044,-1.07502,-0.31
0.02,2044,-0.00503822,-0.31
0.025,2044,-0.00503822,-0.31
0.03,2044,-0.00503822,-0.31
0.035,2044,-0.00503822,-0.31
0.04,2044,-0.00503822,-0.31
0.045,2045,1.06641,-0.22
0.05,2045,-1.07356,-0.22
0.055,2045,-0.00357552,-0.22
0.06,2044,-1.07502,-0.31
0.065,2045,2.13639,-0.22
0.07,2047,-0.00211281,-0.13
0.075,2047,-1.07209,-0.13
0.08,2047,-0.00211281,-0.13
0.085,2047,-0.00211281,-0.13
0.09,2047,-0.00211281,-0.13
0.095,2047,-0.00211281,-0.13
0.1,2047,-0.00211281,-0.13
0.105,2047,-0.00211281,-0.13
0.11,2047,-0.00211281,-0.13
0.115,2047,-0.00211281,-0.13
0.12,2047,-0.00211281,-0.13
0.125,2045,-1.07356,-0.22
0.13,2045,1.06641,-0.22
0.135,2045,-0.00357552,-0.22
0.14,2045,-0.00357552,-0.22
0.145,2044,-1.07502,-0.31
0.15,2044,1.06494,-0.31
0.155,2045,1.06641,-0.22
0.16,2044,-2.145,-0.31
0.165,2044,1.06494,-0.31
0.17,2044,-0.00503822,-0.31
0.175,2045,1.06641,-0.22
0.18,2044,-2.145,-0.31
0.185,2044,1.06494,-0.31
0.19,2044,-0.00503822,-0.31
0.195,2044,-0.00503822,-0.31
0.2,2044,-0.00503822,-0.31
0.205,2045,1.06641,-0.22
0.21,2044,-2.145,-0.31
0.215,2044,1.06494,-0.31
0.22,2044,-0.00503822,-0.31
0.225,2044,-0.00503822,-0.31
0.23,2044,-0.00503822,-0.31
0.235,2044,-0.00503822,-0.31
0.24,2045,1.06641,-0.22
0.245,2044,-2.145,-0.31
0.25,2045,2.13639,-0.22
0.255,2044,-2.145,-0.31
0.26,2045,2.13639,-0.22
0.265,2044,-2.145,-0.31
0.27,2044,1.06494,-0.31
0.275,2044,-0.00503822,-0.31
0.28,2044,-0.00503822,-0.31
0.285,2044,-0.00503822,-0.31
0.29,2044,-0.00503822,-0.31
0.295,2044,-0.00503822,-0.31
0.3,2045,1.06641,-0.22
0.305,2045,-1.07356,-0.22
0.31,2044,-1.07502,-0.31
0.315,2044,1.06494,-0.31
0.32,2044,-0.00503822,-0.31
0.325,2045,1.06641,-0.22
0.33,2045,-1.07356,-0.22
0.335,2045,-0.00357552,-0.22
0.34,2045,-0.00357552,-0.22
0.345,2045,-0.00357552,-0.22
0.35,2045,-0.00357552,-0.22
0.355,2045,-0.00357552,-0.22
0.36,2045,-0.00357552,-0.22
0.365,2045,-0.00357552,-0.22
0.37,2045,-0.00357552,-0.22
0.375,2045,-0.00357552,-0.22
0.38,2045,-0.00357552,-0.22
0.385,2045,-0.00357552,-0.22
0.39,2045,-0.00357552,-0.22
0.395,2045,-0.00357552,-0.22
0.4,2044,-1.07502,-0.31
0.405,2045,2.13639,-0.22
0.41,2045,-1.07356,-0.22
0.415,2045,-0.00357552,-0.22
0.42,2044,-1.07502,-0.31
0.425,2045,2.13639,-0.22
0.43,2045,-1.07356,-0.22
0.435,2045,-0.00357552,-0.22
0.44,2045,-0.00357552,-0.22
0.445,2044,-1.07502,-0.31
0.45,2045,2.13639,-0.22
0.455,2045,-1.07356,-0.22
0.46,2044,-1.07502,-0.31
0.465,2044,1.06494,-0.31
0.47,2044,-0.00503822,-0.31
0.475,2045,1.06641,-0.22
0.48,2044,-2.145,-0.31
0.485,2045,2.13639,-0.22
0.49,2044,-2.145,-0.31
0.495,2045,2.13639,-0.22
0.5,2044,-2.145,-0.31
0.505,2044,1.06494,-0.31
0.51,2044,-0.00503822,-0.31
0.515,2044,-0.00503822,-0.31
0.52,2045,1.06641,-0.22
0.525,2044,-2.145,-0.31
0.53,2044,1.06494,-0.31
0.535,2044,-0.00503822,-0.31
0.54,2044,-0.00503822,-0.31
0.545,2045,1.06641,-0.22
0.55,2045,-1.07356,-0.22
0.555,2045,-0.00357552,-0.22
0.56,2044,-1.07502,-0.31
0.565,2044,1.06494,-0.31
0.57,2044,-0.00503822,-0.31
0.575,2045,1.06641,-0.22
0.58,2045,-1.07356,-0.22
0.585,2044,-1.07502,-0.31
0.59,2045,2.13639,-0.22
0.595,2044,-2.145,-0.31
0.6,2045,2.13639,-0.22
0.605,2044,-2.145,-0.31
0.61,2045,2.13639,-0.22
0.615,2044,-2.145,-0.31
0.62,2045,2.13639,-0.22
0.625,2044,-2.145,-0.31
0.63,2045,2.13639,-0.22
0.635,2044,-2.145,-0.31
0.64,2045,2.13639,-0.22
0.645,2044,-2.145,-0.31
0.65,2045,2.13639,-0.22
0.655,2044,-2.145,-0.31
0.66,2044,1.06494,-0.31
0.665,2044,-0.00503822,-0.31
0.67,2044,-0.00503822,-0.31
0.675,2044,-0.00503822,-0.31
0.68,2044,-0.00503822,-0.31
0.685,2045,1.06641,-0.22
0.69,2044,-2.145,-0.31
0.695,2044,1.06494,-0.31
0.7,2045,1.06641,-0.22
0.705,2044,-2.145,-0.31
0.71,2044,1.06494,-0.31
0.715,2045,1.06641,-0.22
0.72,2045,-1.07356,-0.22
0.725,2045,-0.00357552,-0.22
0.73,2045,-0.00357552,-0.22
0.735,2044,-1.07502,-0.31
0.74,2045,2.13639,-0.22
0.745,2045,-1.07356,-0.22
0.75,2045,-0.00357552,-0.22
0.755,2045,-0.00357552,-0.22
0.76,2045,-0.00357552,-0.22
0.765,2044,-1.07502,-0.31
0.77,2044,1.06494,-0.31
0.775,2044,-0.00503822,-0.31
0.78,2045,1.06641,-0.22
0.785,2044,-2.145,-0.31
0.79,2044,1.06494,-0.31
0.795,2045,1.06641,-0.22
0.8,2044,-2.145,-0.31
0.805,2044,1.06494,-0.31
0.81,2045,1.06641,-0.22
0.815,2044,-2.145,-0.31
0.82,2044,1.06494,-0.31
0.825,2044,-0.00503822,-0.31
0.83,2044,-0.00503822,-0.31
0.835,2045,1.06641,-0.22
0.84,2044,-2.145,-0.31
0.845,2045,2.13639,-0.22
0.85,2044,-2.145,-0.31
0.855,2044,1.06494,-0.31
0.86,2045,1.06641,-0.22
0.865,2045,-1.07356,-0.22
0.87,2044,-1.07502,-0.31
0.875,2044,1.06494,-0.31
0.88,2045,1.06641,-0.22
0.885,2044,-2.145,-0.31
0.89,2045,2.13639,-0.22
0.895,2044,-2.145,-0.31
0.9,2045,2.13639,-0.22
0.905,2044,-2.145,-0.31
0.91,2044,1.06494,-0.31
0.915,2044,-0.00503822,-0.31
0.92,2044,-0.00503822,-0.31
0.925,2044,-0.00503822,-0.31
0.93,2044,-0.00503822,-0.31
0.935,2044,-0.00503822,-0.31
0.94,2044,-0.00503822,-0.31
0.945,2044,-0.00503822,-0.31
0.95,2045,1.06641,-0.22
0.955,2045,-1.07356,-0.22
0.96,2044,-1.07502,-0.31
0.965,2045,2.13639,-0.22
0.97,2044,-2.145,-0.31
0.975,2045,2.13639,-0.22
0.98,2044,-2.145,-0.31
0.985,2045,2.13639,-0.22
0.99,2045,-1.07356,-0.22
0.995,2044,-1.07502,-0.31
1,2045,2.13639,-0.22
1.005,2045,-1.07356,-0.22
1.01,2044,-1.07502,-0.31
1.015,2044,1.06494,-0.31
1.02,2044,-0.00503822,-0.31
1.025,2044,-0.00503822,-0.31
1.03,2044,-0.00503822,-0.31
1.035,2045,1.06641,-0.22
1.04,2045,-1.07356,-0.22
1.045,2044,-1.07502,-0.31
1.05,2044,1.06494,-0.31
1.055,2045,1.06641,-0.22
1.06,2044,-2.145,-0.31
1.065,2045,2.13639,-0.22
1.07,2045,-1.07356,-0.22
1.075,2044,-1.07502,-0.31
1.08,2044,1.06494,-0.31
1.085,2044,-0.00503822,-0.31
1.09,2044,-0.00503822,-0.31
1.095,2044,-0.00503822,-0.31
1.1,2044,-0.00503822,-0.31
1.105,2044,-0.00503822,-0.31
1.11,2044,-0.00503822,-0.31
1.115,2044,-0.00503822,-0.31
1.12,2045,1.06641,-0.22
1.125,2045,-1.07356,-0.22
1.13,2045,-0.00357552,-0.22
1.135,2045,-0.00357552,-0.22
1.14,2044,-1.07502,-0.31
1.145,2045,2.13639,-0.22
1.15,2044,-2.145,-0.31
1.155,2045,2.13639,-0.22
1.16,2045,-1.07356,-0.22
1.165,2044,-1.07502,-0.31
1.17,2045,2.13639,-0.22
1.175,2045,-1.07356,-0.22
1.18,2044,-1.07502,-0.31
1.185,2045,2.13639,-0.22
1.19,2044,-2.145,-0.31
1.195,2045,2.13639,-0.22
1.2,2045,-1.07356,-0.22
1.205,2044,-1.07502,-0.31
1.21,2045,2.13639,-0.22
1.215,2045,-1.07356,-0.22
1.22,2044,-1.07502,-0.31
1.225,2045,2.13639,-0.22
1.23,2045,-1.07356,-0.22
1.235,2045,-0.00357552,-0.22
1.24,2044,-1.07502,-0.31
1.245,2044,1.06494,-0.31
1.25,2045,1.06641,-0.22
1.255,2045,-1.07356,-0.22
1.26,2045,-0.00357552,-0.22
1.265,2045,-0.00357552,-0.22
1.27,2044,-1.07502,-0.31
1.275,2044,1.06494,-0.31
1.28,2045,1.06641,-0.22
1.285,2044,-2.145,-0.31
1.29,2044,1.06494,-0.31
1.295,2045,1.06641,-0.22
1.3,2045,-1.07356,-0.22
1.305,2044,-1.07502,-0.31
1.31,2045,2.13639,-0.22
1.315,2044,-2.145,-0.31
1.32,2044,1.06494,-0.31
1.325,2045,1.06641,-0.22
1.33,2044,-2.145,-0.31
1.335,2045,2.13639,-0.22
1.34,2044,-2.145,-0.31
1.345,2044,1.06494,-0.31
1.35,2044,-0.00503822,-0.31
1.355,2045,1.06641,-0.22
1.36,2044,-2.145,-0.31
1.365,2044,1.06494,-0.31
1.37,2045,1.06641,-0.22
1.375,2045,-1.07356,-0.22
1.38,2045,-0.00357552,-0.22
1.385,2045,-0.00357552,-0.22
1.39,2044,-1.07502,-0.31
1.395,2044,1.06494,-0.31
1.4,2045,1.06641,-0.22
1.405,2044,-2.145,-0.31
1.41,2044,1.06494,-0.31
1.415,2045,1.06641,-0.22
1.42,2044,-2.145,-0.31
1.425,2045,2.13639,-0.22
1.43,2045,-1.07356,-0.22
1.435,2045,-0.00357552,-0.22
1.44,2045,-0.00357552,-0.22
1.445,2044,-1.07502,-0.31
1.45,2045,2.13639,-0.22
1.455,2044,-2.145,-0.31
1.46,2045,2.13639,-0.22
1.465,2045,-1.07356,-0.22
1.47,2045,-0.00357552,-0.22
1.475,2045,-0.00357552,-0.22
1.48,2045,-0.00357552,-0.22
1.485,2045,-0.00357552,-0.22
1.49,2045,-0.00357552,-0.22
1.495,2044,-1.07502,-0.31
1.5,2044,1.06494,-0.31
1.505,2044,-0.00503822,-0.31
1.51,2044,-0.00503822,-0.31
1.515,2044,-0.00503822,-0.31
1.52,2045,1.06641,-0.22
1.525,2044,-2.145,-0.31
1.53,2045,2.13639,-0.22
1.535,2045,-1.07356,-0.22
1.54,2044,-1.07502,-0.31
1.545,2044,1.06494,-0.31
1.55,2044,-0.00503822,-0.31
1.555,2045,1.06641,-0.22
1.56,2044,-2.145,-0.31
1.565,2045,2.13639,-0.22
1.57,2044,-2.145,-0.31
1.575,2044,1.06494,-0.31
1.58,2044,-0.00503822,-0.31
1.585,2044,-0.00503822,-0.31
1.59,2045,1.06641,-0.22
1.595,2045,-1.07356,-0.22
1.6,2044,-1.07502,-0.31
1.605,2045,2.13639,-0.22
1.61,2045,-1.07356,-0.22
1.615,2045,-0.00357552,-0.22
1.62,2044,-1.07502,-0.31
1.625,2045,2.13639,-0.22
1.63,2044,-2.145,-0.31
1.635,2045,2.13639,-0.22
1.64,2045,-1.07356,-0.22
1.645,2044,-1.07502,-0.31
1.65,2044,1.06494,-0.31
1.655,2045,1.06641,-0.22
1.66,2044,-2.145,-0.31
1.665,2044,1.06494,-0.31
1.67,2045,1.06641,-0.22
1.675,2044,-2.145,-0.31
1.68,2045,2.13639,-0.22
1.685,2044,-2.145,-0.31
1.69,2044,1.06494,-0.31
1.695,2045,1.06641,-0.22
1.7,2044,-2.145,-0.31
1.705,2045,2.13639,-0.22
1.71,2045,-1.07356,-0.22
1.715,2044,-1.07502,-0.31
1.72,2044,1.06494,-0.31
1.725,2044,-0.00503822,-0.31
1.73,2045,1.06641,-0.22
1.735,2045,-1.07356,-0.22
1.74,2045,-0.00357552,-0.22
1.745,2044,-1.07502,-0.31
1.75,2044,1.06494,-0.31
1.755,2045,1.06641,-0.22
1.76,2045,-1.07356,-0.22
1.765,2044,-1.07502,-0.31
1.77,2045,2.13639,-0.22
1.775,2045,-1.07356,-0.22
1.78,2044,-1.07502,-0.31
1.785,2045,2.13639,-0.22
1.79,2044,-2.145,-0.31
1.795,2044,1.06494,-0.31
1.8,2044,-0.00503822,-0.31
1.805,2045,1.06641,-0.22
1.81,2044,-2.145,-0.31
1.815,2045,2.13639,-0.22
1.82,2044,-2.145,-0.31
1.825,2045,2.13639,-0.22
1.83,2044,-2.145,-0.31
1.835,2044,1.06494,-0.31
1.84,2044,-0.00503822,-0.31
1.845,2044,-0.00503822,-0.31
1.85,2045,1.06641,-0.22
1.855,2044,-2.145,-0.31
1.86,2045,2.13639,-0.22
1.865,2045,-1.07356,-0.22
1.87,2044,-1.07502,-0.31
1.875,2045,2.13639,-0.22
1.88,2045,-1.07356,-0.22
1.885,2045,-0.00357552,-0.22
1.89,2045,-0.00357552,-0.22
1.895,2044,-1.07502,-0.31
1.9,2044,1.06494,-0.31
1.905,2044,-0.00503822,-0.31
1.91,2044,-0.00503822,-0.31
1.915,2045,1.06641,-0.22
1.92,2045,-1.07356,-0.22
1.925,2045,-0.00357552,-0.22
1.93,2045,-0.00357552,-0.22
1.935,2044,-1.07502,-0.31
1.94,2044,1.06494,-0.31
1.945,2045,1.06641,-0.22
1.95,2044,-2.145,-0.31
1.955,2044,1.06494,-0.31
1.96,2045,1.06641,-0.22
1.965,2045,-1.07356,-0.22
1.97,2044,-1.07502,-0.31
1.975,2045,2.13639,-0.22
1.98,2045,-1.07356,-0.22
1.985,2045,-0.00357552,-0.22
1.99,2044,-1.07502,-0.31
1.995,2044,1.06494,-0.31
2,2044,-0.00503822,-0.31
2.005,2044,-0.00503822,-0.31
2.01,2045,1.06641,-0.22
2.015,2044,-2.145,-0.31
2.02,2045,2.13639,-0.22
2.025,2044,-2.145,-0.31
2.03,2045,2.13639,-0.22
2.035,2045,-1.07356,-0.22
2.04,2044,-1.07502,-0.31
2.045,2045,2.13639,-0.22
2.05,2045,-1.07356,-0.22
2.055,2044,-1.07502,-0.31
2.06,2044,1.06494,-0.31
2.065,2044,-0.00503822,-0.31
2.07,2045,1.06641,-0.22
2.075,2044,-2.145,-0.31
2.08,2044,1.06494,-0.31
2.085,2044,-0.00503822,-0.31
2.09,2045,1.06641,-0.22
2.095,2044,-2.145,-0.31
2.1,2045,2.13639,-0.22
2.105,2045,-1.07356,-0.22
2.11,2044,-1.07502,-0.31
2.115,2045,2.13639,-0.22
2.12,2045,-1.07356,-0.22
2.125,2045,-0.00357552,-0.22
2.13,2044,-1.07502,-0.31
2.135,2045,2.13639,-0.22
2.14,2045,-1.07356,-0.22
2.145,2044,-1.07502,-0.31
2.15,2044,1.06494,-0.31
2.155,2044,-0.00503822,-0.31
2.16,2044,-0.00503822,-0.31
2.165,2045,1.06641,-0.22
2.17,2045,-1.07356,-0.22
2.175,2044,-1.07502,-0.31
2.18,2044,1.06494,-0.31
2.185,2045,1.06641,-0.22
2.19,2045,-1.07356,-0.22
2.195,2044,-1.07502,-0.31
2.2,2044,1.06494,-0.31
2.205,2044,-0.00503822,-0.31
2.21,2045,1.06641,-0.22
2.215,2044,-2.145,-0.31
2.22,2045,2.13639,-0.22
2.225,2044,-2.145,-0.31
2.23,2044,1.06494,-0.31
2.235,2045,1.06641,-0.22
2.24,2045,-1.07356,-0.22
2.245,2044,-1.07502,-0.31
2.25,2045,2.13639,-0.22
2.255,2044,-2.145,-0.31
2.26,2045,2.13639,-0.22
2.265,2044,-2.145,-0.31
2.27,2044,1.06494,-0.31
2.275,2044,-0.00503822,-0.31
2.28,2044,-0.00503822,-0.31
2.285,2044,-0.00503822,-0.31
2.29,2044,-0.00503822,-0.31
2.295,2045,1.06641,-0.22
2.3,2044,-2.145,-0.31
2.305,2044,1.06494,-0.31
2.31,2044,-0.00503822,-0.31
2.315,2045,1.06641,-0.22
2.32,2044,-2.145,-0.31
2.325,2045,2.13639,-0.22
2.33,2044,-2.145,-0.31
2.335,2044,1.06494,-0.31
2.34,2044,-0.00503822,-0.31
2.345,2045,1.06641,-0.22
2.35,2045,-1.07356,-0.22
2.355,2045,-0.00357552,-0.22
2.36,2045,-0.00357552,-0.22
2.365,2045,-0.00357552,-0.22
2.37,2045,-0.00357552,-0.22
2.375,2044,-1.07502,-0.31
2.38,2044,1.06494,-0.31
2.385,2044,-0.00503822,-0.31
2.39,2044,-0.00503822,-0.31
2.395,2044,-0.00503822,-0.31
2.4,2044,-0.00503822,-0.31
2.405,2044,-0.00503822,-0.31
2.41,2045,1.06641,-0.22
2.415,2044,-2.145,-0.31
2.42,2045,2.13639,-0.22
2.425,2044,-2.145,-0.31
2.43,2044,1.06494,-0.31
2.435,2045,1.06641,-0.22
2.44,2045,-1.07356,-0.22
2.445,2045,-0.00357552,-0.22
2.45,2044,-1.07502,-0.31
2.455,2045,2.13639,-0.22
2.46,2045,-1.07356,-0.22
2.465,2045,-0.00357552,-0.22
2.47,2044,-1.07502,-0.31
2.475,2044,1.06494,-0.31
2.48,2044,-0.00503822,-0.31
2.485,2045,1.06641,-0.22
2.49,2045,-1.07356,-0.22
2.495,2045,-0.00357552,-0.22
2.5,2044,-1.07502,-0.31
2.505,2045,2.13639,-0.22
2.51,2045,-1.07356,-0.22
2.515,2045,-0.00357552,-0.22
2.52,2044,-1.07502,-0.31
2.525,2044,1.06494,-0.31
2.53,2044,-0.00503822,-0.31
2.535,2045,1.06641,-0.22
2.54,2044,-2.145,-0.31
2.545,2044,1.06494,-0.31
2.55,2045,1.06641,-0.22
2.555,2044,-2.145,-0.31
2.56,2044,1.06494,-0.31
2.565,2045,1.06641,-0.22
2.57,2044,-2.145,-0.31
2.575,2045,2.13639,-0.22
2.58,2045,-1.07356,-0.22
2.585,2044,-1.07502,-0.31
2.59,2044,1.06494,-0.31
2.595,2044,-0.00503822,-0.31
2.6,2044,-0.00503822,-0.31
2.605,2045,1.06641,-0.22
2.61,2044,-2.145,-0.31
2.615,2044,1.06494,-0.31
2.62,2044,-0.00503822,-0.31
2.625,2044,-0.00503822,-0.31
2.63,2044,-0.00503822,-0.31
2.635,2044,-0.00503822,-0.31
2.64,2044,-0.00503822,-0.31
2.645,2044,-0.00503822,-0.31
2.65,2044,-0.00503822,-0.31
2.655,2045,1.06641,-0.22
2.66,2044,-2.145,-0.31
2.665,2045,2.13639,-0.22
2.67,2045,-1.07356,-0.22
2.675,2045,-0.00357552,-0.22
2.68,2044,-1.07502,-0.31
2.685,2044,1.06494,-0.31
2.69,2044,-0.00503822,-0.31
2.695,2044,-0.00503822,-0.31
2.7,2044,-0.00503822,-0.31
2.705,2044,-0.00503822,-0.31
2.71,2044,-0.00503822,-0.31
2.715,2044,-0.00503822,-0.31
2.72,2044,-0.00503822,-0.31
2.725,2044,-0.00503822,-0.31
2.73,2045,1.06641,-0.22
2.735,2044,-2.145,-0.31
2.74,2045,2.13639,-0.22
2.745,2045,-1.07356,-0.22
2.75,2045,-0.00357552,-0.22
2.755,2045,-0.00357552,-0.22
2.76,2045,-0.00357552,-0.22
2.765,2044,-1.07502,-0.31
2.77,2045,2.13639,-0.22
2.775,2044,-2.145,-0.31
2.78,2044,1.06494,-0.31
2.785,2044,-0.00503822,-0.31
2.79,2044,-0.00503822,-0.31
2.795,2045,1.06641,-0.22
2.8,2045,-1.07356,-0.22
2.805,2045,-0.00357552,-0.22
2.81,2044,-1.07502,-0.31
2.815,2045,2.13639,-0.22
2.82,2045,-1.07356,-0.22
2.825,2044,-1.07502,-0.31
2.83,2044,1.06494,-0.31
2.835,2045,1.06641,-0.22
2.84,2044,-2.145,-0.31
2.845,2045,2.13639,-0.22
2.85,2044,-2.145,-0.31
2.855,2045,2.13639,-0.22
2.86,2045,-1.07356,-0.22
2.865,2044,-1.07502,-0.31
2.87,2044,1.06494,-0.31
2.875,2044,-0.00503822,-0.31
2.88,2044,-0.00503822,-0.31
2.885,2044,-0.00503822,-0.31
2.89,2045,1.06641,-0.22
2.895,2045,-1.07356,-0.22
2.9,2045,-0.00357552,-0.22
2.905,2045,-0.00357552,-0.22
2.91,2044,-1.07502,-0.31
2.915,2044,1.06494,-0.31
2.92,2045,1.06641,-0.22
2.925,2044,-2.145,-0.31
2.93,2045,2.13639,-0.22
2.935,2044,-2.145,-0.31
2.94,2045,2.13639,-0.22
2.945,2045,-1.07356,-0.22
2.95,2045,-0.00357552,-0.22
2.955,2044,-1.07502,-0.31
2.96,2045,2.13639,-0.22
2.965,2045,-1.07356,-0.22
2.97,2045,-0.00357552,-0.22
2.975,2044,-1.07502,-0.31
2.98,2045,2.13639,-0.22
2.985,2044,-2.145,-0.31
2.99,2045,2.13639,-0.22
2.995,2045,-1.07356,-0.22
3,2045,-0.00357552,-0.22
3.005,2044,-1.07502,-0.31
3.01,2044,1.06494,-0.31
3.015,2045,1.06641,-0.22
3.02,2045,-1.07356,-0.22
3.025,2045,-0.00357552,-0.22
3.03,2045,-0.00357552,-0.22
3.035,2045,-0.00357552,-0.22
3.04,2045,-0.00357552,-0.22
3.045,2045,-0.00357552,-0.22
3.05,2044,-1.07502,-0.31
3.055,2045,2.13639,-0.22
3.06,2044,-2.145,-0.31
3.065,2045,2.13639,-0.22
3.07,2045,-1.07356,-0.22
3.075,2044,-1.07502,-0.31
3.08,2045,2.13639,-0.22
3.085,2044,-2.145,-0.31
3.09,2045,2.13639,-0.22
3.095,2045,-1.07356,-0.22
3.1,2044,-1.07502,-0.31
3.105,2045,2.13639,-0.22
3.11,2044,-2.145,-0.31
3.115,2044,1.06494,-0.31
3.12,2045,1.06641,-0.22
3.125,2044,-2.145,-0.31
3.13,2044,1.06494,-0.31
3.135,2044,-0.00503822,-0.31
3.14,2044,-0.00503822,-0.31
3.145,2044,-0.00503822,-0.31
3.15,2044,-0.00503822,-0.31
3.155,2044,-0.00503822,-0.31
3.16,2045,1.06641,-0.22
3.165,2045,-1.07356,-0.22
3.17,2044,-1.07502,-0.31
3.175,2044,1.06494,-0.31
3.18,2044,-0.00503822,-0.31
3.185,2045,1.06641,-0.22
3.19,2044,-2.145,-0.31
3.195,2045,2.13639,-0.22
3.2,2044,-2.145,-0.31
3.205,2045,2.13639,-0.22
3.21,2044,-2.145,-0.31
3.215,2045,2.13639,-0.22
3.22,2045,-1.07356,-0.22
3.225,2044,-1.07502,-0.31
3.23,2045,2.13639,-0.22
3.235,2045,-1.07356,-0.22
3.24,2045,-0.00357552,-0.22
3.245,2044,-1.07502,-0.31
3.25,2044,1.06494,-0.31
3.255,2044,-0.00503822,-0.31
3.26,2045,1.06641,-0.22
3.265,2044,-2.145,-0.31
3.27,2044,1.06494,-0.31
3.275,2044,-0.00503822,-0.31
3.28,2045,1.06641,-0.22
3.285,2044,-2.145,-0.31
3.29,2045,2.13639,-0.22
3.295,2044,-2.145,-0.31
3.3,2045,2.13639,-0.22
3.305,2044,-2.145,-0.31
3.31,2044,1.06494,-0.31
3.315,2045,1.06641,-0.22
3.32,2045,-1.07356,-0.22
3.325,2044,-1.07502,-0.31
3.33,2045,2.13639,-0.22
3.335,2045,-1.07356,-0.22
3.34,2045,-0.00357552,-0.22
3.345,2044,-1.07502,-0.31
3.35,2045,2.13639,-0.22
3.355,2045,-1.07356,-0.22
3.36,2044,-1.07502,-0.31
3.365,2044,1.06494,-0.31
3.37,2044,-0.00503822,-0.31
3.375,2045,1.06641,-0.22
3.38,2045,-1.07356,-0.22
3.385,2045,-0.00357552,-0.22
3.39,2044,-1.07502,-0.31
3.395,2045,2.13639,-0.22
3.4,2045,-1.07356,-0.22
3.405,2044,-1.07502,-0.31
3.41,2044,1.06494,-0.31
3.415,2044,-0.00503822,-0.31
3.42,2044,-0.00503822,-0.31
3.425,2045,1.06641,-0.22
3.43,2044,-2.145,-0.31
3.435,2044,1.06494,-0.31
3.44,2044,-0.00503822,-0.31
3.445,2045,1.06641,-0.22
3.45,2045,-1.07356,-0.22
3.455,2045,-0.00357552,-0.22
3.46,2045,-0.00357552,-0.22
3.465,2044,-1.07502,-0.31
3.47,2044,1.06494,-0.31
3.475,2045,1.06641,-0.22
3.48,2044,-2.145,-0.31
3.485,2045,2.13639,-0.22
3.49,2044,-2.145,-0.31
3.495,2044,1.06494,-0.31
3.5,2044,-0.00503822,-0.31
3.505,2044,-0.00503822,-0.31
3.51,2044,-0.00503822,-0.31
3.515,2045,1.06641,-0.22
3.52,2045,-1.07356,-0.22
3.525,2044,-1.07502,-0.31
3.53,2044,1.06494,-0.31
3.535,2044,-0.00503822,-0.31
3.54,2045,1.06641,-0.22
3.545,2045,-1.07356,-0.22
3.55,2044,-1.07502,-0.31
3.555,2044,1.06494,-0.31
3.56,2045,1.06641,-0.22
3.565,2045,-1.07356,-0.22
3.57,2045,-0.00357552,-0.22
3.575,2044,-1.07502,-0.31
3.58,2044,1.06494,-0.31
3.585,2045,1.06641,-0.22
3.59,2045,-1.07356,-0.22
3.595,2044,-1.07502,-0.31
3.6,2044,1.06494,-0.31
3.605,2045,1.06641,-0.22
3.61,2044,-2.145,-0.31
3.615,2045,2.13639,-0.22
3.62,2044,-2.145,-0.31
3.625,2044,1.06494,-0.31
3.63,2044,-0.00503822,-0.31
3.635,2044,-0.00503822,-0.31
3.64,2045,1.06641,-0.22
3.645,2044,-2.145,-0.31
3.65,2044,1.06494,-0.31
3.655,2044,-0.00503822,-0.31
3.66,2045,1.06641,-0.22
3.665,2044,-2.145,-0.31
3.67,2044,1.06494,-0.31
3.675,2045,1.06641,-0.22
3.68,2045,-1.07356,-0.22
3.685,2045,-0.00357552,-0.22
3.69,2044,-1.07502,-0.31
3.695,2044,1.06494,-0.31
3.7,2044,-0.00503822,-0.31
3.705,2044,-0.00503822,-0.31
3.71,2045,1.06641,-0.22
3.715,2044,-2.145,-0.31
3.72,2044,1.06494,-0.31
3.725,2044,-0.00503822,-0.31
3.73,2045,1.06641,-0.22
3.735,2044,-2.145,-0.31
3.74,2045,2.13639,-0.22
3.745,2045,-1.07356,-0.22
3.75,2045,-0.00357552,-0.22
3.755,2045,-0.00357552,-0.22
3.76,2045,-0.00357552,-0.22
3.765,2044,-1.07502,-0.31
3.77,2044,1.06494,-0.31
3.775,2044,-0.00503822,-0.31
3.78,2045,1.06641,-0.22
3.785,2045,-1.07356,-0.22
3.79,2044,-1.07502,-0.31
3.795,2045,2.13639,-0.22
3.8,2045,-1.07356,-0.22
3.805,2045,-0.00357552,-0.22
3.81,2044,-1.07502,-0.31
3.815,2044,1.06494,-0.31
3.82,2045,1.06641,-0.22
3.825,2045,-1.07356,-0.22
3.83,2044,-1.07502,-0.31
3.835,2044,1.06494,-0.31
3.84,2044,-0.00503822,-0.31
3.845,2045,1.06641,-0.22
3.85,2044,-2.145,-0.31
3.855,2045,2.13639,-0.22
3.86,2045,-1.07356,-0.22
3.865,2045,-0.00357552,-0.22
3.87,2044,-1.07502,-0.31
3.875,2044,1.06494,-0.31
3.88,2044,-0.00503822,-0.31
3.885,2044,-0.00503822,-0.31
3.89,2045,1.06641,-0.22
3.895,2044,-2.145,-0.31
3.9,2045,2.13639,-0.22
3.905,2044,-2.145,-0.31
3.91,2044,1.06494,-0.31
3.915,2045,1.06641,-0.22
3.92,2045,-1.07356,-0.22
3.925,2045,-0.00357552,-0.22
3.93,2045,-0.00357552,-0.22
3.935,2045,-0.00357552,-0.22
3.94,2045,-0.00357552,-0.22
3.945,2045,-0.00357552,-0.22
3.95,2045,-0.00357552,-0.22
3.955,2045,-0.00357552,-0.22
3.96,2044,-1.07502,-0.31
3.965,2044,1.06494,-0.31
3.97,2044,-0.00503822,-0.31
3.975,2045,1.06641,-0.22
3.98,2044,-2.145,-0.31
3.985,2045,2.13639,-0.22
3.99,2045,-1.07356,-0.22
3.995,2045,-0.00357552,-0.22
4,2044,-1.07502,-0.31
4.005,2045,2.13639,-0.22
4.01,2045,-1.07356,-0.22
4.015,2045,-0.00357552,-0.22
4.02,2044,-1.07502,-0.31
4.025,2047,3.20783,-0.13
4.03,2047,-2.14208,-0.13
4.035,2048,1.06933,-0.04
4.04,2049,0.953207,0.13
4.045,2051,-0.947519,0.22
4.05,2051,-1.06641,0.22
4.055,2053,2.14646,0.4
4.06,2053,-1.18107,0.48
4.065,2056,1.19959,0.66
4.07,2057,-1.05779,0.75
4.075,2058,0.966046,0.92
4.08,2061,0.136763,1.1
4.085,2062,-0.098248,1.27
4.09,2064,0.14245,1.45
4.095,2067,0.0264878,1.63
4.1,2068,-0.0896373,1.8
4.105,2072,1.2225,2.07
4.11,2073,-1.15247,2.24
4.115,2077,1.22965,2.51
4.12,2077,-2.21677,2.59
4.125,2082,3.37675,2.95
4.13,2083,-2.20817,3.12
4.135,2086,0.17249,3.3
4.14,2090,2.08036,3.65
4.145,2092,-1.00648,3.91
4.15,2096,0.186762,4.18
4.155,2096,-2.18968,4.26
4.16,2099,1.26096,4.44
4.165,2100,-0.996435,4.53
4.17,2101,1.0274,4.7
4.175,2102,-0.873336,4.79
4.18,2104,0.0792158,4.88
4.185,2105,1.03306,5.05
4.19,2108,0.203769,5.23
4.195,2110,0.0877948,5.41
4.2,2110,-1.09978,5.49
4.205,2113,1.28087,5.67
4.21,2115,0.0949114,5.85
4.215,2115,-2.04505,5.85
4.22,2116,2.11874,6.02
4.225,2118,-0.85198,6.11
4.23,2120,1.172,6.29
4.235,2123,1.05732,6.55
4.24,2125,-0.841967,6.73
4.245,2127,-0.00701617,6.9
4.25,2129,0.233661,7.08
4.255,2130,-0.00137116,7.25
4.26,2134,1.31074,7.52
4.265,2134,-2.13569,7.6
4.27,2138,2.38635,7.87
4.275,2139,-1.05863,8.04
4.28,2142,0.252024,8.22
4.285,2144,0.136032,8.4
4.29,2146,0.0198774,8.57
4.295,2148,0.260543,8.75
4.3,2149,-0.926879,8.84
4.305,2152,2.16835,9.1
4.31,2153,-1.87236,9.19
4.315,2156,2.17397,9.45
4.32,2158,-0.79532,9.63
4.325,2160,0.0396112,9.8
4.33,2162,0.280267,9.98
4.335,2163,0.0452135,10.15
4.34,2166,0.285866,10.33
4.345,2168,0.169856,10.51
4.35,2168,-1.01773,10.59
4.355,2172,2.4343,10.86
4.36,2173,-1.01071,11.03
4.365,2175,-0.7715,11.12
4.37,2177,1.25245,11.3
4.375,2177,-1.9575,11.3
4.38,2179,2.20625,11.47
4.385,2180,-0.764489,11.56
4.39,2181,0.188038,11.65
4.395,2182,0.189471,11.74
4.4,2182,0.0718567,11.82
4.405,2182,-0.760351,11.82
4.41,2184,1.26216,11.91
4.415,2185,0.193606,12
4.42,2186,0.195037,12.09
4.425,2187,0.196467,12.18
4.43,2187,0.0788505,12.26
4.435,2189,0.318053,12.35
4.44,2190,0.200595,12.44
4.445,2191,0.202023,12.53
4.45,2192,0.203451,12.62
4.455,2192,0.0858325,12.7
4.46,2192,-0.746375,12.7
4.465,2195,2.34753,12.88
4.47,2196,-0.860983,12.97
4.475,2196,0.0913778,13.05
4.48,2198,0.330576,13.14
4.485,2198,-0.858292,13.14
4.49,2200,2.3545,13.32
4.495,2200,-1.92543,13.32
4.5,2201,1.28594,13.41
4.505,2201,0.0983379,13.49
4.51,2203,0.337534,13.58
4.515,2204,0.220068,13.67
4.52,2205,0.221489,13.76
4.525,2206,0.22291,13.85
4.53,2206,0.105285,13.93
4.535,2208,0.344478,14.02
4.54,2209,0.22701,14.11
4.545,2210,0.228429,14.2
4.55,2211,0.229846,14.29
4.555,2211,0.112219,14.37
4.56,2213,0.35141,14.46
4.565,2213,-0.837459,14.46
4.57,2214,1.30392,14.55
4.575,2216,1.30675,14.73
4.58,2217,-0.950842,14.81
4.585,2217,-0.713068,14.81
4.59,2219,2.38082,14.99
4.595,2220,-0.827715,15.08
4.6,2220,-0.827715,15.08
4.605,2220,1.19462,15.16
4.61,2222,0.36382,15.25
4.615,2223,0.246344,15.34
4.62,2224,0.247754,15.43
4.625,2225,1.20151,15.6
4.63,2225,-1.77066,15.6
4.635,2227,1.32181,15.69
4.64,2228,0.253233,15.78
4.645,2229,0.25464,15.87
4.65,2230,0.256047,15.96
4.655,2230,0.13841,16.04
4.66,2232,0.377589,16.13
4.665,2233,0.260107,16.22
4.67,2234,0.261511,16.31
4.675,2234,-0.80847,16.31
4.68,2236,2.28524,16.48
4.685,2236,-1.75691,16.48
4.69,2238,2.40693,16.66
4.695,2239,-0.801615,16.75
4.7,2240,0.269767,16.84
4.705,2240,-0.800215,16.84
4.71,2241,1.22211,16.92
4.715,2242,0.391297,17.01
4.72,2243,0.273808,17.1
4.725,2244,0.275206,17.19
4.73,2244,0.157561,17.27
4.735,2246,0.396731,17.36
4.74,2247,0.27924,17.45
4.745,2248,0.280635,17.54
4.75,2249,0.28203,17.63
4.755,2249,-0.787952,17.63
4.76,2251,2.30574,17.8
4.765,2252,-0.665041,17.89
4.77,2253,0.287445,17.98
4.775,2254,0.288836,18.07
4.78,2255,0.171185,18.15
4.785,2255,-0.661022,18.15
4.79,2257,2.43281,18.33
4.795,2258,-0.775743,18.42
4.8,2259,0.295626,18.51
4.805,2260,0.177972,18.59
4.81,2261,0.417132,18.68
4.815,2262,0.29963,18.77
4.82,2263,0.301015,18.86
4.825,2264,0.302398,18.95
4.83,2265,0.184741,19.03
4.835,2265,-0.647467,19.03
4.84,2266,1.37499,19.12
4.845,2267,0.306392,19.21
4.85,2269,1.26009,19.38
4.855,2269,-1.71208,19.38
4.86,2270,1.38036,19.47
4.865,2272,1.38312,19.65
4.87,2273,-0.755468,19.74
4.875,2274,0.19685,19.82
4.88,2275,0.435999,19.91
4.885,2275,-0.752869,19.91
4.89,2276,1.38847,20
4.895,2277,0.319861,20.09
4.9,2278,0.321234,20.18
4.905,2279,0.203568,20.26
4.91,2280,0.442713,20.35
4.915,2281,0.325197,20.44
4.92,2282,0.326567,20.53
4.925,2283,0.327937,20.62
4.93,2284,0.210267,20.7
4.935,2285,0.449408,20.79
4.94,2286,0.331888,20.88
4.945,2287,0.333255,20.97
4.95,2288,0.215582,21.05
4.955,2288,-0.616626,21.05
4.96,2290,2.47716,21.23
4.965,2290,-1.80277,21.23
4.97,2291,1.40854,21.32
4.975,2293,1.29223,21.49
4.98,2294,-0.608602,21.58
4.985,2294,-0.727488,21.58
4.99,2295,1.41383,21.67
4.995,2296,0.345212,21.76
5,2297,0.34657,21.85
5.005,2298,0.228889,21.93
5.01,2299,0.468019,22.02
5.015,2300,0.350488,22.11
5.02,2301,0.351843,22.2
5.025,2302,0.353197,22.29
5.03,2303,0.235513,22.37
5.035,2304,0.474638,22.46
5.04,2305,0.357103,22.55
5.045,2305,-0.712878,22.55
5.05,2306,1.42843,22.64
5.055,2307,0.359803,22.73
5.06,2309,1.31344,22.9
5.065,2310,-0.587398,22.99
5.07,2311,0.365043,23.08
5.075,2312,0.247352,23.16
5.08,2312,-0.584856,23.16
5.085,2314,2.50889,23.34
5.09,2314,-1.77104,23.34
5.095,2315,1.44025,23.43
5.1,2316,0.371611,23.52
5.105,2317,0.253916,23.6
5.11,2319,1.56435,23.78
5.115,2319,-1.76448,23.78
5.12,2320,1.4468,23.87
5.125,2322,1.33044,24.04
5.13,2323,-0.570415,24.13
5.135,2324,0.382014,24.22
5.14,2325,0.383348,24.31
5.145,2326,0.38468,24.4
5.15,2326,-0.685301,24.4
5.155,2328,2.40827,24.57
5.16,2328,-1.63388,24.57
5.165,2330,2.52982,24.75
5.17,2331,-0.6788,24.84
5.175,2332,0.273474,24.92
5.18,2333,0.512573,25.01
5.185,2333,-0.676295,25.01
5.19,2334,1.46499,25.1
5.195,2335,0.396336,25.19
5.2,2336,0.278625,25.27
5.205,2338,1.58902,25.45
5.21,2338,-1.73981,25.45
5.215,2340,2.54276,25.63
5.22,2340,-1.73717,25.63
5.225,2341,1.35506,25.71
5.23,2342,0.524171,25.8
5.235,2343,0.406601,25.89
5.24,2345,1.47921,26.07
5.245,2345,-1.73073,26.07
5.25,2346,1.36149,26.15
5.255,2347,0.530597,26.24
5.26,2348,0.413022,26.33
5.265,2350,1.48562,26.51
5.27,2351,-0.772063,26.59
5.275,2351,-0.534289,26.59
5.28,2352,1.48809,26.68
5.285,2354,1.49071,26.86
5.29,2354,-1.71924,26.86
5.295,2355,1.49201,26.95
5.3,2356,0.304301,27.03
5.305,2357,0.543377,27.12
5.31,2359,1.49707,27.3
5.315,2359,-1.71287,27.3
5.32,2360,1.37934,27.38
5.325,2361,0.548432,27.47
5.33,2361,-0.640437,27.47
5.335,2362,1.50082,27.56
5.34,2364,1.50341,27.74
5.345,2364,-1.70653,27.74
5.35,2366,2.45695,27.91
5.355,2367,-0.513926,28
5.36,2367,-0.632812,28
5.365,2369,2.57971,28.18
5.37,2370,-0.747973,28.26
5.375,2371,0.56107,28.35
5.38,2371,-0.627798,28.35
5.385,2373,2.58472,28.53
5.39,2374,-0.623941,28.62
5.395,2375,0.328294,28.7
5.4,2376,0.56735,28.79
5.405,2376,-0.621518,28.79
5.41,2378,2.59099,28.97
5.415,2379,-0.736706,29.05
5.42,2380,0.572327,29.14
5.425,2380,-0.616541,29.14
5.43,2381,1.5247,29.23
5.435,2382,0.455993,29.32
5.44,2383,0.457268,29.41
5.445,2384,0.339513,29.49
5.45,2385,0.57856,29.58
5.455,2385,-0.610309,29.58
5.46,2387,2.60218,29.76
5.465,2388,-0.606497,29.85
5.47,2388,-0.606497,29.85
5.475,2389,1.41571,29.93
5.48,2390,0.584765,30.02
5.485,2391,0.467144,30.11
5.49,2392,0.468409,30.2
5.495,2393,0.469672,30.29
5.5,2394,0.351908,30.37
5.505,2395,0.590943,30.46
5.51,2396,0.473316,30.55
5.515,2397,0.474575,30.64
5.52,2398,0.475833,30.73
5.525,2399,0.358064,30.81
5.53,2401,1.66833,30.99
5.535,2401,-1.6605,30.99
5.54,2403,2.5029,31.16
5.545,2403,-1.53925,31.16
5.55,2404,1.55306,31.25
5.555,2405,0.484328,31.34
5.56,2406,0.485577,31.43
5.565,2407,0.486824,31.52
5.57,2408,0.369045,31.6
5.575,2409,0.608064,31.69
5.58,2410,0.490421,31.78
5.585,2411,0.491664,31.87
5.59,2413,1.4451,32.04
5.595,2413,-1.52707,32.04
5.6,2415,2.63645,32.22
5.605,2416,-0.572259,32.31
5.61,2417,0.498958,32.4
5.615,2418,0.381169,32.48
5.62,2418,-0.451039,32.48
5.625,2419,1.57127,32.57
5.63,2421,1.57373,32.75
5.635,2422,-0.565,32.84
5.64,2423,0.387187,32.92
5.645,2424,0.626187,33.01
5.65,2425,0.508527,33.1
5.655,2426,0.509751,33.19
5.66,2427,0.391952,33.27
5.665,2428,0.630948,33.36
5.67,2428,-0.55792,33.36
5.675,2430,2.65446,33.54
5.68,2431,-0.554261,33.63
5.685,2432,0.397916,33.71
5.69,2432,-0.434292,33.71
5.695,2434,2.6592,33.89
5.7,2435,-0.549534,33.98
5.705,2436,0.52166,34.07
5.71,2437,0.403849,34.15
5.715,2438,0.642833,34.24
5.72,2439,0.525154,34.33
5.725,2439,-0.544827,34.33
5.73,2441,2.66753,34.51
5.735,2442,-0.66023,34.59
5.74,2442,-0.422456,34.59
5.745,2444,2.67101,34.77
5.75,2445,-0.537736,34.86
5.755,2446,0.533445,34.95
5.76,2446,-0.536537,34.95
5.765,2448,2.55678,35.12
5.77,2448,-1.48537,35.12
5.775,2450,2.67806,35.3
5.78,2451,-0.64971,35.38
5.785,2453,1.73041,35.56
5.79,2454,-0.527252,35.65
5.795,2455,0.543918,35.74
5.8,2456,0.426086,35.82
5.805,2457,0.665045,35.91
5.81,2459,1.61851,36.09
5.815,2460,-0.520276,36.18
5.82,2460,-0.520276,36.18
5.825,2461,1.50185,36.26
5.83,2463,1.74198,36.44
5.835,2464,-0.515694,36.53
5.84,2465,0.555462,36.62
5.845,2466,0.437618,36.7
5.85,2467,0.676564,36.79
5.855,2468,0.558847,36.88
5.86,2470,1.51215,37.05
5.865,2470,-1.46002,37.05
5.87,2471,1.6322,37.14
5.875,2471,-0.50776,37.14
5.88,2473,2.70451,37.32
5.885,2474,-0.504268,37.41
5.89,2474,-0.504268,37.41
5.895,2476,2.58898,37.58
5.9,2477,-0.38203,37.67
5.905,2478,0.570221,37.76
5.91,2479,0.571377,37.85
5.915,2480,0.453516,37.93
5.92,2481,0.692443,38.02
5.925,2482,0.574708,38.11
5.93,2483,0.575858,38.2
5.935,2484,0.577007,38.29
5.94,2485,0.45914,38.37
5.945,2486,0.698059,38.46
5.95,2487,0.580317,38.55
5.955,2488,0.581461,38.64
5.96,2490,1.53471,38.81
5.965,2490,-1.43746,38.81
5.97,2492,2.72586,38.99
5.975,2492,-1.55407,38.99
5.98,2493,1.65701,39.08
5.985,2495,1.54027,39.25
5.99,2496,-0.360791,39.34
5.995,2497,0.591434,39.43
6,2498,0.592563,39.52
6.005,2498,-0.477419,39.52
6.01,2499,1.54466,39.6
6.015,2500,0.713578,39.69
6.02,2501,0.595816,39.78
6.025,2503,1.66804,39.96
6.03,2503,-1.5419,39.96
6.035,2504,1.55015,40.04
6.04,2505,0.719063,40.13
6.045,2506,0.601294,40.22
6.05,2508,1.67351,40.4
6.055,2509,-0.584354,40.48
6.06,2510,0.724513,40.57
6.065,2510,-0.464355,40.57
6.07,2512,2.74781,40.75
6.075,2513,-0.461028,40.84
6.08,2514,0.491049,40.92
6.085,2515,0.729927,41.01
6.09,2516,0.612144,41.1
6.095,2517,0.613245,41.19
6.1,2518,0.495336,41.27
6.105,2520,1.80529,41.45
6.11,2520,-1.52354,41.45
6.115,2521,1.6875,41.54
6.12,2523,1.57067,41.71
6.125,2524,-0.330424,41.8
6.13,2524,-0.449311,41.8
6.135,2525,1.69174,41.89
6.14,2526,0.622848,41.98
6.145,2527,0.623935,42.07
6.15,2529,1.57708,42.24
6.155,2530,-0.324029,42.33
6.16,2531,0.628146,42.42
6.165,2532,0.629225,42.51
6.17,2532,-0.440756,42.51
6.175,2534,2.65233,42.68
6.18,2535,-0.318761,42.77
6.185,2535,-0.437648,42.77
6.19,2536,1.70339,42.86
6.195,2538,1.58652,43.03
6.2,2538,-1.38565,43.03
6.205,2539,1.70648,43.12
6.21,2541,1.70861,43.3
6.215,2542,-0.549293,43.38
6.22,2542,-0.311519,43.38
6.225,2544,2.78166,43.56
6.23,2545,-0.427224,43.65
6.235,2545,-0.427224,43.65
6.24,2546,1.7138,43.74
6.245,2547,0.525867,43.82
6.25,2548,0.764695,43.91
6.255,2550,1.71789,44.09
6.26,2550,-1.49205,44.09
6.265,2552,2.67097,44.26
6.27,2552,-1.37118,44.26
6.275,2553,1.72092,44.35
6.28,2555,1.72301,44.53
6.285,2555,-1.48693,44.53
6.29,2556,1.72405,44.62
6.295,2558,1.60713,44.79
6.3,2558,-1.36504,44.79
6.305,2559,1.72705,44.88
6.31,2560,0.658108,44.97
6.315,2561,0.540141,45.05
6.32,2562,0.778947,45.14
6.325,2563,0.661091,45.23
6.33,2565,1.73313,45.41
6.335,2565,-1.47681,45.41
6.34,2566,1.61515,45.49
6.345,2567,0.783972,45.58
6.35,2568,0.666108,45.67
6.355,2569,0.667129,45.76
6.36,2570,0.668149,45.85
6.365,2571,0.550167,45.93
6.37,2573,1.85995,46.11
6.375,2573,-1.46888,46.11
6.38,2574,1.74208,46.2
6.385,2576,1.6251,46.37
6.39,2576,-1.34707,46.37
6.395,2577,1.745,46.46
6.4,2579,1.74701,46.64
6.405,2580,-0.39195,46.73
6.41,2581,0.560035,46.81
6.415,2582,0.798809,46.9
6.42,2583,0.680921,46.99
6.425,2584,0.681918,47.08
6.43,2585,0.563916,47.16
6.435,2586,0.802683,47.25
6.44,2587,0.684788,47.34
6.445,2588,0.685779,47.43
6.45,2588,-0.384203,47.43
6.455,2590,2.70872,47.6
6.46,2591,-0.262464,47.69
6.465,2592,0.689614,47.78
6.47,2593,0.690596,47.87
6.475,2594,0.691576,47.96
6.48,2595,0.57356,48.04
6.485,2596,0.81231,48.13
6.49,2597,0.694399,48.22
6.495,2598,0.695373,48.31
6.5,2599,0.696345,48.4
6.505,2600,0.57832,48.48
6.51,2601,0.817063,48.57
6.515,2602,0.699143,48.66
6.52,2602,-0.370838,48.66
6.525,2603,1.77009,48.75
6.53,2605,1.65302,48.92
6.535,2605,-1.31915,48.92
6.54,2606,1.77287,49.01
6.545,2607,0.703846,49.1
6.55,2608,0.704803,49.19
6.555,2609,0.586765,49.27
6.56,2609,-0.245443,49.27
6.565,2610,1.77659,49.36
6.57,2611,0.707557,49.45
6.575,2612,0.708507,49.54
6.58,2613,0.709455,49.63
6.585,2614,0.59141,49.71
6.59,2615,0.830129,49.8
6.595,2616,0.712185,49.89
6.6,2617,0.713127,49.98
6.605,2618,0.714066,50.07
6.61,2619,0.596013,50.15
6.615,2620,0.834723,50.24
6.62,2621,0.716771,50.33
6.625,2622,0.717704,50.42
6.63,2623,0.718635,50.51
6.635,2624,0.600574,50.59
6.64,2625,0.839276,50.68
6.645,2626,0.721315,50.77
6.65,2627,0.722239,50.86
6.655,2628,0.723162,50.95
6.66,2629,0.605093,51.03
6.665,2630,0.843786,51.12
6.67,2630,-0.345082,51.12
6.675,2631,1.7958,51.21
6.68,2633,1.67864,51.38
6.685,2634,-0.222639,51.47
6.69,2634,-0.341525,51.47
6.695,2636,2.87024,51.65
6.7,2637,-0.3388,51.74
6.705,2638,0.613099,51.82
6.71,2639,0.851776,51.91
6.715,2641,1.80467,52.09
6.72,2642,-0.334393,52.18
6.725,2643,0.617498,52.26
6.73,2644,0.856166,52.35
6.735,2645,0.738171,52.44
6.74,2646,0.739062,52.53
6.745,2647,0.739951,52.62
6.75,2648,0.621853,52.7
6.755,2649,0.860512,52.79
6.76,2650,0.742509,52.88
6.765,2651,0.743391,52.97
6.77,2652,0.625286,53.05
6.775,2654,1.9348,53.23
6.78,2654,-1.39403,53.23
6.785,2655,1.81678,53.32
6.79,2657,1.69954,53.49
6.795,2658,-0.201776,53.58
6.8,2658,-0.320662,53.58
6.805,2659,1.82017,53.67
6.81,2660,0.751052,53.76
6.815,2661,0.751916,53.85
6.82,2663,1.70464,54.02
6.825,2664,-0.196694,54.11
6.83,2665,0.755257,54.2
6.835,2666,0.756112,54.29
6.84,2667,0.637983,54.37
6.845,2668,0.876608,54.46
6.85,2669,0.758571,54.55
6.855,2670,0.759418,54.64
6.86,2671,0.760264,54.73
6.865,2672,0.642127,54.81
6.87,2673,0.880742,54.9
6.875,2674,0.762696,54.99
6.88,2675,0.763534,55.08
6.885,2676,0.645391,55.16
6.89,2677,0.883999,55.25
6.895,2678,0.765945,55.34
6.9,2679,0.766776,55.43
6.905,2680,0.767605,55.52
6.91,2680,-0.302376,55.52
6.915,2682,2.79024,55.69
6.92,2683,-0.181105,55.78
6.925,2686,2.79343,56.04
6.93,2688,-0.177106,56.22
6.935,2690,0.775611,56.4
6.94,2692,0.65825,56.57
6.945,2694,0.897631,56.75
6.95,2695,-0.290436,56.84
6.955,2697,1.73215,57.01
6.96,2700,1.85333,57.27
6.965,2701,-1.23694,57.36
6.97,2703,1.85569,57.54
6.975,2706,1.73906,57.8
6.98,2707,-1.23233,57.89
6.985,2709,1.86028,58.07
6.99,2710,-0.397882,58.15
6.995,2713,3.05214,58.42
7,2715,-0.394132,58.59
7.005,2717,0.915144,58.77
7.01,2719,0.79777,58.95
7.015,2721,0.680304,59.12
7.02,2723,0.919576,59.3
7.025,2725,0.683209,59.47
7.03,2727,0.922465,59.65
7.035,2729,0.686084,59.82
7.04,2730,-0.14539,59.91
7.045,2732,1.87715,60.09
7.05,2735,1.76036,60.35
7.055,2736,-1.21109,60.44
7.06,2738,1.88141,60.62
7.065,2740,0.693893,60.79
7.07,2742,0.93309,60.97
7.075,2744,0.696654,61.14
7.08,2746,0.935836,61.32
7.085,2748,0.699384,61.49
7.09,2750,0.93855,61.67
7.095,2751,-0.249625,61.76
7.1,2754,2.84342,62.02
7.105,2757,0.943284,62.29
7.11,2758,-1.43385,62.37
7.115,2762,4.15653,62.73
7.12,2763,-2.50054,62.81
7.125,2764,0.947847,62.9
7.13,2765,0.829626,62.99
7.135,2766,0.830289,63.08
7.14,2767,0.71199,63.16
7.145,2769,2.02106,63.34
7.15,2769,-1.30777,63.34
7.155,2771,2.97346,63.52
7.16,2771,-1.30646,63.52
7.165,2772,1.78518,63.6
7.17,2774,2.02425,63.78
7.175,2774,-1.30459,63.78
7.18,2776,2.97663,63.96
7.185,2777,-0.351632,64.04
7.19,2778,0.956762,64.13
7.195,2779,0.838512,64.22
7.2,2780,0.839147,64.31
7.205,2781,0.839781,64.4
7.21,2782,0.721455,64.48
7.215,2783,0.959857,64.57
7.22,2784,0.841598,64.66
7.225,2785,0.842223,64.75
7.23,2786,0.842846,64.84
7.235,2787,0.724511,64.92
7.24,2788,0.962903,65.01
7.245,2788,-0.225965,65.01
7.25,2790,2.98521,65.19
7.255,2791,-0.343075,65.27
7.26,2792,0.965291,65.36
7.265,2793,0.847013,65.45
7.27,2794,0.847619,65.54
7.275,2794,-0.222362,65.54
7.28,2795,1.91821,65.63
7.285,2796,0.729873,65.71
7.29,2797,0.968247,65.8
7.295,2798,0.849959,65.89
7.3,2799,0.850555,65.98
7.305,2800,0.85115,66.07
7.31,2801,0.732789,66.15
7.315,2802,0.971153,66.24
7.32,2803,0.852855,66.33
7.325,2804,0.853441,66.42
7.33,2805,0.854025,66.51
7.335,2806,0.735656,66.59
7.34,2807,0.974009,66.68
7.345,2808,0.855701,66.77
7.35,2809,0.856276,66.86
7.355,2810,0.85685,66.95
7.36,2811,0.738472,67.03
7.365,2812,0.976815,67.12
7.37,2813,0.858496,67.21
7.375,2814,0.859061,67.3
7.38,2814,-0.21092,67.3
7.385,2815,1.81066,67.38
7.39,2816,0.979011,67.47
7.395,2817,0.860683,67.56
7.4,2818,0.861241,67.65
7.405,2819,0.861796,67.74
7.41,2820,0.743401,67.82
7.415,2821,0.981725,67.91
7.42,2823,1.93392,68.09
7.425,2823,-1.27603,68.09
7.43,2824,1.93446,68.18
7.435,2826,1.8166,68.35
7.44,2826,-1.15557,68.35
7.445,2828,3.00654,68.53
7.45,2829,-0.20287,68.62
7.455,2830,0.748698,68.7
7.46,2831,0.987002,68.79
7.465,2832,0.868643,68.88
7.47,2833,0.869169,68.97
7.475,2834,0.750748,69.05
7.48,2835,0.989044,69.14
7.485,2835,-0.199825,69.14
7.49,2837,3.01116,69.32
7.495,2838,-0.198272,69.41
7.5,2839,0.753279,69.49
7.505,2839,-0.0789284,69.49
7.51,2841,3.01315,69.67
7.515,2842,-0.196287,69.76
7.52,2843,0.874199,69.85
7.525,2844,0.755759,69.93
7.53,2844,-0.0764486,69.93
7.535,2845,1.94513,70.02
7.54,2847,1.94612,70.2
7.545,2848,-0.193345,70.29
7.55,2849,0.758187,70.37
7.555,2849,-0.0740204,70.37
7.56,2850,1.94755,70.46
7.565,2852,1.94852,70.64
7.57,2853,-0.190959,70.73
7.575,2854,0.760564,70.81
7.58,2854,-0.071644,70.81
7.585,2856,3.02037,70.99
7.59,2856,-1.25955,70.99
7.595,2857,1.95086,71.08
7.6,2858,0.762417,71.16
7.605,2859,1.00066,71.25
7.61,2860,0.882244,71.34
7.615,2861,0.882711,71.43
7.62,2863,1.83468,71.6
7.625,2863,-1.13749,71.6
7.63,2864,1.95403,71.69
7.635,2866,1.95494,71.87
7.64,2866,-1.255,71.87
7.645,2868,2.90689,72.04
7.65,2869,-0.0648263,72.13
7.655,2870,0.886716,72.22
7.66,2870,-0.183265,72.22
7.665,2872,3.02757,72.4
7.67,2873,-0.300871,72.48
7.675,2874,1.00732,72.57
7.68,2875,0.888873,72.66
7.685,2876,0.889308,72.75
7.69,2877,0.889741,72.84
7.695,2878,0.771237,72.92
7.7,2879,1.00944,73.01
7.705,2880,0.890979,73.1
7.71,2881,0.891403,73.19
7.715,2882,0.772891,73.27
7.72,2883,1.01108,73.36
7.725,2884,0.892616,73.45
7.73,2885,0.893031,73.54
7.735,2887,1.8449,73.71
7.74,2887,-1.12727,73.71
7.745,2889,3.03459,73.89
7.75,2890,-0.17495,73.98
7.755,2891,0.895434,74.07
7.76,2892,0.776903,74.15
7.765,2892,-0.055305,74.15
7.77,2894,3.03655,74.33
7.775,2895,-0.173003,74.42
7.78,2896,0.89737,74.51
7.785,2897,0.778829,74.59
7.79,2898,1.01699,74.68
7.795,2898,-0.171878,74.68
7.8,2899,1.96847,74.77
7.805,2900,0.898872,74.86
7.81,2902,1.85068,75.03
7.815,2903,-0.0511279,75.12
7.82,2903,-0.170015,75.12
7.825,2905,3.04068,75.3
7.83,2906,-0.287826,75.38
7.835,2906,-0.050052,75.38
7.84,2907,1.97139,75.47
7.845,2908,0.901776,75.56
7.85,2909,0.90214,75.65
7.855,2910,0.902501,75.74
7.86,2912,1.85427,75.91
7.865,2912,-1.1179,75.91
7.87,2913,1.97351,76
7.875,2914,0.903886,76.09
7.88,2915,0.904236,76.18
7.885,2916,0.785659,76.26
7.89,2917,1.02378,76.35
7.895,2918,0.905236,76.44
7.9,2919,0.905578,76.53
7.905,2920,0.905918,76.62
7.91,2921,0.787331,76.7
7.915,2921,-0.0448767,76.7
7.92,2922,1.97653,76.79
7.925,2924,1.9772,76.97
7.93,2924,-1.23275,76.97
7.935,2926,2.92891,77.14
7.94,2926,-1.11324,77.14
7.945,2927,1.97814,77.23
7.95,2928,0.908483,77.32
7.955,2929,0.908803,77.41
7.96,2930,0.790198,77.49
7.965,2931,1.02829,77.58
7.97,2932,0.909714,77.67
7.975,2933,0.910026,77.76
7.98,2934,0.910335,77.85
7.985,2935,0.791721,77.93
7.99,2936,1.0298,78.02
7.995,2938,1.9815,78.2
8,2939,-0.158168,78.29
8.005,2940,0.793189,78.37
8.01,2940,-0.0390186,78.37
8.015,2941,1.98235,78.46
8.02,2943,1.98293,78.64
8.025,2944,-0.156744,78.73
8.03,2945,0.794604,78.81
8.035,2947,2.10292,78.99
8.04,2947,-1.22591,78.99
8.045,2948,1.98431,79.08
8.05,2949,0.795691,79.16
8.055,2950,1.03374,79.25
8.06,2951,0.915123,79.34
8.065,2953,1.98564,79.52
8.07,2954,-0.272973,79.6
8.075,2955,1.03505,79.69
8.08,2956,0.916419,79.78
8.085,2958,1.98691,79.96
8.09,2958,-1.22303,79.96
8.095,2960,2.93849,80.13
8.1,2960,-1.10366,80.13
8.105,2961,1.98764,80.22
8.11,2962,0.917908,80.31
8.115,2963,0.918153,80.4
8.12,2964,0.799482,80.48
8.125,2965,1.0375,80.57
8.13,2966,0.918848,80.66
8.135,2967,0.919085,80.75
8.14,2968,0.919319,80.84
8.145,2969,0.800638,80.92
8.15,2970,1.03864,81.01
8.155,2971,0.919982,81.1
8.16,2973,1.8715,81.27
8.165,2973,-1.10067,81.27
8.17,2975,3.06081,81.45
8.175,2976,-0.14892,81.54
8.18,2977,0.921275,81.63
8.185,2977,-0.148706,81.63
8.19,2979,2.94275,81.8
8.195,2980,-0.0292139,81.89
8.2,2981,0.922086,81.98
8.205,2982,0.922289,82.07
8.21,2983,0.80358,82.15
8.215,2984,1.04155,82.24
8.22,2985,0.922862,82.33
8.225,2986,0.923056,82.42
8.23,2987,0.923248,82.51
8.235,2988,0.80453,82.59
8.24,2989,1.04249,82.68
8.245,2990,0.923789,82.77
8.25,2991,0.923972,82.86
8.255,2992,0.924153,82.95
8.26,2993,0.805425,83.03
8.265,2994,1.04337,83.12
8.27,2995,0.924662,83.21
8.275,2996,0.924834,83.3
8.28,2997,0.806098,83.38
8.285,2998,1.04404,83.47
8.29,3000,1.99546,83.65
8.295,3000,-1.21448,83.65
8.3,3002,2.94686,83.82
8.305,3003,-0.0251563,83.91
8.31,3004,0.926092,84
8.315,3005,0.926244,84.09
8.32,3006,0.926393,84.18
8.325,3007,0.807638,84.26
8.33,3008,1.04556,84.35
8.335,3009,0.926812,84.44
8.34,3010,0.926953,84.53
8.345,3011,0.927091,84.62
8.35,3012,0.808326,84.7
8.355,3013,1.04623,84.79
8.36,3014,0.927478,84.88
8.365,3015,0.927607,84.97
8.37,3016,0.808834,85.05
8.375,3017,1.04673,85.14
8.38,3018,0.927968,85.23
8.385,3019,0.928089,85.32
8.39,3020,0.928207,85.41
8.395,3021,0.809423,85.49
8.4,3022,1.04731,85.58
8.405,3024,1.99863,85.76
8.41,3024,-1.21132,85.76
8.415,3025,1.99873,85.85
8.42,3026,0.809958,85.93
8.425,3027,1.04783,86.02
8.43,3028,0.929048,86.11
8.435,3029,0.929146,86.2
8.44,3029,-0.140835,86.2
8.445,3030,1.99922,86.29
8.45,3030,-0.140739,86.29
8.455,3032,2.95049,86.46
8.46,3032,-1.09166,86.46
8.465,3032,0.929417,86.46
8.47,3033,1.99949,86.55
8.475,3033,-0.140475,86.55
8.48,3033,0.929506,86.55
8.485,3032,-0.140565,86.46
8.49,3032,1.9994,86.46
8.495,3032,0.929417,86.46
8.5,3032,0.929417,86.46
8.505,3032,0.929417,86.46
8.51,3032,0.929417,86.46
8.515,3030,-1.09183,86.29
8.52,3029,1.88024,86.2
8.525,3029,1.99913,86.2
8.53,3028,-0.140933,86.11
8.535,3027,0.928948,86.02
8.54,3026,0.928845,85.93
8.545,3024,-0.0224496,85.76
8.55,3023,1.87963,85.67
8.555,3021,-0.141671,85.49
8.56,3019,1.04698,85.32
8.565,3018,1.87906,85.23
8.57,3013,-3.23369,84.79
8.575,3009,1.99679,84.44
8.58,3004,-0.143889,84
8.585,2999,0.925317,83.56
8.59,2994,0.924488,83.12
8.595,2990,1.99377,82.77
8.6,2985,-0.147119,82.33
8.605,2979,-0.148308,81.8
8.61,2974,1.99061,81.36
8.615,2968,-0.031776,80.84
8.62,2962,0.799021,80.31
8.625,2958,3.0569,79.96
8.63,2953,-0.154322,79.52
8.635,2949,1.86567,79.16
8.64,2945,1.03238,78.81
8.645,2940,-0.157905,78.37
8.65,2935,0.910607,77.93
8.655,2932,3.04968,77.67
8.66,2928,-0.161499,77.32
8.665,2925,1.8586,77.05
8.67,2921,-0.0448767,76.7
8.675,2918,1.97522,76.44
8.68,2915,0.904236,76.18
8.685,2912,0.784291,75.91
8.69,2910,2.09137,75.74
8.695,2908,0.78289,75.56
8.7,2906,0.901042,75.38
8.705,2904,1.01923,75.21
8.71,2902,0.780703,75.03
8.715,2899,-0.0526054,74.77
8.72,2897,1.84881,74.59
8.725,2895,1.01586,74.42
8.73,2892,-0.293079,74.15
8.735,2890,2.0839,73.98
8.74,2888,0.775332,73.8
8.745,2886,1.01233,73.63
8.75,2884,0.773729,73.45
8.755,2882,0.891778,73.27
8.76,2880,1.00987,73.1
8.765,2878,0.771237,72.92
8.77,2876,1.0082,72.75
8.775,2874,0.76955,72.57
8.78,2871,-0.063933,72.31
8.785,2869,1.83736,72.13
8.79,2867,1.0043,71.96
8.795,2864,-0.30482,71.69
8.8,2863,3.02355,71.6
8.805,2860,-1.13883,71.34
8.81,2858,1.8324,71.16
8.815,2853,-2.09315,70.73
8.82,2851,3.85022,70.55
8.825,2849,0.877074,70.37
8.83,2847,0.995029,70.2
8.835,2845,0.75626,70.02
8.84,2842,-0.0774006,69.76
8.845,2841,2.89426,69.67
8.85,2839,-0.197815,69.49
8.855,2837,0.990081,69.32
8.86,2835,0.75127,69.14
8.865,2833,0.988056,68.97
8.87,2831,0.749228,68.79
8.875,2829,0.985998,68.62
8.88,2827,0.747154,68.44
8.885,2825,0.864962,68.26
8.89,2823,0.982821,68.09
8.895,2821,0.743952,67.91
8.9,2820,1.93227,67.82
8.905,2818,-0.089854,67.65
8.91,2816,0.741237,67.47
8.915,2814,0.977948,67.3
8.92,2813,1.80959,67.21
8.925,2811,-0.212623,67.03
8.93,2808,-0.0953939,66.77
8.935,2807,2.8762,66.68
8.94,2804,-1.16763,66.42
8.945,2802,1.80336,66.24
8.95,2800,0.970036,66.07
8.955,2797,-0.339508,65.8
8.96,2795,2.03709,65.63
8.965,2792,-0.342464,65.36
8.97,2790,2.03412,65.19
8.975,2788,0.72513,65.01
8.98,2785,-0.108872,64.75
8.985,2783,1.79207,64.57
8.99,2781,0.958667,64.4
8.995,2779,0.719626,64.22
9,2777,0.837236,64.04
9.005,2774,-0.115717,63.78
9.01,2773,2.85581,63.69
9.015,2771,-0.117592,63.52
9.02,2768,-0.357332,63.25
9.025,2766,2.01916,63.08
9.03,2764,0.710074,62.9
9.035,2761,-0.124068,62.64
9.04,2760,2.84743,62.55
9.045,2758,-0.24498,62.37
9.05,2756,0.942603,62.2
9.055,2754,0.703461,62.02
9.06,2752,0.939935,61.85
9.065,2750,0.700777,61.67
9.07,2748,0.818271,61.49
9.075,2746,0.935836,61.32
9.08,2743,-0.374034,61.05
9.085,2741,2.00236,60.88
9.09,2740,1.76387,60.79
9.095,2737,-1.21037,60.53
9.1,2735,1.76036,60.35
9.105,2734,1.87852,60.26
9.11,2731,-1.21464,60
9.115,2730,2.82678,59.91
9.12,2728,-0.146778,59.74
9.125,2726,0.683951,59.56
9.13,2724,0.801352,59.38
9.135,2722,0.918828,59.21
9.14,2720,0.679553,59.03
9.145,2718,0.915901,58.86
9.15,2716,0.676611,58.68
9.155,2714,0.912945,58.51
9.16,2712,0.673639,58.33
9.165,2709,-0.160795,58.07
9.17,2708,2.8106,57.98
9.175,2705,-1.35277,57.71
9.18,2703,1.97458,57.54
9.185,2700,-0.405522,57.27
9.19,2698,1.97072,57.1
9.195,2696,0.661369,56.92
9.2,2694,0.897631,56.75
9.205,2691,-0.412539,56.48
9.21,2689,1.96367,56.31
9.215,2687,0.654287,56.13
9.22,2685,0.890517,55.96
9.225,2683,0.651102,55.78
9.23,2680,-0.18349,55.52
9.235,2678,1.71704,55.34
9.24,2676,0.764278,55.16
9.245,2674,0.881583,54.99
9.25,2672,0.642127,54.81
9.255,2669,-0.192524,54.55
9.26,2667,1.70796,54.37
9.265,2665,0.874144,54.2
9.27,2663,0.634656,54.02
9.275,2661,0.870803,53.85
9.28,2658,-0.439549,53.58
9.285,2656,1.93654,53.41
9.29,2654,0.627041,53.23
9.295,2652,0.744173,53.05
9.3,2650,0.861396,52.88
9.305,2648,0.621853,52.7
9.31,2647,1.92882,52.62
9.315,2645,-0.450697,52.44
9.32,2643,0.736384,52.26
9.325,2641,0.853577,52.09
9.33,2639,0.614002,51.91
9.335,2637,0.850068,51.74
9.34,2635,0.610479,51.56
9.345,2633,0.727544,51.38
9.35,2631,0.844703,51.21
9.355,2629,0.605093,51.03
9.36,2627,0.841126,50.86
9.365,2625,0.601502,50.68
9.37,2623,0.837522,50.51
9.375,2620,-0.473032,50.24
9.38,2618,1.90293,50.07
9.385,2616,0.593298,49.89
9.39,2614,0.710297,49.71
9.395,2613,1.89832,49.63
9.4,2610,-1.55224,49.36
9.405,2608,1.89367,49.19
9.41,2606,0.584,49.01
9.415,2604,0.819959,48.84
9.42,2602,0.580256,48.66
9.425,2600,0.697207,48.48
9.43,2598,0.81426,48.31
9.435,2596,0.574537,48.13
9.44,2592,-1.33146,47.78
9.445,2589,1.75675,47.52
9.45,2587,1.63588,47.34
9.455,2585,0.682803,47.16
9.46,2582,-0.271172,46.9
9.465,2580,1.74801,46.73
9.47,2578,0.557136,46.55
9.475,2576,0.674008,46.37
9.48,2574,0.790985,46.2
9.485,2572,0.551183,46.02
9.49,2570,0.787036,45.85
9.495,2567,-0.523783,45.58
9.5,2566,2.80402,45.49
9.505,2563,-1.35998,45.23
9.51,2561,1.61012,45.05
9.515,2559,0.77596,44.88
9.52,2557,0.53611,44.7
9.525,2555,0.771917,44.53
9.53,2553,0.532054,44.35
9.535,2551,0.767849,44.18
9.54,2549,0.527975,44
9.545,2547,0.644754,43.82
9.55,2545,0.761644,43.65
9.555,2543,0.521751,43.47
9.56,2541,0.757516,43.3
9.565,2539,0.517611,43.12
9.57,2537,0.753365,42.95
9.575,2535,0.513447,42.77
9.58,2533,0.630183,42.59
9.585,2531,0.747033,42.42
9.59,2529,0.507096,42.24
9.595,2527,0.742822,42.07
9.6,2526,1.57394,41.98
9.605,2524,-0.449311,41.8
9.61,2522,0.737495,41.63
9.615,2520,0.497532,41.45
9.62,2518,0.614223,41.27
9.625,2516,0.73103,41.1
9.63,2514,0.491049,40.92
9.635,2512,0.726732,40.75
9.64,2510,0.48674,40.57
9.645,2508,0.722412,40.4
9.65,2506,0.482407,40.22
9.655,2503,-0.353033,39.96
9.66,2502,2.61802,39.87
9.665,2500,-0.47529,39.69
9.67,2497,-0.359661,39.43
9.675,2495,1.54027,39.25
9.68,2492,-0.365202,38.99
9.685,2488,-0.488521,38.64
9.69,2486,2.60025,38.46
9.695,2484,0.695893,38.29
9.7,2482,0.455821,38.11
9.705,2480,0.572403,37.93
9.71,2476,-1.45317,37.58
9.715,2475,3.6578,37.49
9.72,2473,-0.386544,37.32
9.725,2471,0.443335,37.14
9.73,2469,0.678904,36.97
9.735,2466,-0.632364,36.7
9.74,2465,2.81431,36.62
9.745,2462,-1.70692,36.35
9.75,2460,1.73857,36.18
9.755,2457,-0.64271,35.91
9.76,2455,1.73279,35.74
9.765,2453,0.422654,35.56
9.77,2451,0.539158,35.38
9.775,2449,0.65579,35.21
9.78,2446,-0.536537,34.95
9.785,2445,2.55332,34.86
9.79,2443,-0.540139,34.68
9.795,2441,0.646455,34.51
9.8,2439,0.406268,34.33
9.805,2436,-0.429435,34.07
9.81,2433,0.399132,33.8
9.815,2432,2.65677,33.71
9.82,2430,-0.436592,33.54
9.825,2428,0.393174,33.36
9.83,2426,0.628638,33.19
9.835,2424,0.388414,33.01
9.84,2422,0.623868,32.84
9.845,2419,-0.687579,32.57
9.85,2410,-5.69169,31.78
9.855,2407,6.78783,31.52
9.86,2403,-0.707041,31.16
9.865,2402,3.80954,31.08
9.87,2399,-1.7819,30.81
9.875,2397,1.66344,30.64
9.88,2394,-0.718073,30.37
9.885,2393,2.72852,30.29
9.89,2391,-0.721724,30.11
9.895,2388,-0.487611,29.85
9.9,2384,-0.730468,29.49
9.905,2381,1.64359,29.23
9.91,2378,0.451025,28.97
9.915,2376,1.39956,28.79
9.92,2374,0.564927,28.62
9.925,2371,-0.746685,28.35
9.93,2369,1.62862,28.18
9.935,2366,-0.752991,27.91
9.94,2364,1.6223,27.74
9.945,2362,0.311955,27.56
9.95,2360,0.428246,27.38
9.955,2355,-2.55014,26.95
9.96,2352,2.3203,26.68
9.965,2349,0.533219,26.42
9.97,2345,-0.660751,26.07
9.975,2342,1.35638,25.8
9.98,2340,1.59166,25.63
9.985,2335,-2.81361,25.19
9.99,2332,2.41344,24.92
9.995,2328,-0.5639,24.57
10,2324,0.382014,24.22
10.005,2320,0.376819,23.87
10.01,2316,0.371611,23.52
10.015,2313,1.31868,23.25
10.02,2311,1.55391,23.08
10.025,2309,0.243463,22.9
10.03,2308,1.43098,22.81
10.035,2306,-0.592641,22.64
10.04,2304,0.236865,22.46
10.045,2302,0.472084,22.29
10.05,2300,0.231601,22.11
10.055,2297,-0.604525,21.85
10.06,2294,0.223606,21.58
10.065,2293,2.48109,21.49
10.07,2290,-1.68388,21.23
10.075,2288,1.28556,21.05
10.08,2286,0.450775,20.88
10.085,2285,1.28162,20.79
10.09,2283,-0.623158,20.62
10.095,2280,-0.865042,20.35
10.1,2278,1.5101,20.18
10.105,2276,0.1996,20
10.11,2274,0.315736,19.82
10.115,2272,0.432023,19.65
10.12,2269,-0.879868,19.38
10.125,2268,2.56662,19.3
10.13,2265,-1.95522,19.03
10.135,2262,0.418517,18.77
10.14,2260,1.24795,18.59
10.145,2259,1.48449,18.51
10.15,2256,-1.96739,18.24
10.155,2254,1.4777,18.07
10.16,2251,-0.904207,17.8
10.165,2250,2.42323,17.71
10.17,2248,-0.670459,17.54
10.175,2244,-0.91242,17.27
10.18,2243,1.46268,17.1
10.185,2242,1.2235,17.01
10.19,2239,-1.75271,16.75
10.195,2237,1.21666,16.57
10.2,2234,-0.689584,16.31
10.205,2230,-0.813935,15.96
10.21,2225,0.13153,15.6
10.215,2222,0.36382,15.25
10.22,2218,0.23944,14.9
10.225,2214,0.233939,14.55
10.23,2209,-0.842971,14.11
10.235,2205,1.29147,13.76
10.24,2201,0.21596,13.41
10.245,2196,0.0913778,13.05
10.25,2192,0.323606,12.7
10.255,2189,0.199166,12.35
10.26,2185,0.193606,12
10.265,2181,0.188038,11.65
10.27,2177,0.182464,11.3
10.275,2173,0.176882,10.95
10.28,2168,-0.900125,10.51
10.285,2163,1.11519,10.15
10.29,2161,1.34881,9.89
10.295,2156,-1.98707,9.45
10.3,2152,1.21726,9.1
10.305,2147,-0.929771,8.66
10.31,2143,1.20457,8.31
10.315,2139,0.128953,7.96
10.32,2135,1.0757,7.69
10.325,2130,-1.90356,7.25
10.33,2128,2.25329,6.99
10.335,2124,-0.962307,6.64
10.34,2120,0.102022,6.29
10.345,2115,-0.0226821,5.93
10.35,2111,0.209432,5.58
10.355,2108,0.084882,5.23
10.36,2104,0.0792158,4.88
10.365,2100,0.0735467,4.53
10.37,2096,0.0678748,4.18
10.375,2091,-0.0568487,3.82
10.38,2089,1.24669,3.56
10.385,2085,-1.01784,3.21
10.39,2080,-1.02498,2.77
10.395,2076,1.1093,2.42
10.4,2072,0.0336351,2.07
10.405,2068,0.980344,1.8
10.41,2066,0.143912,1.54
10.415,2062,-0.098248,1.27
10.42,2058,-0.936143,0.92
10.425,2056,1.08071,0.66
10.43,2049,-3.20783,0.13
10.435,2048,4.27928,-0.04
10.44,2043,-2.26535,-0.4
10.445,2039,0.106698,-0.75
10.45,2035,-0.0178765,-1.1
10.455,2032,-0.0235635,-1.45
10.46,2028,-0.0292495,-1.8
10.465,2024,-0.0349344,-2.15
10.47,2019,-1.11206,-2.59
10.475,2014,0.903171,-2.95
10.48,2010,0.0652836,-3.3
10.485,2005,-1.13072,-3.74
10.49,2001,1.00357,-4.09
10.495,1996,-1.14353,-4.53
10.5,1992,0.990765,-4.88
10.505,1988,-0.084882,-5.23
10.51,1985,-0.0905451,-5.58
10.515,1981,-0.0962047,-5.93
10.52,1976,-1.1733,-6.37
10.525,1971,-0.110418,-6.81
10.53,1967,0.953917,-7.16
10.535,1962,-0.240754,-7.52
10.54,1957,-1.08005,-7.96
10.545,1953,0.935397,-8.31
10.55,1949,-0.14021,-8.66
10.555,1944,-1.21726,-9.1
10.56,1942,1.98852,-9.36
10.565,1936,-2.29846,-9.8
10.57,1933,0.905881,-10.15
10.575,1928,-0.288743,-10.51
10.58,1926,2.08628,-10.68
10.585,1924,-0.294333,-10.86
10.59,1923,-0.0592719,-11.03
10.595,1921,0.7715,-11.12
10.6,1919,-2.20481,-11.38
10.605,1917,1.8359,-11.47
10.61,1915,-1.25802,-11.65
10.615,1914,-0.0718567,-11.82
10.62,1910,-1.3839,-12.09
10.625,1907,-0.0802796,-12.35
10.63,1904,-1.2747,-12.7
10.635,1898,-1.28167,-13.14
10.64,1895,0.852757,-13.49
10.645,1890,-0.341797,-13.85
10.65,1886,-0.109542,-14.2
10.655,1882,-0.233939,-14.55
10.66,1879,0.831955,-14.81
10.665,1876,-1.3135,-15.16
10.67,1871,-0.368051,-15.52
10.675,1867,-0.135753,-15.87
10.68,1863,-0.260107,-16.22
10.685,1859,-0.265564,-16.57
10.69,1855,-0.271011,-16.92
10.695,1852,0.675888,-17.19
10.7,1848,-1.23173,-17.54
10.705,1844,-0.286054,-17.89
10.71,1840,-0.291462,-18.24
10.715,1836,-0.296859,-18.59
10.72,1832,-0.421285,-18.95
10.725,1827,-1.14121,-19.38
10.73,1823,0.517695,-19.74
10.735,1819,-0.200974,-20.09
10.74,1815,-0.325197,-20.44
10.745,1811,-0.330521,-20.79
10.75,1807,-0.335833,-21.14
10.755,1803,-0.341132,-21.49
10.76,1799,-0.465456,-21.85
10.765,1795,-0.232956,-22.2
10.77,1792,0.71423,-22.46
10.775,1788,-1.43098,-22.81
10.78,1784,-0.366239,-23.16
10.785,1782,1.65215,-23.34
10.79,1780,-0.371611,-23.52
10.795,1778,-0.255256,-23.69
10.8,1776,-0.495706,-23.87
10.805,1774,-0.260457,-24.04
10.81,1772,-0.500901,-24.22
10.815,1770,-0.38468,-24.4
10.82,1768,-0.268308,-24.57
10.825,1766,-0.50874,-24.75
10.83,1764,-0.273474,-24.92
10.835,1762,-0.513899,-25.1
10.84,1760,-0.278625,-25.27
10.845,1758,-0.519042,-25.45
10.85,1756,-0.402795,-25.63
10.855,1754,-0.286398,-25.8
10.86,1752,-0.526803,-25.98
10.865,1750,-0.291511,-26.15
10.87,1748,-0.531909,-26.33
10.875,1747,0.655649,-26.42
10.88,1744,-2.43919,-26.68
10.885,1743,1.60166,-26.77
10.89,1741,-1.49201,-26.95
10.895,1738,-1.37689,-27.21
10.9,1737,1.59398,-27.3
10.905,1734,-2.45192,-27.56
10.91,1733,1.58894,-27.65
10.915,1730,-2.45695,-27.91
10.92,1728,0.512635,-28.09
10.925,1727,0.630232,-28.18
10.93,1725,-1.39328,-28.35
10.935,1723,-0.563642,-28.53
10.94,1721,-0.328294,-28.7
10.945,1719,-0.568632,-28.88
10.95,1717,-0.333275,-29.05
10.955,1715,-0.573604,-29.23
10.96,1713,-0.457268,-29.41
10.965,1711,-0.340786,-29.58
10.97,1709,-0.581101,-29.76
10.975,1707,-0.345724,-29.93
10.98,1705,-0.586031,-30.11
10.985,1703,-0.469672,-30.29
10.99,1701,-0.353169,-30.46
10.995,1699,-0.593462,-30.64
11,1697,-0.358064,-30.81
11.005,1695,-0.598348,-30.99
11.01,1693,-0.36294,-31.16
11.015,1691,-0.603215,-31.34
11.02,1689,-0.486824,-31.52
11.025,1688,0.700936,-31.6
11.03,1685,-2.75051,-31.87
11.035,1683,0.69486,-32.04
11.04,1681,-0.615373,-32.22
11.045,1680,0.572259,-32.31
11.05,1678,-1.45115,-32.48
11.055,1676,-0.621408,-32.66
11.06,1673,-1.45717,-32.92
11.065,1672,1.51378,-33.01
11.07,1670,-1.57973,-33.19
11.075,1668,-0.393174,-33.36
11.08,1666,-0.633389,-33.54
11.085,1663,-1.46911,-33.8
11.09,1661,0.430647,-33.98
11.095,1659,-0.403849,-34.15
11.1,1657,-0.644041,-34.33
11.105,1655,-0.527568,-34.51
11.11,1653,-0.410955,-34.68
11.115,1652,0.42005,-34.77
11.12,1649,-2.55559,-35.03
11.125,1648,1.48537,-35.12
11.13,1645,-2.56023,-35.38
11.135,1643,0.409554,-35.56
11.14,1641,-0.543918,-35.74
11.145,1638,-1.49844,-36
11.15,1636,0.401389,-36.18
11.155,1635,0.638113,-36.26
11.16,1632,-2.81314,-36.53
11.165,1631,1.5845,-36.62
11.17,1629,-1.50877,-36.79
11.175,1627,-0.678904,-36.97
11.18,1624,-1.51448,-37.23
11.185,1622,0.385381,-37.41
11.19,1620,-0.449019,-37.58
11.195,1618,-0.689108,-37.76
11.2,1616,-0.453516,-37.93
11.205,1614,-0.693594,-38.11
11.21,1612,-0.577007,-38.29
11.215,1610,-0.460286,-38.46
11.22,1608,-0.700347,-38.64
11.225,1606,-0.464729,-38.81
11.23,1603,-1.7759,-39.08
11.235,1601,0.599697,-39.25
11.24,1600,0.360791,-39.34
11.245,1597,-2.61464,-39.6
11.25,1594,-0.715826,-39.87
11.255,1592,0.589811,-40.04
11.26,1589,-1.79128,-40.31
11.265,1587,0.584354,-40.48
11.27,1586,0.345468,-40.57
11.275,1583,-2.74892,-40.84
11.28,1582,1.64891,-40.92
11.285,1577,-4.89525,-41.36
11.29,1574,1.40247,-41.63
11.295,1573,1.63927,-41.71
11.3,1570,-2.8817,-41.98
11.305,1568,0.563969,-42.15
11.31,1567,0.325111,-42.24
11.315,1565,-1.69813,-42.42
11.32,1563,-0.511296,-42.59
11.325,1561,-0.75122,-42.77
11.33,1559,-0.634478,-42.95
11.335,1557,-0.517611,-43.12
11.34,1555,-0.757516,-43.3
11.345,1553,-0.521751,-43.47
11.35,1551,-0.761644,-43.65
11.355,1547,-2.66794,-44
11.36,1545,1.37211,-44.18
11.365,1544,0.538974,-44.26
11.37,1541,-2.91188,-44.53
11.375,1540,1.48589,-44.62
11.38,1536,-3.74917,-44.97
11.385,1534,1.4799,-45.14
11.39,1533,0.290003,-45.23
11.395,1530,-2.68514,-45.49
11.4,1527,-0.786016,-45.76
11.405,1526,1.47181,-45.85
11.41,1523,-2.69216,-46.11
11.415,1521,0.277985,-46.29
11.42,1519,-0.556129,-46.46
11.425,1518,0.275072,-46.55
11.43,1516,-1.74801,-46.73
11.435,1513,-1.63202,-46.99
11.44,1512,1.33916,-47.08
11.445,1510,-1.63489,-47.25
11.45,1507,-1.87564,-47.52
11.455,1505,0.500238,-47.69
11.46,1503,-0.809483,-47.87
11.465,1500,-1.64452,-48.13
11.47,1498,0.255722,-48.31
11.475,1497,0.373637,-48.4
11.48,1495,-1.64927,-48.57
11.485,1492,-1.88994,-48.84
11.49,1491,1.55692,-48.92
11.495,1489,-1.89271,-49.1
11.5,1487,-0.586765,-49.27
11.505,1485,-0.826444,-49.45
11.51,1483,-0.709455,-49.63
11.515,1481,-0.592355,-49.8
11.52,1479,-0.832013,-49.98
11.525,1477,-0.596013,-50.15
11.53,1475,-0.835658,-50.33
11.535,1472,-1.67056,-50.59
11.54,1470,0.22978,-50.77
11.545,1468,-0.723162,-50.95
11.55,1466,-0.606012,-51.12
11.555,1464,-0.845618,-51.3
11.56,1462,-0.609569,-51.47
11.565,1459,-1.92005,-51.74
11.57,1458,1.52686,-51.82
11.575,1455,-2.99354,-52.09
11.58,1453,0.452484,-52.26
11.585,1451,-0.857058,-52.44
11.59,1450,0.330919,-52.53
11.595,1448,-1.69183,-52.7
11.6,1445,-1.93226,-52.97
11.605,1444,1.51468,-53.05
11.61,1441,-3.00565,-53.32
11.615,1440,1.39229,-53.41
11.62,1438,-1.70041,-53.58
11.625,1436,-0.869939,-53.76
11.63,1434,-0.633795,-53.93
11.635,1431,-1.94413,-54.2
11.64,1428,-0.638835,-54.46
11.645,1427,1.26251,-54.55
11.65,1425,-1.83024,-54.73
11.655,1423,-0.642969,-54.9
11.66,1421,-0.882421,-55.08
11.665,1419,-0.646225,-55.25
11.67,1417,-0.885663,-55.43
11.675,1415,-0.649453,-55.6
11.68,1413,-0.888876,-55.78
11.685,1411,-0.771631,-55.96
11.69,1408,-1.72508,-56.22
11.695,1406,0.175484,-56.4
11.7,1403,-1.72904,-56.66
11.705,1401,0.171549,-56.84
11.71,1399,-0.662166,-57.01
11.715,1398,0.169246,-57.1
11.72,1396,-1.73444,-57.27
11.725,1394,-0.90381,-57.45
11.73,1391,-1.73828,-57.71
11.735,1390,1.23311,-57.8
11.74,1388,-1.85951,-57.98
11.745,1386,-0.672099,-58.15
11.75,1383,-1.98216,-58.42
11.755,1381,0.394132,-58.59
11.76,1379,-0.915144,-58.77
11.765,1377,-0.79777,-58.95
11.77,1375,-0.680304,-59.12
11.775,1372,-1.87133,-59.38
11.78,1370,0.148257,-59.56
11.785,1369,0.266403,-59.65
11.79,1367,-1.75606,-59.82
11.795,1365,-0.925324,-60
11.8,1362,-1.75964,-60.26
11.805,1360,0.141106,-60.44
11.81,1358,-0.811428,-60.62
11.815,1356,-0.693893,-60.79
11.82,1353,-1.88482,-61.05
11.825,1351,0.134849,-61.23
11.83,1349,-0.81765,-61.41
11.835,1347,-0.700082,-61.58
11.84,1344,-2.00992,-61.85
11.845,1342,0.366521,-62.02
11.85,1341,0.128062,-62.11
11.855,1339,-1.89438,-62.29
11.86,1337,-0.706791,-62.46
11.865,1334,-2.01657,-62.73
11.87,1332,0.359908,-62.9
11.875,1330,-0.949176,-63.08
11.88,1328,-0.712649,-63.25
11.885,1326,-0.951736,-63.43
11.89,1324,-0.715194,-63.6
11.895,1322,-0.954264,-63.78
11.9,1320,-0.836666,-63.96
11.905,1318,-0.718988,-64.13
11.91,1316,-0.958034,-64.31
11.915,1314,-0.721455,-64.48
11.92,1312,-0.960485,-64.66
11.925,1309,-1.79449,-64.92
11.93,1307,0.106461,-65.1
11.935,1305,-0.726906,-65.27
11.94,1303,-0.965899,-65.45
11.945,1301,-0.848224,-65.63
11.95,1299,-0.730473,-65.8
11.955,1297,-0.969442,-65.98
11.96,1294,-1.80336,-66.24
11.965,1292,0.0976534,-66.42
11.97,1290,-0.735656,-66.59
11.975,1288,-0.974587,-66.77
11.98,1285,-1.80845,-67.03
11.985,1284,1.16315,-67.12
11.99,1282,-1.92904,-67.3
11.995,1280,-0.741237,-67.47
12,1278,-0.980127,-67.65
12.005,1275,-1.81393,-67.91
12.01,1273,0.0871601,-68.09
12.015,1271,-0.746075,-68.26
12.02,1270,0.0855922,-68.35
12.025,1268,-1.93656,-68.53
12.03,1266,-0.748698,-68.7
12.035,1264,-0.98753,-68.88
12.04,1261,-1.82125,-69.14
12.045,1260,1.1504,-69.23
12.05,1257,-2.89324,-69.49
12.055,1256,1.1484,-69.58
12.06,1253,-3.01416,-69.85
12.065,1251,0.313721,-70.02
12.07,1248,-2.0655,-70.29
12.075,1245,-0.759166,-70.55
12.08,1244,1.14254,-70.64
12.085,1242,-1.83055,-70.81
12.09,1239,-2.06975,-71.08
12.095,1237,0.307093,-71.25
12.1,1235,-1.0016,-71.43
12.105,1233,-0.7647,-71.6
12.11,1231,-1.00339,-71.78
12.115,1229,-0.885416,-71.96
12.12,1227,-0.767381,-72.13
12.125,1225,-1.00605,-72.31
12.13,1221,-2.90995,-72.66
12.135,1220,2.20175,-72.75
12.14,1217,-2.91163,-73.01
12.145,1215,0.0596918,-73.19
12.15,1211,-2.91411,-73.54
12.155,1207,-0.894626,-73.89
12.16,1204,0.174192,-74.15
12.165,1200,-2.08624,-74.51
12.17,1199,2.43111,-74.59
12.175,1196,-3.15772,-74.86
12.18,1194,0.289278,-75.03
12.185,1192,-1.01923,-75.21
12.19,1190,-0.782156,-75.38
12.195,1188,-1.02066,-75.56
12.2,1186,-0.902501,-75.74
12.205,1183,-1.85463,-76
12.21,1180,-0.904546,-76.26
12.215,1179,1.11618,-76.35
12.22,1178,-0.905236,-76.44
12.225,1175,-2.92729,-76.7
12.23,1173,0.0442082,-76.88
12.235,1171,-0.788623,-77.05
12.24,1169,-1.02705,-77.23
12.245,1167,-0.908803,-77.41
12.25,1165,-0.790514,-77.58
12.255,1163,-1.02891,-77.76
12.26,1161,-0.791721,-77.93
12.265,1159,-1.0301,-78.11
12.27,1157,-0.911813,-78.29
12.275,1155,-0.793483,-78.46
12.28,1153,-1.03184,-78.64
12.285,1151,-0.794604,-78.81
12.29,1149,-1.03294,-78.99
12.295,1147,-0.795691,-79.16
12.3,1144,-2.10426,-79.43
12.305,1143,1.2243,-79.52
12.31,1141,-1.86725,-79.69
12.315,1139,-1.03556,-79.87
12.32,1137,-0.798272,-80.04
12.325,1135,-1.03655,-80.22
12.33,1133,-0.918153,-80.4
12.335,1131,-0.799723,-80.57
12.34,1129,-1.03797,-80.75
12.345,1127,-0.800638,-80.92
12.35,1125,-1.03887,-81.1
12.355,1123,-0.801518,-81.27
12.36,1121,-1.03973,-81.45
12.365,1118,-1.87256,-81.71
12.37,1116,0.0292139,-81.89
12.375,1114,-0.922289,-82.07
12.38,1112,-0.803779,-82.24
12.385,1110,-1.04194,-82.42
12.39,1108,-0.80453,-82.59
12.395,1106,-1.04268,-82.77
12.4,1104,-0.924153,-82.95
12.405,1102,-0.805601,-83.12
12.41,1100,-1.04372,-83.3
12.415,1098,-0.806265,-83.47
12.42,1096,-1.04437,-83.65
12.425,1094,-0.806895,-83.82
12.43,1092,-1.04498,-84
12.435,1090,-0.926393,-84.18
12.44,1088,-0.807783,-84.35
12.445,1086,-1.04584,-84.53
12.45,1084,-0.808326,-84.7
12.455,1082,-1.04636,-84.88
12.46,1080,-0.808834,-85.05
12.465,1078,-1.04686,-85.23
12.47,1076,-0.928207,-85.41
12.475,1074,-0.809537,-85.58
12.48,1072,-1.04753,-85.76
12.485,1070,-0.809958,-85.93
12.49,1068,-1.04793,-86.11
12.495,1066,-0.929242,-86.29
12.5,1063,-1.8806,-86.55
12.505,1062,1.09148,-86.64
12.51,1059,-2.95091,-86.9
12.515,1058,1.09117,-86.99
12.52,1056,-1.88114,-87.16
12.525,1054,-1.04908,-87.34
12.53,1053,0.139724,-87.43
12.535,1051,-1.88147,-87.6
12.54,1050,0.0206578,-87.69
12.545,1049,-0.930495,-87.78
12.55,1049,0.139487,-87.78
12.555,1048,-2.00053,-87.87
