1.19209289551e-06,-82.95,0.561493098736,87.43,-0.00849584303796,2.59,-0.00077147554839
0.0308821201324,-82.51,0.660569548607,88.04,-0.0106327589601,2.42,-0.000450604449725
0.0617761611938,-81.8,0.746561646461,88.66,-0.0124766901135,2.24,-9.88610117929e-05
0.0928771495819,-81.19,0.820504367352,89.1,-0.0134914051741,2.24,0.000112567890028
0.123874187469,-80.48,0.881099641323,89.27,-0.0157043896616,2.15,0.000281269312836
0.155832052231,-79.69,0.945352494717,89.27,-0.016130367294,2.15,0.000411147106206
0.186784029007,-78.99,0.982293665409,89.19,-0.0168750248849,2.15,0.000505327945575
0.217864990234,-78.29,1.00926530361,89.19,-0.0174143537879,2.15,0.000567094422877
0.249164104462,-77.76,1.02775800228,89.19,-0.0172251854092,2.15,0.00059917208273
0.281069993973,-77.41,1.03860771656,89.01,-0.0174057055265,2.07,0.000604946049862
0.311812162399,-77.05,1.04255628586,88.84,-0.0174333564937,2.07,0.000577018130571
0.3429210186,-76.7,1.04046428204,88.48,-0.0173250362277,2.07,0.000533521175385
0.373802185059,-76.53,1.03311061859,87.87,-0.0164589956403,2.07,0.000474154716358
0.405822992325,-76.44,1.01660132408,87.16,-0.0155614875257,2.07,0.000401789438911
0.4367852211,-76.44,1.00022673607,86.37,-0.0156683139503,2.07,0.000320042017847
0.467772006989,-76.44,0.981265723705,85.49,-0.0146339004859,2.07,0.000231819227338
0.499031066895,-76.44,0.960658490658,84.53,-0.0140988789499,2.07,0.00013993983157
0.529764175415,-76.44,0.939157068729,83.56,-0.0135392285883,2.07,4.81531023979e-05
0.561850070953,-76.44,0.917573869228,82.51,-0.0124290613458,2.07,-6.91539607942e-05
0.59276008606,-76.44,0.896653354168,81.54,-0.0124141275883,2.07,-0.000149521976709
0.623794078827,-76.44,0.877348601818,80.48,-0.011716876179,2.07,-0.000219384673983
0.654712200165,-76.44,0.855414688587,79.43,-0.0107113039121,2.07,-0.000275894999504
0.68575501442,-76.44,0.842835128307,78.37,-0.0103158792481,2.07,-0.000316028483212
0.716835021973,-76.44,0.834556996822,77.23,-0.00946509372443,2.07,-0.000336383469403
0.747825145721,-76.44,0.83134406805,76.0,-0.00925889611244,2.07,-0.000333990901709
0.778786182404,-76.53,0.834027707577,74.77,-0.00917471200228,2.07,-0.000305728986859
0.809787988663,-76.44,0.843403756618,73.36,-0.00922917481512,2.07,-0.000248219817877
0.840784072876,-76.44,0.860284030437,72.04,-0.00944065209478,2.07,-0.000158715993166
0.871865987778,-76.53,0.885478436947,70.73,-0.00928383599967,2.07,1.60168856382e-05
0.90273809433,-76.53,0.920473098755,69.49,-0.00931806862354,2.07,0.000193329527974
0.934779167175,-76.53,0.964226901531,68.09,-0.0104164034128,2.07,0.000412693247199
0.965853214264,-76.53,0.875626504421,66.59,-0.00995612516999,2.07,2.15334603126e-06
0.996775150299,-76.53,0.871122300625,65.01,-0.0102361757308,2.07,2.12604300032e-06
1.07513713837,-76.7,0.858293294907,61.32,-0.0109352590516,2.07,1.9982496724e-06
1.10670113564,-76.7,0.853195309639,60.0,-0.0111795021221,2.07,1.93033861251e-06
1.13776803017,-76.7,0.847941815853,58.77,-0.0114139923826,2.07,1.8233248511e-06
1.17845416069,-76.79,0.840681254864,57.19,-0.0117120081559,2.07,1.69760073732e-06
1.21624708176,-76.88,0.833172857761,55.96,-0.0119914682582,2.07,1.5917590872e-06
1.24777412415,-76.97,0.827371060848,54.81,-0.0121892374009,2.07,1.47605919665e-06
1.27876520157,-76.97,0.821406066418,53.58,-0.0123773524538,2.07,1.35027073611e-06
1.30971598625,-77.05,0.815320014954,52.44,-0.0125544574112,2.07,1.21543450859e-06
1.34077811241,-77.14,0.809096157551,51.21,-0.0127210868523,2.07,1.07135292637e-06
1.37164402008,-77.23,0.802737057209,50.07,-0.0128771299496,2.07,9.18229659419e-07
1.40265917778,-77.32,0.796223521233,48.92,-0.0130229461938,2.07,6.99789893588e-07
1.4337451458,-77.23,0.789601504803,47.69,-0.0131574561819,2.07,5.26335497852e-07
1.46470999718,-77.32,0.782852232456,46.55,-0.013320193626,2.07,3.44520856288e-07
1.49569416046,-77.49,0.773636519909,45.41,-0.0134290391579,2.07,1.53903371825e-07
1.52676510811,-77.76,0.766600251198,44.18,-0.0135267199948,2.07,-4.40461462858e-08
1.55770921707,-78.02,0.759445488453,43.03,-0.013613127172,2.07,-2.49742498681e-07
1.58871912956,-78.29,0.752150654793,41.89,-0.013688383624,2.07,-4.63705703169e-07
1.6198861599,-78.55,0.744766652584,40.75,-0.0137518811971,2.07,-6.84308645305e-07
1.65204811096,-78.81,0.737272262573,39.43,-0.0138037782162,2.07,-9.89508521343e-07
1.68383812904,-79.08,0.729644536972,38.29,-0.0138440812007,2.07,-1.22724145513e-06
1.7147591114,-79.25,0.721936941147,37.05,-0.0138724148273,2.07,-1.47085347635e-06
1.74582910538,-79.43,0.71358525753,35.82,-0.0138916261494,2.07,-1.72091836248e-06
1.77673101425,-79.6,0.703531801701,34.68,-0.013891948387,2.07,-1.97809731617e-06
1.8077750206,-79.69,0.695492565632,33.54,-0.0138800693676,2.07,-2.24047653319e-06
1.83871603012,-79.87,0.687359690666,32.31,-0.0138559024781,2.07,-2.50869561569e-06
1.8698451519,-80.04,0.679135859013,31.16,-0.0138193424791,2.07,-2.78255038211e-06
1.90070414543,-80.13,0.670795857906,30.02,-0.0132285933942,2.07,-3.06277752316e-06
1.9327352047,-80.4,0.662397861481,28.79,-0.0137083688751,2.07,-3.34730907525e-06
1.96391701698,-80.48,0.639149308205,27.47,-0.0155147807673,2.07,-5.60212583878e-06
1.99480319023,-80.57,0.630447089672,25.8,-0.0147446561605,2.07,-4.24975632995e-06
2.02592515945,-80.75,0.621203541756,24.04,-0.0142204305157,2.07,-3.31915089191e-06
2.05681204796,-80.92,0.608882009983,22.46,-0.013139333576,2.07,-2.76709238278e-06
2.14301514626,-81.27,0.584479391575,18.68,-0.0106593761593,2.07,-2.85804026134e-06
2.17399907112,-81.45,0.575522601604,17.36,-0.00924642570317,2.07,-3.58912507181e-06
2.20605707169,-81.63,0.564323365688,16.22,-0.00799519009888,2.07,-4.36111122326e-06
2.23765301704,-81.8,0.555751144886,15.08,-0.00647163530812,2.07,-5.2834611779e-06
2.26879620552,-81.98,0.547392308712,13.85,-0.00546612497419,2.07,-6.68517623126e-06
2.32120108604,-82.42,0.533988416195,12.0,-0.0034389719367,2.07,-8.57666600496e-06
2.36205720901,-82.86,0.52386367321,10.68,-0.00136638968252,2.07,-9.72052657744e-06
2.3937292099,-83.21,0.517169892788,9.63,-0.000407726271078,2.07,-1.11808385554e-05
2.42468309402,-83.38,0.510318934917,8.66,0.000499281799421,2.07,-1.21726116049e-05
2.45578503609,-83.56,0.503315508366,7.69,0.00160853448324,2.07,-1.30359112518e-05
2.48666000366,-83.65,0.495336294174,6.73,0.00289060361683,2.07,-1.37347633427e-05
2.51770710945,-83.74,0.490438759327,5.85,0.00353231001645,2.07,-1.42264289025e-05
2.54979109764,-83.91,0.485486358404,5.14,0.00460490304977,2.07,-1.44755322253e-05
2.58090901375,-84.0,0.481035768986,4.44,0.00555365066975,2.07,-1.44434779941e-05
2.61227416992,-84.44,0.477145969868,3.74,0.00587534578517,2.07,-1.3897959434e-05
2.65146517754,-84.44,0.473399579525,3.12,0.00593355949968,2.07,-1.26958912006e-05
2.68793320656,-84.44,0.469654023647,2.59,0.00628049392253,2.07,-1.13039641292e-05
2.71871614456,-84.44,0.468015402555,2.15,0.00591250369325,2.07,-9.45783540374e-06
2.74975800514,-84.44,0.467599898577,1.8,0.00587965175509,2.07,-7.11564644007e-06
2.78116416931,-84.44,0.467354208231,1.45,0.00508160097525,2.07,-4.22890298069e-06
2.81296014786,-84.53,0.467850774527,1.27,0.00459223333746,2.07,-7.78643880039e-07
2.84477615356,-84.44,0.469116836786,1.1,0.00331196142361,2.07,4.77735011373e-06
2.87568616867,-84.44,0.471181601286,1.1,0.00172772398219,2.07,9.72799898591e-06
2.90864801407,-84.53,0.475239545107,1.1,-0.000191292259842,2.07,1.53621949721e-05
2.93967413902,-84.53,0.479284614325,1.1,-0.00186608592048,2.07,2.17333290493e-05
2.97070002556,-84.53,0.482711732388,1.1,-0.000767164397985,2.07,-7.70216774981e-06
3.00156712532,-84.53,0.48782068491,1.27,-0.00120278494433,2.07,-7.08508241587e-06
3.03272414207,-84.53,0.493352144957,1.63,-0.00238515902311,2.07,-6.33910667602e-06
3.07144212723,-84.53,0.501365423203,2.24,-0.00308660184965,2.07,-5.67005099583e-06
3.11352515221,-84.53,0.510074496269,3.03,-0.00418359041214,2.07,-5.07466074851e-06
3.19298815727,-84.53,0.529251754284,4.97,-0.00649248529226,2.07,-4.0721579353e-06
3.22762799263,-84.53,0.539594948292,5.85,-0.007095544599,2.07,-3.75335298486e-06
3.2638220787,-84.53,0.547637403011,6.99,-0.00823817867786,2.07,-3.46110618921e-06
3.29510116577,-84.53,0.556464970112,8.04,-0.00883386190981,2.07,-3.10712448481e-06
3.32671999931,-84.44,0.564372241497,9.1,-0.0101458355784,2.07,-2.86611884803e-06
3.35778403282,-84.09,0.575888514519,10.15,-0.0107007138431,2.07,-2.64241111836e-06
3.38870215416,-84.0,0.58471006155,11.21,-0.0112314829603,2.07,-2.43255135501e-06
3.4196600914,-84.0,0.593606889248,12.26,-0.0122705856338,2.07,-2.23515075959e-06
3.45075106621,-84.0,0.602582097054,13.49,-0.0127313416451,2.07,-1.98541397367e-06
3.489975214,-84.0,0.614656925201,15.08,-0.013821516186,2.07,-1.7444410787e-06
3.53153204918,-83.91,0.626734495163,16.66,-0.0142802949995,2.07,-1.50683922584e-06
3.56780600548,-83.91,0.638783991337,17.98,-0.015179052949,2.07,-1.3264957488e-06
3.59873509407,-83.91,0.64779573679,19.21,-0.0153730455786,2.07,-1.14060048872e-06
3.62964510918,-83.74,0.656701564789,20.44,-0.0160377919674,2.07,-9.47607077251e-07
3.66068410873,-83.65,0.665505826473,21.67,-0.0160855408758,2.07,-7.44133103581e-07
3.69159722328,-83.38,0.674211502075,22.9,-0.016593515873,2.07,-5.26655639987e-07
3.7226190567,-83.21,0.682734847069,24.04,-0.0164734199643,2.07,-2.93835000775e-07
3.7535340786,-83.03,0.691079497337,25.27,-0.0168027617037,2.07,-4.21987351729e-08
3.78485417366,-82.77,0.699246287346,26.42,-0.0164918061346,2.07,2.31979356613e-07
3.81565713882,-82.59,0.707155406475,27.65,-0.0160786546767,2.07,6.35847754893e-07
3.84668016434,-82.59,0.71480846405,28.88,-0.0160983521491,2.07,9.69278517005e-07
3.87770414352,-82.51,0.72217977047,30.02,-0.0152216553688,2.07,1.33590219775e-06
3.9097161293,-82.42,0.731548309326,31.08,-0.0144245745614,2.07,1.73499211087e-06
3.94065308571,-82.33,0.738161206245,32.13,-0.0145834488794,2.07,2.17049637286e-06
3.97165513039,-82.24,0.759703338146,33.27,-0.0124992914498,2.07,2.18105174099e-06
4.00279307365,-82.15,0.766926288605,34.95,-0.0122455917299,2.07,2.36322784986e-06
4.03483009338,-81.98,0.774000942707,36.88,-0.0119879897684,2.07,2.58175873569e-06
4.06674814224,-81.89,0.780949473381,38.73,-0.0117259211838,2.07,2.72876536656e-06
4.09776902199,-81.8,0.787792503834,40.22,-0.0113691287115,2.07,2.86236286229e-06
4.12884020805,-81.71,0.796683371067,41.45,-0.0110976994038,2.07,2.9822479064e-06
4.15957307816,-81.63,0.803197085857,42.59,-0.0108227226883,2.07,3.08946982841e-06
4.19161009789,-81.54,0.809597253799,43.74,-0.0105435373262,2.07,3.18490947393e-06
4.27208805084,-81.19,0.825412213802,46.81,-0.00978759303689,2.07,3.38390009347e-06
4.3036429882,-81.1,0.83182144165,48.04,-0.00949871726334,2.07,3.43987244378e-06
4.33480620384,-81.01,0.837545394897,49.19,-0.00920880679041,2.07,3.48628714164e-06
4.3656270504,-80.84,0.843123674393,50.33,-0.00891717895865,2.07,3.53462587555e-06
4.39686799049,-80.66,0.848571956158,51.47,-0.00852516666055,2.07,3.56155260306e-06
4.42971014977,-80.57,0.85557860136,52.7,-0.00823060050607,2.07,3.58096576747e-06
4.46057510376,-80.48,0.860656201839,53.85,-0.00793523527682,2.07,3.59354999091e-06
4.49162507057,-80.4,0.865595519543,55.08,-0.00763835618272,2.07,3.59989985554e-06
4.52377510071,-80.22,0.870361983776,56.31,-0.00734221376479,2.07,3.60055855708e-06
4.55558419228,-80.04,0.874970138073,57.45,-0.00704609509557,2.07,3.59361047231e-06
4.58650803566,-79.78,0.878891170025,58.59,-0.00674929097295,2.07,3.58331362804e-06
4.61751008034,-79.6,0.883717775345,59.65,-0.00635580951348,2.07,3.56930058842e-06
4.64864110947,-79.43,0.889175713062,60.79,-0.00606175931171,2.07,3.55215433956e-06
4.68094420433,-79.16,0.893087506294,62.11,-0.00576795218512,2.07,3.52535562342e-06
4.72521710396,-78.9,0.898022592068,63.96,-0.0052833519876,2.07,3.4954698549e-06
4.76335215569,-78.81,0.902652978897,65.27,-0.00499510858208,2.07,3.47182026417e-06
4.79664111137,-78.81,0.905933618546,66.51,-0.00470813922584,2.07,3.43966962646e-06
4.82764410973,-78.73,0.909027040005,67.74,-0.00433072261512,2.07,3.41596955877e-06
4.86194419861,-78.73,0.91287446022,68.97,-0.00405096774921,2.07,3.39322082255e-06
4.89569306374,-78.64,0.915558099747,70.29,-0.00377343432046,2.07,3.36531093126e-06
4.92761421204,-78.55,0.918050050735,71.43,-0.00350024411455,2.07,3.34705691785e-06
4.95861411095,-78.46,0.932347416878,72.75,-0.00964419357479,2.07,0.000128598112497
4.99154520035,-78.46,0.930465817451,74.59,-0.011557999067,2.07,6.75361225149e-05
5.02262210846,-78.55,0.929420650005,76.26,-0.0141626782715,2.07,1.39829198815e-05
5.05351400375,-78.55,0.928096115589,78.11,-0.0153231024742,2.07,-3.27322377416e-05
5.08466815948,-78.55,0.927004337311,79.78,-0.0170719716698,2.07,-8.52867597132e-05
5.12323117256,-78.55,0.925876140594,81.27,-0.0182647816837,2.07,-0.000127431034343
5.16430020332,-78.55,0.925059437752,82.51,-0.0182876307517,2.07,-0.000160460665938
5.19988322258,-78.55,0.923950016499,83.47,-0.0181003864855,2.07,-0.0001797851437
5.23258399963,-78.46,0.924734950066,84.0,-0.0180946700275,2.07,-0.00019500592316
5.26386809349,-78.55,0.924516677856,84.53,-0.0178816467524,2.07,-0.000206578319194
5.34368300438,-78.46,0.924125730991,85.93,-0.0164648331702,2.07,-0.000223073278903
5.37473702431,-78.46,0.924518346786,86.46,-0.015137870796,2.07,-0.000225161027629
5.40553402901,-78.29,0.92378526926,87.08,-0.0142445899546,2.07,-0.000225717958529
5.43690705299,-78.2,0.924067854881,87.69,-0.012391093187,2.07,-0.000224502553465
5.48115706444,-77.93,0.923412621021,88.22,-0.0100787775591,2.07,-0.000222810718697
5.52805900574,-77.67,0.922620117664,88.48,-0.00916824862361,2.07,-0.000221658847295
5.56075406075,-77.41,0.921521306038,88.66,-0.00700817676261,2.07,-0.000221795809921
5.5925052166,-77.23,0.920455276966,88.66,-0.0059623667039,2.07,-0.00022330408683
5.62651801109,-76.79,0.919700860977,88.75,-0.00497681368142,2.07,-0.000228222052101
5.65740704536,-76.44,0.9181458354,88.84,-0.0040699550882,2.07,-0.000234709586948
5.68863201141,-76.18,0.916299045086,88.92,-0.00301883742213,2.07,-0.000244063907303
5.72058415413,-75.82,0.913355469704,89.01,-0.00184002006426,2.07,-0.000261809444055
5.76682710648,-75.3,0.909796833992,89.01,-0.00112645921763,2.07,-0.000286641879939
5.80818915367,-74.77,0.905550003052,89.01,-0.000386487692595,2.07,-0.000319519429468
5.84070110321,-74.33,0.901115715504,89.01,-0.000489850179292,2.07,-0.000350140267983
5.87278103828,-73.71,0.896861970425,89.01,-0.000291684933472,2.07,-0.000386508647352
5.90460801125,-73.01,0.892115414143,89.01,-0.00144098384771,2.07,-0.000428839353845
5.93578314781,-72.22,0.887422859669,89.01,-0.00178973586299,2.07,-0.000477699795738
5.96670913696,-71.43,0.887853443623,89.01,-0.000839269370772,2.07,-0.000139540235978
5.99760508537,-70.37,0.884677350521,89.01,-0.000866439717356,2.07,-9.64754726738e-05
6.0286052227,-69.14,0.880414128304,89.01,-0.000891996198334,2.07,-6.89146327204e-05
6.05947899818,-67.91,0.875068902969,89.01,-0.000382229452953,2.07,-4.5091361244e-05
6.09066915512,-66.59,0.86837375164,89.01,-0.000945846433751,2.07,-1.86961842701e-05
6.13126111031,-65.1,0.860261023045,89.1,-0.000972934940364,2.07,1.90956416191e-06
6.17314910889,-63.69,0.851294279099,89.01,-0.000997470458969,2.07,1.39314415719e-05
6.20762109756,-62.55,0.843465566635,89.01,-0.00101412634831,2.07,2.58332220255e-05
6.23848199844,-61.49,0.833095550537,89.01,-0.00103409227449,2.07,3.19098871842e-05
6.27263712883,-60.35,0.824825644493,89.01,-0.00104744208511,2.07,3.58152028639e-05
6.30408501625,-59.21,0.816122114658,89.01,-0.00105932890438,2.07,3.77761134587e-05
6.33546209335,-58.15,0.807059466839,89.01,-0.000528315722477,2.07,3.80037890864e-05
6.41831803322,-55.25,0.781088471413,89.01,-0.00109099980909,2.07,3.05670255329e-05
6.44950604439,-54.29,0.770744025707,89.1,-0.00109792826697,2.07,2.61331879301e-05
6.48137712479,-53.23,0.75643414259,89.01,-0.00110155926086,2.07,2.10764701478e-05
6.51368808746,-52.18,0.745388507843,89.1,-0.00110383878928,2.07,1.56547612278e-05
6.54589509964,-51.03,0.733528852463,89.1,-0.00110481691081,2.07,8.21967842057e-06
6.58816003799,-49.63,0.718544125557,89.1,-0.00110401446,2.07,1.01720797829e-06
6.62165212631,-48.57,0.702639222145,89.1,-0.00110092503019,2.07,-3.8871075958e-06
6.65460419655,-47.52,0.690460503101,89.1,-0.00109710718971,2.07,-9.35635762289e-06
6.69140505791,-46.29,0.673877835274,89.1,-0.00109001714736,2.07,-1.23742502183e-05
6.72234606743,-45.23,0.661266207695,89.1,-0.00108324049506,2.07,-1.419527689e-05
6.75440812111,-44.18,0.647955000401,89.1,-0.00107521668542,2.07,-1.46076199599e-05
6.78654408455,-43.3,0.635000526905,89.1,-0.00106592348311,2.07,-1.33804860525e-05
6.81855010986,-42.24,0.622505247593,89.19,-0.00105543422978,2.07,-8.81956657395e-06
6.8494989872,-41.19,0.609359681606,89.1,-0.0010437311139,2.07,-2.91445758194e-06
6.88068819046,-40.13,0.595580220222,89.19,-0.00102621223778,2.07,5.40108885616e-06
6.91146302223,-39.08,0.577769696712,89.19,-0.00155321205966,2.07,1.62951182574e-05
6.94249606133,-38.02,0.564379870892,89.19,-0.0009960453026,2.07,3.0015478842e-05
6.97363615036,-36.7,0.525128781796,89.1,-0.000928019639105,1.98,0.000580894411542
7.006483078,-35.3,0.510416567326,89.27,-0.000920240534469,1.63,1.99262103706e-05
7.03741717339,-33.89,0.496364295483,89.45,-0.000908998772502,1.45,3.49794504473e-06
7.06846904755,-32.75,0.481387078762,89.45,-0.000894415890798,1.36,-1.39221447171e-05
7.09971308708,-31.6,0.465473145247,89.45,-0.000335073913448,1.36,-2.37597560044e-05
7.13062119484,-30.64,0.449847251177,89.45,-0.000848113850225,1.27,-3.0862101994e-05
7.16173601151,-29.58,0.42860865593,89.45,-0.000823407201096,1.19,-3.62784594472e-05
7.20790815353,-28.18,0.406939953566,89.45,-0.000776137399953,1.19,-3.72396971215e-05
7.24666213989,-27.03,0.385043621063,89.45,-0.000202969473321,1.19,-3.5151722841e-05
7.27861213684,-25.98,0.367896556854,89.45,-0.000698484887835,1.19,-2.87672919512e-05
7.31253314018,-24.75,0.345734119415,89.45,-0.00066154380329,1.27,-2.14103911276e-05
7.34364509583,-23.6,0.328550994396,89.45,-0.000622584193479,1.19,-1.19371452456e-05
7.37448620796,-22.55,0.312477976084,89.45,-0.000581747619435,1.19,-4.3049294618e-07
7.40549516678,-21.32,0.295333743095,89.45,-0.000539030996151,1.19,1.30745465867e-05
7.48424315453,-18.42,0.251782745123,89.45,-0.000417928153183,1.27,5.79430779908e-05
7.5155210495,-17.36,0.235821083188,89.45,-0.000911691517103,1.19,7.78519679443e-05
7.54863810539,-16.22,0.219570219517,89.54,-0.000321390631143,1.19,0.000106813218736
7.57953500748,-15.08,0.204694285989,89.45,-0.000271652475931,1.19,0.000130319094751
7.61041522026,-13.93,0.18901732564,89.45,-0.000220953908865,1.27,0.000155117770191
7.6414411068,-12.88,0.169489324093,89.45,-0.000152421940584,1.19,0.000181201859959
7.67283415794,-11.91,0.15528678894,89.45,-0.000100768898847,1.19,0.00020848850545
7.70438408852,-10.77,0.141596436501,89.54,-4.84512129333e-05,1.19,0.000236990934354
7.73552417755,-9.8,0.12786847353,89.45,3.86976171285e-06,1.19,0.000266436662059
7.76657605171,-8.84,0.115225635469,89.45,5.62255445402e-05,1.19,0.000296835642075
7.79772019386,-7.87,0.103126890957,89.45,0.000108648790047,1.19,0.000328210269799
7.82864499092,-6.9,0.0916924402118,89.45,0.000160648778547,1.19,0.000360269041266
7.85946822166,-6.02,0.0809207782149,89.45,0.000212258833926,1.19,0.000404094345868
7.89044308662,-5.05,0.0708192810416,89.54,0.000263506197371,1.19,0.000437779235654
7.9213540554,-4.26,0.0609533041716,89.45,0.000330535403918,1.19,0.000471862789709
7.95235514641,-3.56,-0.0473496876657,89.45,0.00152611313388,1.1,0.0518748760223
7.98440504074,-2.86,0.0320489741862,89.54,0.000436049915152,1.1,-0.00336855649948
8.0163860321,-2.33,0.0264944806695,89.54,0.000430324987974,1.1,-0.00283770915121
8.04745006561,-1.89,0.0220557469875,89.54,0.00042586174095,1.1,-0.00284812692553
8.0784881115,-1.45,0.0176209509373,89.45,0.000422564684413,1.1,-0.00285840034485
8.10937714577,-1.1,0.0136905154213,89.45,0.000420369207859,1.1,-0.0023303674534
8.14057803154,-0.92,0.0102616595104,89.54,0.000419176067226,1.1,-0.00288187945262
8.17156815529,-0.75,0.00729164015502,89.54,0.000418996758526,1.1,-0.00289191585034
8.20242500305,-0.66,0.00452969875187,89.54,0.000419809308369,1.01,-0.00290195504203
8.23346304893,-0.48,0.00251944968477,89.54,0.000421336240834,0.92,-0.003453576006
8.26434803009,-0.4,0.000871845986694,89.54,0.000423491204856,0.75,-0.00292233657092
8.29556202888,-0.4,-0.00044580118265,89.54,0.000426197657362,0.4,-0.00293281208724
8.32661318779,-0.31,-0.000912146642804,89.45,0.000429351028288,-0.04,-0.00348498183303
8.35738015175,-0.31,-0.0016439286992,89.54,0.00043287317385,-0.48,-0.00295443902723
8.38830208778,-0.31,-0.00212849024683,89.54,0.00043669086881,-1.01,-0.00296576111577
8.41951107979,-0.31,-0.0018537081778,89.45,0.000440692092525,-1.63,-0.00298141711392
8.45035219193,-0.31,-0.00192973588128,89.45,0.00044480280485,-2.15,-0.0029936528299
8.48232316971,-0.31,-0.00178553164005,89.54,0.000450318562798,-2.77,-0.00300643616356
8.56348204613,-0.31,-0.00037283077836,89.45,0.000460626091808,-4.44,-0.00304320151918
8.59547519684,-0.31,0.000609116919804,89.54,0.000463998876512,-5.23,-0.00305822491646
8.62638616562,-0.31,0.000522993505001,89.54,0.000466950819828,-6.11,-0.00307393306866
8.65739107132,-0.31,0.000965818762779,89.45,0.000469407415949,-6.99,-0.00309038138948
8.68944406509,-0.31,0.0013685002923,89.45,0.000471287610708,-8.04,-0.00364922755398
8.72043800354,-0.31,0.00224097282626,89.54,0.000472492189147,-9.1,-0.00313215074129
8.75143313408,-0.31,0.00247282721102,89.54,0.000472909654491,-10.33,-0.0031515720766
8.78381204605,-0.31,0.00257783569396,89.54,0.000472215382615,-11.38,-0.00317202671431
8.8154489994,-0.31,0.00300717004575,89.54,0.000470565690193,-12.53,-0.00319342757575
8.8466629982,-0.31,0.00269966199994,89.54,0.000467873323942,-13.76,-0.0032159537077
8.8774561882,-0.31,0.00216803327203,89.54,0.00046403738088,-15.16,-0.0032396716997
8.90946912766,-0.31,0.00138029886875,89.54,0.000458996655652,-16.48,-0.00380596937612
8.94039416313,-0.31,0.000312883988954,89.54,0.000452653970569,-17.89,-0.00329949101433
8.97133898735,-0.22,0.000318418635288,89.54,0.000464587385068,-19.47,-6.88960540174e-07
9.00333213806,-0.22,0.000304942019284,89.54,0.000465177814476,-21.23,-6.9506569389e-07
9.03447198868,-0.31,0.000294818572002,89.54,0.00046562764328,-22.81,-6.99893234923e-07
9.06527519226,-0.31,0.000284662470222,89.54,0.000466083991341,-24.13,-7.0350660053e-07
9.09656906128,-0.22,0.000274441932561,89.54,0.000466548226541,-25.36,-7.05953141278e-07
9.12754607201,-0.22,0.00026422724477,89.54,0.000467016885523,-26.51,-7.07257697741e-07
9.15863609314,-0.31,0.000253986829193,89.45,0.000467491190648,-27.82,-7.07307606262e-07
9.19131708145,-0.22,0.000243688686169,89.54,0.000468133570394,-29.14,-7.0612543368e-07
9.22336411476,-0.31,0.000229970944929,89.54,0.000468619982712,-30.29,-7.03950831848e-07
9.2543451786,-0.22,0.000219661291339,89.54,0.000469111109851,-31.43,-7.00822567978e-07
9.2863202095,-0.22,0.000209301448194,89.54,0.000469608203275,-32.57,-6.96766846886e-07
9.31748509407,-0.22,0.000198962588911,89.54,0.000470107741421,-33.8,-6.91851766987e-07
9.34843206406,-0.22,0.000188612597412,89.45,0.000470611063065,-34.95,-6.861065458e-07
9.37946915627,-0.22,0.000178253787453,89.54,0.000471119536087,-36.18,-6.77225784784e-07
9.41129112244,-0.22,0.000167853941093,89.54,0.000471629522508,-37.32,-6.6967697876e-07
9.44238209724,-0.22,0.00015748446458,89.45,0.000472313869977,-38.55,-6.61458898321e-07
9.47652101517,-0.22,0.000143655954162,89.45,0.000472831743537,-39.69,-6.52588823868e-07
9.50751209259,-0.31,0.000133251145598,89.54,0.000473350111861,-40.92,-6.43075225071e-07
9.53832101822,-0.22,0.000122884404846,89.45,0.00047387034283,-42.15,-6.33022636976e-07
9.6241941452,-0.22,9.17939905776e-05,89.54,0.000475440872833,-45.32,-5.9981874756e-07
9.65737509727,-0.22,8.14644881757e-05,89.45,0.000475965527585,-46.46,-5.87897034166e-07
9.68836021423,-0.22,7.11157044861e-05,89.54,0.000476492306916,-47.69,-5.75569913508e-07
9.71939516068,-0.22,6.08187510807e-05,89.54,0.000477017398225,-48.92,-5.62960281059e-07
9.75031709671,-0.22,5.05414718646e-05,89.45,0.000477542198496,-50.07,-5.50068875782e-07
9.78143310547,-0.22,4.02862060582e-05,89.54,0.000478068250231,-51.21,-5.32468789061e-07
9.8133699894,-0.22,3.00212104776e-05,89.54,0.000478765927255,-52.44,-5.19079264905e-07
9.84431815147,-0.13,1.64219127328e-05,89.54,0.000479287817143,-53.58,-5.05545131091e-07
9.87525415421,-0.13,6.25679422228e-06,89.54,0.000479809794342,-54.9,-4.91907485412e-07
9.90939807892,-0.13,-3.9100068534e-06,89.54,0.000480328220874,-56.13,-4.78161666706e-07
9.94029402733,-0.13,-1.40086485771e-05,89.54,0.00048084455193,-57.27,-4.64440233827e-07
9.97134900093,-0.04,-4.5586763008e-05,89.54,0.00048085700837,-58.68,-0.00216942885891
10.0024909973,0.04,-3.73947077605e-05,89.54,0.000482108007418,-60.44,-0.00215613818727
10.0335700512,0.13,-3.63721919712e-05,89.45,0.000483500945847,-62.02,-0.00160622503608
10.0643191338,0.13,-4.5176333515e-05,89.54,0.000484358693939,-63.52,-0.00106090051122
10.0953841209,0.13,-5.87668910157e-05,89.45,0.000485070922878,-64.84,-0.00051973835798
10.1264870167,0.13,-7.76691013016e-05,89.45,0.000485644530272,-66.07,-0.00106546364259
10.1583499908,0.13,-0.000101384342997,89.54,0.000486093398649,-67.38,-0.000531670928467
10.1903810501,0.13,-0.000129478226881,89.54,0.00048643007176,-68.79,-1.06641527964e-06
10.2212409973,0.13,-0.000161228410434,89.54,0.000486663688207,-70.02,-1.98377529159e-05
10.252256155,0.13,-0.000196187116671,89.54,0.000486806937261,-71.16,0.00050481618382
10.2834792137,0.13,-0.000233820144786,89.54,0.000486877281219,-72.31,0.000485926517285
10.3146560192,0.13,-0.000287371512968,89.45,0.000486854172777,-73.54,0.0010069628479
10.347438097,0.13,-0.00032917081262,89.54,0.000486778910272,-74.86,0.000985221355222
10.378319025,0.13,-0.000371861911844,89.45,0.0004866628733,-76.0,0.00150404497981
10.4092931747,0.13,-0.000415054062614,89.54,0.000486517063109,-77.05,0.00202220841311
10.4413630962,0.13,-0.000457924528746,89.54,0.000486353936139,-78.2,0.00199090014212
10.4733982086,0.13,-0.000500082038343,89.54,0.000486127915792,-79.25,0.00196757051162
10.5053091049,0.13,-0.00055439164862,89.54,0.000485967728309,-80.31,0.00248640077189
10.5363991261,0.13,-0.00059280131245,89.54,0.000485827942612,-81.36,0.00300614442676
10.5673661232,0.13,-0.000628715381026,89.54,0.000485719967401,-82.42,0.00298569654115
10.6004140377,0.13,-0.000661703990772,89.45,0.000485655036755,-83.21,0.00296683306806
10.6798710823,0.13,-0.000730484374799,89.45,0.000485781318275,-85.14,0.00346882385202
10.7115101814,0.13,-0.000747720710933,89.54,0.000485974072944,-85.76,0.00400046864524
10.742385149,0.13,-0.000759365037084,89.54,0.000486262928462,-86.37,0.00453399959952
10.7733790874,0.13,-0.000764948665164,89.54,0.000486659992021,-86.99,0.00507386075333
10.8043429852,0.13,-0.000763922696933,89.54,0.000487379380502,-87.43,0.00453482288867
10.8352971077,0.13,-0.000751359621063,89.54,0.000488073652377,-87.87,0.00508319493383
10.8663702011,0.13,-0.000732856569812,89.54,0.000488914200105,-88.22,0.00509485788643
10.8973941803,0.13,-0.000705871731043,89.45,0.000489916012157,-88.4,0.00565321184695
10.9282610416,0.13,-0.000670049106702,89.45,0.000491084065288,-88.48,0.00567550770938
10.9593651295,0.13,-0.000742295174859,89.45,0.000491129874717,-88.48,-0.00839282106608
10.9901990891,0.13,-0.000755194865633,89.54,0.000489892612677,-88.48,0.00566831510514
11.0213720798,0.13,-0.000762245908845,89.54,0.000488858495373,-88.48,0.00565569614992
11.0523731709,0.13,-0.000763870950323,89.54,0.000488015299197,-88.48,0.0056462357752
11.0832381248,0.13,-0.000760473543778,89.45,0.000487349083414,-88.48,0.00564422411844
11.1173071861,0.13,-0.000748897611629,89.54,0.000486721430207,-88.48,0.00510470336303
11.1492781639,0.13,-0.000735476030968,89.45,0.000486427976284,-88.22,0.0045688082464
11.1814701557,0.13,-0.000718399067409,89.54,0.00048627279466,-87.78,0.0040398510173
11.2133481503,0.22,-0.000698204152286,89.54,0.000486244738568,-87.16,0.00405255891383
11.2443101406,0.13,-0.000670382403769,89.54,0.000486360862851,-86.55,0.00406560488045
11.2763721943,0.13,-0.000644614628982,89.54,0.00048656918807,-85.85,0.00354122277349
11.3083410263,0.13,-0.00061711401213,89.54,0.000486864621053,-85.05,0.00302526727319
11.3392941952,0.13,-0.000588221126236,89.45,0.000487235665787,-84.18,0.00304605439305
11.3703181744,0.13,-0.000558358384296,89.45,0.000487828569021,-83.21,0.00252636615187
11.4013941288,0.13,-0.000517661799677,89.45,0.00048832903849,-82.24,0.00254892674275
11.4324851036,0.22,-0.000487181037897,89.54,0.000488864723593,-81.19,0.00203024642542
11.4633271694,0.13,-0.000457140733488,89.45,0.000489425437991,-80.04,0.00205304753035
11.4942910671,0.13,-0.000427868508268,89.54,0.000489995349199,-78.9,0.00153406523168
11.5252292156,0.22,-0.000399982440285,89.54,0.000490564154461,-77.85,0.0015557971783
11.556374073,0.13,-0.00037380628055,89.54,0.000491119804792,-76.7,0.00157647719607
11.5881822109,0.13,-0.000349686888512,89.54,0.000491651822813,-75.56,0.00106038013473
11.6203691959,0.13,-0.000328208028805,89.45,0.000492298509926,-74.24,0.00107723509427
11.6522672176,0.22,-0.000304277229588,89.45,0.000492722610943,-73.01,0.00109192845412
11.733259201,0.13,-0.000276297447272,89.54,0.000493500556331,-69.93,3.46791930497e-05
11.7642831802,0.22,-0.00027395831421,89.54,0.000493624538649,-68.7,-0.000503191608004
11.7963871956,0.13,-0.000276731676422,89.45,0.000493638508487,-67.3,-0.000503388815559
11.8273530006,0.13,-0.000285022775643,89.54,0.000493464583997,-65.8,-0.0010516907787
11.8681020737,0.13,-0.000305392080918,89.54,0.000493044906761,-64.4,-0.00160821073223
11.9075541496,0.13,-0.000337419332936,89.54,0.000492549675982,-63.25,-0.00162542937323
11.9392549992,0.13,-0.000369584187865,89.54,0.000491889310069,-62.11,-0.0021983247716
11.9761002064,0.13,-0.000336320168572,89.54,0.000492116727401,-60.53,-5.81134656841e-07
12.0072071552,0.13,-0.000336490717018,89.45,0.000492382794619,-58.77,-5.80817129503e-07
12.0382390022,0.22,-0.000336689670803,89.54,0.000492627907079,-57.19,-5.81833546676e-07
12.0691730976,0.22,-0.000336915662047,89.54,0.000492854102049,-55.69,-5.8509107248e-07
12.1003181934,0.13,-0.000337256700732,89.54,0.000493128492963,-54.11,-5.88849957239e-07
12.1389071941,0.22,-0.000337538658641,89.54,0.0004933726741,-52.62,-5.95398546466e-07
12.1758739948,0.13,-0.000337946781656,89.45,0.000493537692819,-51.3,-6.01348119744e-07
12.2093150616,0.13,-0.000338275742251,89.54,0.00049368897453,-50.15,-6.10505367149e-07
12.2403202057,0.13,-0.000338620273396,89.54,0.000493826402817,-49.01,-6.18132048658e-07
12.2712562084,0.22,-0.000338979589287,89.54,0.000493990432005,-47.78,-6.26315056707e-07
12.3022470474,0.13,-0.00033947970951,89.54,0.000494100910146,-46.46,-6.34987372905e-07
12.3334550858,0.13,-0.000339866353897,89.54,0.000494201027323,-45.32,-6.43994383154e-07
12.3642001152,0.13,-0.000340261642123,89.54,0.000494292064104,-44.18,-6.5326753429e-07
12.395275116,0.22,-0.00034066507942,89.54,0.000494375359267,-43.12,-6.62741854285e-07
12.4262781143,0.13,-0.000341072154697,89.54,0.000494451262057,-41.63,-6.75428623254e-07
12.4659020901,0.13,-0.000341619481333,89.54,0.000494543288369,-40.22,-6.88015234118e-07
12.5013020039,0.13,-0.000342169398209,89.54,0.0004946271074,-38.9,-6.97281961948e-07
12.5331761837,0.13,-0.000342578947311,89.54,0.000494685722515,-37.85,-7.06235198322e-07
12.5644381046,0.13,-0.000342984916642,89.54,0.000494741892908,-36.7,-7.14809630153e-07
12.5954251289,0.13,-0.000343386724126,89.54,0.00049479684094,-35.47,-7.22934487385e-07
12.6263971329,0.13,-0.000343779887771,89.54,0.000494851206895,-34.33,-7.30458964426e-07
12.6571421623,0.04,-0.000344163941918,89.54,0.000494906213135,-33.01,-7.37314280741e-07
12.6882781982,0.04,-0.000344538275385,89.54,0.000494962616358,-31.96,-7.43403802517e-07
12.719381094,-0.04,-0.000344898522599,89.45,0.000495021929964,-30.81,-7.48646527882e-07
12.8025660515,-0.13,-0.000345885084243,89.54,0.000495224725455,-27.56,-7.58179112381e-07
12.8342370987,-0.22,-0.000346175656887,89.54,0.000495304062497,-26.33,-7.589804909e-07
12.865363121,-0.22,-0.000346444256138,89.45,0.000495390850119,-25.1,-7.58435589887e-07
12.8983201981,-0.22,-0.000346689805156,89.54,0.000495486543514,-24.04,-7.56438168992e-07
12.9302501678,-0.22,-0.00034690881148,89.54,0.000495591433719,-22.9,-7.51368190777e-07
12.9611852169,-0.22,0.000194394902792,89.54,0.00049570685951,-21.67,0.0541151352227
12.9921350479,-0.31,0.00154707883485,89.54,0.000511206744704,-19.91,-0.00379367987625
13.0233640671,-0.22,0.001909048995,89.54,0.000498121487908,-17.98,-0.00322167435661
13.054074049,-0.22,0.00142265693285,89.54,0.000488159217639,-16.31,-0.00373328803107
13.086299181,-0.22,0.00133269082289,89.54,0.000481084862258,-14.81,-0.00316266762093
13.1183371544,-0.31,0.00113241304643,89.54,0.000476652989164,-13.32,-0.00312491483055
13.1511061192,-0.22,0.000317319238093,89.54,0.000474657455925,-12.18,-0.0036391322501
13.1822440624,-0.22,5.46046067029e-06,89.54,0.000475350883789,-11.12,-0.00307121453807
13.2151670456,-0.22,-0.000409371219575,89.54,0.000478093948914,-9.89,-0.00357888266444
13.2527341843,-0.22,-0.000743426266126,89.54,0.000484243413666,-8.66,-0.00301325344481
13.2907211781,-0.22,-0.00143244164065,89.54,0.000490426027682,-7.69,-0.00298259453848
13.3221991062,-0.22,-0.00145195703954,89.54,0.000500343623571,-6.81,-0.00296095386147
13.3536000252,-0.22,-0.00121709983796,89.45,0.000508695025928,-6.02,-0.00348196690902
13.3851470947,-0.22,-0.000799497589469,89.54,0.000517582520843,-5.32,-0.00346268876456
13.4162650108,-0.22,-0.000674249895383,89.54,0.000526802032255,-4.62,-0.00343883153982
13.4537410736,-0.22,0.000657431781292,89.54,0.000539115688298,-3.82,-0.00287599884905
13.4912412167,-0.22,0.00149459193926,89.54,0.000548092357349,-3.38,-0.00286152889021
13.5231630802,-0.22,0.00324484705925,89.54,0.000559296109714,-2.86,-0.0028485218063
13.5541040897,-0.22,0.00620126351714,89.45,0.000566777656786,-2.42,-0.00283700809814
13.5851960182,-0.22,0.00839541293681,89.54,0.000573247205466,-1.89,-0.00336849200539
13.616189003,-0.22,0.0116264307871,89.54,0.000578425941058,-1.54,-0.00336009543389
13.6483612061,-0.22,0.0153670292348,89.45,0.00058210210409,-1.19,-0.00335332844406
13.6802520752,-0.22,0.0191211830825,89.54,0.000584040943068,-0.92,-0.00334692187607
13.7123792171,-0.22,0.0257915984839,89.54,0.000583511427976,-0.75,-0.00334414001554
13.7508339882,-0.31,0.031522847712,89.54,0.000578913721256,-0.66,-0.00280203856528
13.7957680225,-0.48,0.0420722104609,89.45,0.000569665338844,-0.66,-0.00280416733585
13.8884711266,-1.1,0.0672416985035,89.54,0.000529107637703,-0.66,-0.00336376717314
13.9212641716,-1.36,0.0767570585012,89.54,0.000508590135723,-0.57,-0.00337775237858
13.9522390366,-1.71,0.0876573771238,89.54,0.00048428052105,-0.66,-0.00284921075217
13.9831252098,-1.98,0.123429976404,89.45,0.000393396359868,-0.66,0.000392886839109
14.0143630505,-2.77,0.14066439867,89.54,0.000344982574461,-0.57,0.000321219180478
14.0500900745,-4.09,0.154639199376,89.54,0.000300070765661,-0.57,-0.000283765577478
14.0811591148,-5.23,0.168498829007,89.54,0.000258496642346,-0.57,0.000184690492461
14.1121490002,-6.55,0.182800933719,89.45,0.000219972906052,-0.57,0.000137939845445
14.1435310841,-7.6,0.202365770936,89.54,0.000173436666955,-0.66,9.7899363027e-05
14.1760571003,-8.57,0.217416316271,89.54,0.00014180978178,-0.57,6.39878635411e-05
14.2071120739,-9.27,0.233347386122,89.54,0.000112715133582,-0.57,3.57059616363e-05
14.2388401031,-10.24,0.24894168973,89.54,8.61812150106e-05,-0.57,6.30523936707e-06
14.2801680565,-11.3,0.270075976849,89.54,4.69052138214e-05,-0.66,-1.4700635802e-05
14.3186190128,-12.44,0.291043877602,89.54,2.61335735559e-05,-0.57,-2.54637634498e-05
14.3511350155,-13.49,0.307842463255,89.54,7.21837204765e-06,-0.57,-3.40097467415e-05
14.3820331097,-14.55,0.32420539856,89.54,-1.00047982414e-05,-0.57,-3.66067833966e-05
14.4131259918,-15.43,0.34618678689,89.54,-3.06694128085e-05,-0.57,-3.63808212569e-05
14.4519441128,-16.66,0.362672179937,89.54,-4.89540689159e-05,-0.57,-3.24261782225e-05
14.4865100384,-17.63,0.385187059641,89.54,-6.14157761447e-05,-0.57,-2.72573088296e-05
14.5211191177,-18.68,0.401674985886,89.54,-7.29105522623e-05,-0.57,-1.81914656423e-05
14.5535140038,-19.65,0.423462182283,89.54,-8.70840012794e-05,-0.57,-1.03339552879e-05
14.586014986,-20.79,0.439126998186,89.54,-9.70949768089e-05,-0.57,-2.01724469662e-06
14.6170511246,-21.76,0.455777496099,89.54,-0.000106696650619,-0.57,6.37170160189e-06
14.6493182182,-22.73,0.471650063992,89.45,-0.000116087438073,-0.57,1.43612851389e-05
14.6813020706,-23.69,0.487307906151,89.54,-0.000125431717606,-0.57,2.15655309148e-05
14.7121751308,-24.57,0.503311514854,89.54,-0.000134925707243,-0.57,2.92484182864e-05
14.7431750298,-25.54,0.523419320583,89.54,-0.000148011051351,-0.57,0.000574496516492
14.7817652225,-26.86,0.537587583065,89.54,-0.000162025273312,-0.57,3.42273851857e-05
14.8240070343,-28.18,0.557233572006,89.54,-0.00017728889361,-0.57,3.1266361475e-05
14.855271101,-29.14,0.57612657547,89.45,-0.000189813086763,-0.57,0.000566525268368
14.9386820793,-31.6,0.610452651978,89.54,-0.000229116471019,-0.57,-1.08280219138e-05
14.9700450897,-32.48,0.639140069485,89.45,-0.000237095315242,-0.57,-0.00428081303835
15.0011091232,-33.89,0.660338580608,89.54,-0.000247958785621,-0.57,2.64318223344e-05
15.0321781635,-35.3,0.671300411224,89.45,-0.000257852574578,-0.57,1.65077335623e-06
15.0632181168,-36.79,0.68336892128,89.45,-0.000266839721007,-0.57,-1.13861588034e-05
15.0940620899,-38.11,0.694891035557,89.54,-0.00027754632174,-0.57,-2.01887978619e-05
15.1250760555,-39.16,0.710235774517,89.54,-0.000284661044134,-0.57,-2.51491674135e-05
15.1560490131,-40.31,0.721636474133,89.54,-0.000291079719318,-0.57,-2.67526829703e-05
15.187005043,-41.27,0.732938170433,89.54,-0.000296865444398,-0.57,-2.54485548794e-05
15.2180571556,-42.24,0.744149267673,89.54,-0.000302097847452,-0.57,-2.16699991142e-05
15.2490890026,-43.21,0.755167126656,89.54,-0.000306805421133,-0.57,-1.58925504365e-05
15.2812001705,-44.18,0.765459239483,89.54,-0.000311069568852,-0.57,-8.55690450408e-06
15.3121891022,-45.14,0.776657044888,89.54,-0.000314965815051,-0.57,2.90157913696e-06
15.3441541195,-46.2,0.787036776543,89.54,-0.00031853155815,-0.57,1.21268676594e-05
15.3750600815,-47.34,0.799911379814,89.54,-0.000322901789332,-0.57,2.14113388211e-05
15.4061322212,-48.4,0.810192525387,89.54,-0.000325983361108,-0.57,3.03341803374e-05
15.437027216,-49.45,0.819563984871,89.54,-0.00032894796459,-0.57,3.8385624066e-05
15.4681620598,-50.42,0.828030526638,89.54,-0.000331869261572,-0.48,4.51467058156e-05
15.5010662079,-51.47,0.837216258049,89.54,-0.000334820244461,-0.57,5.01817557961e-05
15.5321230888,-52.53,0.845410883427,89.54,-0.000337844598107,-0.48,5.30066899955e-05
15.5631291866,-53.67,0.853157162666,89.54,-0.000341015198501,-0.57,5.25895738974e-05
15.5941560268,-54.73,0.860426604748,89.54,-0.000344395142747,-0.48,4.85372147523e-05
15.6250100136,-55.78,0.869891226292,89.54,-0.000349349458702,-0.57,4.08033956774e-05
15.6601061821,-57.01,0.875394880772,89.54,-0.000353464507498,-0.57,2.89308372885e-05
15.6911520958,-58.07,0.880868732929,89.45,-0.000357999408152,-0.48,1.24705256894e-05
15.7220950127,-59.12,0.886299967766,89.54,-0.000363034952898,-0.48,-1.74769666046e-05
15.7549421787,-60.26,0.890003025532,89.54,-0.000370588502847,-0.48,-0.000587904534768
15.7860510349,-61.23,0.89464700222,89.54,-0.000377003452741,-0.48,-8.15560342744e-05
15.818073988,-62.29,0.897855877876,89.54,-0.000384091923479,-0.48,-0.000123134464957
15.8491101265,-63.43,0.899259269238,89.54,-0.000391937355744,-0.48,-0.00017170002684
15.8811740875,-64.57,0.900453746319,89.45,-0.000400602672016,-0.48,-0.000227701617405
15.9129331112,-65.71,0.900869488716,89.45,-0.000410184526118,-0.48,-0.000314951175824
15.9960651398,-67.82,0.336716175079,89.27,0.163331374526,-0.66,0.0216323658824
16.027130127,-67.65,0.152678757906,89.36,0.152423530817,-0.48,0.0
16.0579731464,-67.3,-0.209031999111,89.45,0.010907846503,-0.48,0.0
16.0889492035,-67.03,-0.282964974642,89.27,0.0327235348523,-0.48,0.0
16.1200501919,-66.77,-0.301769852638,89.19,0.174239218235,-0.48,0.0
16.1520180702,-66.59,-0.297028064728,89.19,0.174239218235,-0.48,0.0
16.1832311153,-66.59,-0.262601941824,89.19,0.0436313860118,-0.48,0.0
16.2142291069,-66.51,-0.142993614078,89.19,0.0436313860118,-0.48,0.0
16.2449769974,-66.59,-0.131994098425,89.19,0.0545392297208,-0.48,0.0
16.2780292034,-66.59,-0.131994098425,89.19,0.0436313860118,-0.48,0.0
16.3100171089,-66.51,-0.142993614078,89.19,0.0436313860118,-0.48,0.0
16.3409900665,-66.51,-0.142993614078,89.19,0.0545392297208,-0.48,0.0
16.3795571327,-66.51,-0.142993614078,89.19,0.0436313860118,-0.48,0.0
16.4192950726,-66.59,-0.142993614078,89.1,0.0545392297208,-0.48,0.0
16.4510071278,-66.59,-0.131994098425,89.19,0.0436313860118,-0.48,0.0
16.4844100475,-66.51,-0.142993614078,89.19,0.0436313860118,-0.48,0.0
16.5168762207,-66.51,-0.142993614078,89.19,0.0436313860118,-0.48,0.0
16.5500581264,-66.59,-0.142993614078,89.1,0.0545392297208,-0.48,0.0
16.5949790478,-66.51,-0.142993614078,89.19,0.0545392297208,-0.48,0.0
16.6281821728,-66.51,-0.131994098425,89.19,0.0436313860118,-0.48,0.0
16.6589820385,-66.59,-0.142993614078,89.19,0.0436313860118,-0.48,0.0
16.691920042,-66.51,-0.142993614078,89.19,0.0436313860118,-0.48,0.0
16.7229511738,-66.59,-0.131994098425,89.19,0.0436313860118,-0.48,0.0
16.7538940907,-66.59,-0.131994098425,89.19,0.0436313860118,-0.48,0.0
16.7852580547,-66.51,-0.142993614078,89.19,0.0436313860118,-0.48,0.0
16.8179850578,-66.59,-0.131994098425,89.1,0.0545392297208,-0.48,0.0
16.8499281406,-66.51,-0.142993614078,89.19,0.0436313860118,-0.48,0.0
16.8820421696,-66.51,-0.142993614078,89.19,0.0436313860118,-0.48,0.0
16.913118124,-66.51,-0.142993614078,89.19,0.0436313860118,-0.48,0.0
16.9444720745,-66.51,-0.142993614078,89.19,0.0436313860118,-0.48,0.0
16.9769949913,-66.59,-0.131994098425,89.19,0.0436313860118,-0.48,0.0
17.0593349934,-66.51,-0.131994098425,89.19,0.0436313860118,-0.48,0.0
17.0909910202,-66.51,-0.142993614078,89.19,0.0545392297208,-0.48,0.0
17.1401641369,-66.51,-0.131994098425,89.19,0.0436313860118,-0.48,0.0
17.1721010208,-66.51,-0.142993614078,89.19,0.0436313860118,-0.48,0.0
17.2029352188,-66.59,-0.131994098425,89.19,0.0436313860118,-0.48,0.0
17.2340011597,-66.51,-0.142993614078,89.19,0.0436313860118,-0.48,0.0
17.2651011944,-66.51,-0.142993614078,89.19,0.0436313860118,-0.48,0.0
17.2960290909,-66.59,-0.142993614078,89.19,0.0436313860118,-0.48,0.0
17.3371469975,-66.51,-0.142993614078,89.19,0.0436313860118,-0.48,0.0
17.3681089878,-66.51,-0.142993614078,89.19,0.0436313860118,-0.48,0.0
17.3992791176,-66.51,-0.142993614078,89.19,0.0436313860118,-0.48,0.0
17.4342041016,-66.51,-0.142993614078,89.1,0.0436313860118,-0.48,0.0
17.4690051079,-66.51,-0.131994098425,89.19,0.0436313860118,-0.48,0.0
17.5009601116,-66.59,-0.142993614078,89.19,0.0436313860118,-0.48,0.0
17.5319681168,-66.51,-0.131994098425,89.19,0.0436313860118,-0.48,0.0
17.5630881786,-66.51,-0.142993614078,89.19,0.0436313860118,-0.48,0.0
17.5939400196,-66.51,-0.142993614078,89.19,0.0436313860118,-0.48,0.0
17.6250281334,-66.51,-0.142993614078,89.1,0.0545392297208,-0.48,0.0
17.6559460163,-66.51,-0.142993614078,89.1,0.0545392297208,-0.48,0.0
17.6869220734,-66.51,-0.142993614078,89.19,0.0436313860118,-0.48,0.0
17.7189121246,-66.51,-0.142993614078,89.19,0.0436313860118,-0.48,0.0
17.7508611679,-66.51,-0.142993614078,89.19,0.0436313860118,-0.48,0.0
17.7830960751,-66.51,-0.142993614078,89.1,0.0545392297208,-0.48,0.0
17.8161001205,-66.51,-0.142993614078,89.19,0.0436313860118,-0.48,0.0
17.8480319977,-66.51,-0.142993614078,89.19,0.0436313860118,-0.48,0.0
17.8791151047,-66.51,-0.142993614078,89.19,0.0436313860118,-0.48,0.0
17.9119851589,-66.51,-0.142993614078,89.19,0.0436313860118,-0.48,0.0
17.9431130886,-66.59,-0.131994098425,89.19,0.0436313860118,-0.48,0.0
17.9739379883,-66.59,-0.131994098425,89.1,0.0545392297208,-0.48,0.0
18.0049300194,-66.51,-0.142993614078,89.19,0.0436313860118,-0.48,0.0
18.0359480381,-66.51,-0.142993614078,89.19,0.0436313860118,-0.48,0.0
