0.07,-11.81,-13,2.94,0.5,-0.914259,0.0984055,0.0984055,0
0.12,-11.88,-13,2.88,0.56,-0.922211,0.0958664,0.0958664,-2.00464E-05
0.17,-11.81,-13.06,2.88,0.5,-0.897056,0.100143,0.100143,3.26483E-05
0.22,-11.81,-12.88,2.81,0.5,-0.921364,0.0944227,0.0944227,7.47627E-06
0.27,-11.75,-12.88,2.81,0.44,-0.908725,0.101224,0.101224,-2.53668E-05
0.32,-11.69,-12.81,2.88,0.44,-0.91567,0.101799,0.101799,0.000157138
0.37,-11.62,-12.62,2.81,0.38,-0.910613,0.0862703,0.0862703,-0.000110845
0.42,-11.56,-12.56,2.81,0.38,-0.918369,0.10027,0.10027,0.000108654
0.47,-11.56,-12.62,2.81,0.38,-0.923887,0.0970456,0.0970456,-0.000158736
0.52,-11.56,-12.56,2.88,0.31,-0.916204,0.099949,0.099949,-0.00015793
0.62,-11.5,-12.5,2.94,0.25,-0.912942,0.0931215,0.0931215,8.37245E-05
0.67,-11.5,-12.5,2.88,0.25,-0.917776,0.0894258,0.0894258,-1.80576E-06
0.72,-11.5,-12.5,2.88,0.25,-0.916567,0.0988599,0.0988599,-8.93858E-12
0.77,-11.5,-12.5,2.75,0.25,-0.912965,0.086394,0.086394,3.9292E-09
0.82,-11.44,-12.44,2.69,0.25,-0.908723,0.0982671,0.0982671,0.000151133
0.92,-11.44,-12.44,2.69,0.25,-0.920519,0.0973402,0.0973402,-7.56961E-05
1.01,-11.44,-12.44,2.69,0.25,-0.915744,0.0947549,0.0947549,0
1.08,-11.44,-12.5,2.69,0.25,-0.915862,0.0952237,0.0952237,-3.48926E-06
1.12,-11.44,-12.5,2.56,0.31,-0.911449,0.0818782,0.0818782,0.000237396
1.17,-11.5,-12.5,2.56,0.38,-0.926957,0.107425,0.107425,-0.000156885
1.22,-11.44,-12.5,2.56,0.38,-0.899703,0.0931101,0.0931101,0.000116156
1.27,-11.44,-12.5,2.56,0.31,-0.92415,0.0966137,0.0966137,-0.000317451
1.32,-11.44,-12.44,2.56,0.38,-0.915272,0.0949756,0.0949756,0.000352332
1.37,-11.44,-12.5,2.62,0.38,-0.917603,0.0993525,0.0993525,-0.000186511
1.42,-11.44,-12.5,2.69,0.31,-0.915864,0.0958904,0.0958904,-0.000166076
1.47,-11.38,-12.44,2.75,0.31,-0.907135,0.0928649,0.0928649,0.000324731
1.52,-11.44,-12.5,2.69,0.38,-0.929999,0.089547,0.089547,-0.000129526
1.57,-11.44,-12.44,2.75,0.31,-0.909715,0.101503,0.101503,-0.000187018
1.62,-11.44,-12.5,2.75,0.31,-0.914849,0.0911149,0.0911149,0.000158928
1.67,-11.44,-12.44,2.75,0.31,-0.915211,0.0946501,0.0946501,1.39853E-05
1.72,-11.38,-12.5,2.81,0.31,-0.909384,0.0979034,0.0979034,0.000129911
1.77,-11.38,-12.44,2.75,0.31,-0.921244,0.0878415,0.0878415,-0.000130841
1.82,-11.31,-12.38,2.75,0.31,-0.907787,0.096936,0.096936,0.000168686
1.87,-11.31,-12.44,2.69,0.38,-0.924817,0.0921996,0.0921996,-9.12662E-06
1.92,-11.38,-12.31,2.75,0.31,-0.927254,0.103034,0.103034,-0.000491804
1.97,-11.38,-12.38,2.81,0.31,-0.907034,0.092778,0.092778,0.00031743
2.02,-11.5,-12.25,2.88,0.38,-0.930848,0.0958537,0.0958537,-9.1212E-05
2.07,-11.62,-12.38,3,0.31,-0.917417,0.0969598,0.0969598,-0.000380058
2.12,-11.81,-12.31,3.06,0.31,-0.921482,0.0901515,0.0901515,3.05831E-05
2.17,-12.06,-12.38,3.19,0.38,-0.923254,0.0987718,0.0987718,8.91507E-06
2.22,-12.31,-12.44,3.38,0.5,-0.91321,0.0968575,0.0968575,0.000124346
2.27,-12.69,-12.56,3.56,0.62,-0.928449,0.095,0.095,-0.000323071
2.32,-13.25,-12.62,3.81,0.62,-0.934035,0.100819,0.100819,-0.000719771
2.37,-13.94,-12.62,4,0.44,-0.921861,0.0901233,0.0901233,-0.000746016
2.42,-14.94,-12.88,4.25,0.38,-0.945579,0.102305,0.102305,-0.000497584
2.47,-16.06,-13.19,4.56,0.38,-0.913319,0.0990131,0.0990131,-0.000153056
2.52,-17.19,-13.38,4.75,0.31,-0.887962,0.0843934,0.0843934,-0.000172734
2.57,-18.5,-13.44,5,0.38,-0.906919,0.0981942,0.0981942,-5.48038E-05
2.62,-19.94,-13.44,5.25,0.38,-0.891529,0.0906009,0.0906009,-0.000466394
2.67,-21.5,-13.81,5.5,0.69,-0.883287,0.0903437,0.0903437,0.000391201
2.72,-23.19,-14.25,5.75,0.81,-0.872143,0.0905812,0.0905812,-0.000797446
2.77,-24.69,-14.12,6.12,0.75,-0.814487,0.0868558,0.0868558,0.000166866
2.82,-26.31,-14.31,6.56,0.94,-0.850319,0.0874833,0.0874833,0.00024577
2.87,-27.94,-14.62,6.94,1.06,-0.818306,0.074168,0.074168,-0.000231515
2.92,-29.88,-14.94,7.38,1.38,-0.842934,0.0860572,0.0860572,-0.000239154
2.97,-31.81,-15.19,7.94,1.5,-0.783352,0.0780222,0.0780222,-0.000439645
3.02,-34,-15.81,8.38,1.56,-0.798031,0.0661666,0.0661666,-0.000892136
3.07,-36.38,-16.19,9,1.69,-0.763009,0.0787305,0.0787305,-0.000168751
3.12,-38.62,-16.38,9.31,1.75,-0.683545,0.0317589,0.0317589,0.000243459
3.17,-41.06,-16.81,9.94,2.06,-0.722498,0.0758472,0.0758472,6.35537E-05
3.22,-43.19,-16.88,10.62,2.19,-0.613178,0.0351051,0.0351051,0.000465536
3.27,-45.44,-16.94,11.12,2.44,-0.641583,0.0223496,0.0223496,4.84051E-05
3.32,-47.31,-16.62,11.75,2.38,-0.553318,0.0189506,0.0189506,0.00034514
3.37,-49.31,-16.75,12.44,2.69,-0.605791,0.0183244,0.0183244,0.000401847
3.42,-51.44,-16.62,13.44,3.19,-0.568247,0.0217567,0.0217567,0.000379287
3.47,-53.25,-16.5,14.38,3.5,-0.479895,-0.0268569,-0.0268569,0.000309717
3.52,-55,-16.19,15.56,3.56,-0.489567,-0.0149653,-0.0149653,-0.00027497
3.57,-56.5,-15.44,16.56,3.38,-0.425844,-0.0625595,-0.0625595,0.000379214
3.62,-58.06,-15.12,17.69,3.38,-0.469787,-0.0479352,-0.0479352,6.24122E-05
3.67,-59.5,-14.69,18.69,3.31,-0.405591,-0.0826328,-0.0826328,0.000258619
3.72,-60.75,-14.19,19.62,3.31,-0.379703,-0.0924434,-0.0924434,0.000727566
3.77,-62.06,-13.69,20.44,3.5,-0.392439,-0.101129,-0.101129,0.000397021
3.82,-63.12,-13.19,21.19,3.44,-0.339813,-0.115087,-0.115087,-5.23169E-06
3.87,-64.06,-12.44,21.75,3.38,-0.332687,-0.129797,-0.129797,0.000542517
3.92,-65.19,-12.12,22.31,3.62,-0.378416,-0.118887,-0.118887,-5.17559E-05
3.97,-66.25,-11.81,23,3.62,-0.32019,-0.123821,-0.123821,-0.000406368
4.02,-67.12,-11.56,23.19,3.56,-0.284114,-0.172523,-0.172523,0.000225882
4.07,-67.81,-11.38,23.44,3.5,-0.285157,-0.139114,-0.139114,0.000340761
4.12,-68.25,-11.19,23.62,3.5,-0.265434,-0.152042,-0.152042,0.000718385
4.17,-68.44,-10.56,23.31,3.25,-0.246019,-0.180094,-0.180094,0.000352867
4.22,-68.75,-9.94,23.31,3.06,-0.314388,-0.123181,-0.123181,-0.000130695
4.27,-69.19,-9.75,23.81,3.06,-0.324225,-0.115248,-0.115248,-0.000234011
4.33,-69.56,-9.38,24.06,3,-0.262551,-0.172127,-0.172127,0.000246924
4.38,-69.94,-9.06,24.31,2.94,-0.286123,-0.154004,-0.154004,-0.000163566
4.43,-70.44,-8.88,24.81,3,-0.291406,-0.144497,-0.144497,-9.91208E-05
4.48,-70.81,-8.62,25.12,3,-0.243144,-0.180983,-0.180983,0.000232649
4.53,-71.19,-8.44,25.69,2.94,-0.264871,-0.154378,-0.154378,-0.000240586
4.58,-71.5,-8.19,26.06,2.81,-0.239827,-0.190043,-0.190043,6.72585E-05
4.64,-71.94,-8.06,26.69,2.75,-0.256829,-0.172244,-0.172244,-5.79995E-05
4.68,-72.12,-7.75,27.06,2.62,-0.208722,-0.192613,-0.192613,0.000446427
4.73,-72.06,-7.5,27.38,2.31,-0.214857,-0.200665,-0.200665,0.00010463
4.78,-72.12,-7.19,27.56,2.12,-0.254376,-0.198067,-0.198067,0.000108244
4.83,-72.25,-7,28.19,1.88,-0.259145,-0.164289,-0.164289,-0.000402988
4.88,-72.25,-6.69,28.62,1.56,-0.220473,-0.213479,-0.213479,0.000233466
4.93,-72.5,-6.38,29.19,1.5,-0.267489,-0.192161,-0.192161,0.000123933
4.98,-72.56,-6,29.75,1.06,-0.213836,-0.211143,-0.211143,-0.000431774
5.03,-72.81,-5.38,30.31,0.94,-0.245975,-0.21299,-0.21299,0.000714495
5.08,-73.06,-5.06,31.19,0.94,-0.245208,-0.200095,-0.200095,-5.87533E-05
5.14,-73.19,-4.5,31.62,0.81,-0.21,-0.255666,-0.255666,0.000195384
5.18,-73.38,-4.19,32.19,0.75,-0.252682,-0.199986,-0.199986,-0.000338482
5.23,-73.56,-3.81,32.38,0.69,-0.218276,-0.26813,-0.26813,0.000153007
5.28,-73.75,-3.62,32.69,0.62,-0.234629,-0.227506,-0.227506,-0.000292252
5.33,-73.88,-3.25,32.81,0.69,-0.209047,-0.250364,-0.250364,0.000714394
5.38,-74.19,-3.12,33.06,0.62,-0.250762,-0.230112,-0.230112,-0.00103563
5.43,-74.31,-2.81,33,0.56,-0.190235,-0.261622,-0.261622,0.000658348
5.48,-74.62,-2.62,33.25,0.69,-0.242242,-0.221052,-0.221052,-7.8822E-05
5.52,-74.75,-2.38,33.25,0.69,-0.188272,-0.264741,-0.264741,0.000165285
5.57,-74.94,-2.25,33.44,0.56,-0.223573,-0.232117,-0.232117,-0.000605759
5.62,-75.06,-2.19,33.38,0.44,-0.205673,-0.261707,-0.261707,7.35005E-05
5.67,-75.25,-2,33.38,0.38,-0.211297,-0.241176,-0.241176,0.000180301
5.72,-75.5,-2,33.56,0.38,-0.2203,-0.234661,-0.234661,-0.000232442
5.77,-75.69,-2.06,33.56,0.25,-0.19805,-0.259246,-0.259246,-0.000279448
5.82,-75.94,-2,33.44,0.25,-0.199871,-0.254506,-0.254506,0.000358896
5.87,-76.12,-2,33.19,0.19,-0.191482,-0.254145,-0.254145,-8.64456E-05
5.92,-76.31,-1.94,33,0.12,-0.193312,-0.240291,-0.240291,3.29525E-05
5.97,-76.44,-1.88,32.88,0.12,-0.186525,-0.239293,-0.239293,0.000296258
6.02,-76.69,-1.88,32.88,0.19,-0.205193,-0.235709,-0.235709,-0.000156341
6.07,-76.81,-1.88,32.81,0.12,-0.173525,-0.248827,-0.248827,-7.62905E-05
6.12,-77,-1.88,32.88,0.12,-0.192676,-0.234915,-0.234915,2.8291E-05
6.17,-77.12,-1.81,32.69,0.06,-0.172393,-0.261022,-0.261022,8.87633E-05
6.22,-77.12,-1.69,32.5,0,-0.169049,-0.242683,-0.242683,0.000314797
6.27,-77.38,-1.69,32.62,0.06,-0.214418,-0.222053,-0.222053,-0.000402799
6.32,-77.44,-1.69,32.69,0.06,-0.157416,-0.247875,-0.247875,0.000267778
6.37,-77.44,-1.62,32.56,0,-0.169925,-0.256757,-0.256757,6.90625E-05
6.42,-77.44,-1.62,32.62,0,-0.183033,-0.230963,-0.230963,5.51169E-05
6.47,-77.44,-1.62,32.5,0,-0.179431,-0.254864,-0.254864,1.16814E-09
6.53,-77.38,-1.56,32.69,0.06,-0.174936,-0.228752,-0.228752,0.000245271
6.62,-77.38,-1.56,32.69,0.12,-0.184827,-0.249954,-0.249954,-0.000117642
6.68,-77.19,-1.62,32.62,0,-0.17078,-0.246927,-0.246927,-5.47488E-05
6.75,-77.19,-1.62,32.75,-0.06,-0.194335,-0.236747,-0.236747,-8.64897E-05
6.82,-77.25,-1.69,32.75,-0.06,-0.18671,-0.248554,-0.248554,-3.56483E-05
6.87,-77.31,-1.69,32.75,-0.06,-0.18097,-0.244228,-0.244228,3.11186E-05
6.92,-77.25,-1.69,32.69,-0.06,-0.168834,-0.248115,-0.248115,0.000249641
6.97,-77.25,-1.62,32.69,-0.06,-0.186233,-0.239753,-0.239753,-3.14735E-05
7.02,-77.25,-1.69,32.81,-0.12,-0.188382,-0.236597,-0.236597,-0.000335923
7.07,-77.25,-1.56,32.75,-0.12,-0.173667,-0.256432,-0.256432,0.000414636
7.12,-77.25,-1.56,32.75,-0.12,-0.188273,-0.240393,-0.240393,-0.000173508
7.17,-77.25,-1.56,32.62,-0.12,-0.182483,-0.252207,-0.252207,1.24657E-10
7.22,-77.25,-1.69,32.69,-0.19,-0.188317,-0.230452,-0.230452,-0.000346737
7.27,-77.31,-1.62,32.62,-0.06,-0.179075,-0.252709,-0.252709,0.000634693
7.32,-77.38,-1.62,33.06,0.19,-0.185144,-0.212456,-0.212456,0.000182857
7.37,-77.56,-1.44,34,0.81,-0.180953,-0.219699,-0.219699,0.000955806
7.42,-77.94,-1.12,35.12,2.25,-0.184062,-0.24933,-0.24933,0.00186349
7.47,-78.31,-0.88,36.81,3.88,-0.166816,-0.235291,-0.235291,0.000431746
7.52,-78.69,-0.56,38.5,5.06,-0.156073,-0.284961,-0.284961,-0.000936056
7.57,-79,0,39.94,6.44,-0.136159,-0.311882,-0.311882,0.00108335
7.63,-79.25,1,40.88,8.38,-0.137787,-0.339029,-0.339029,0.00105944
7.67,-79.75,1.94,42.62,11,-0.166858,-0.201102,-0.201102,0.00511817
7.72,-80.31,2.38,43.56,14.25,-0.180995,-0.402333,-0.402333,-0.00114403
7.77,-80.62,2.56,45.06,16.62,-0.132296,-0.290856,-0.290856,-0.00213437
7.82,-81.06,2.44,46.56,18.69,-0.162116,-0.337986,-0.337986,-0.00145188
7.87,-81.5,2.5,47.31,21.5,-0.122489,-0.39214,-0.39214,0.0021779
7.92,-81.88,2.56,48.06,24.69,-0.118709,-0.34631,-0.34631,0.00105929
7.97,-82.19,2.56,49.25,27.44,-0.115521,-0.323561,-0.323561,-0.0010497
8.02,-82.5,2.62,50.19,30.06,-0.113552,-0.37482,-0.37482,-0.000179886
8.07,-82.69,2.94,50.75,32.56,-0.0940435,-0.386277,-0.386277,0.000402285
8.12,-83,3.12,51.5,36.38,-0.12456,-0.353556,-0.353556,0.00282682
8.17,-83.12,3.25,52.38,40.31,-0.0970555,-0.360477,-0.360477,0.00048038
8.22,-83.38,3.38,52.69,44.69,-0.12089,-0.409995,-0.409995,0.000906098
8.27,-83.5,3.31,53.06,50.69,-0.101955,-0.368708,-0.368708,0.00381775
8.32,-83.62,3.31,53.31,58.25,-0.0988418,-0.382647,-0.382647,0.00399357
8.37,-83.56,3.19,53.25,65.31,-0.0981806,-0.393556,-0.393556,-0.00120654
8.42,-83.56,3.19,52.88,71,-0.106282,-0.39297,-0.39297,-0.00323593
8.47,-83.62,3.19,52.81,75,-0.10908,-0.353018,-0.353018,-0.00426424
8.52,-83.69,3.19,52.88,77.31,-0.10503,-0.36355,-0.36355,-0.00418952
8.57,-83.69,3.06,52.75,77.62,-0.10638,-0.384521,-0.384521,-0.00509109
8.62,-83.75,3.12,52.81,77.19,-0.0967873,-0.360235,-0.360235,-0.00154381
8.67,-83.75,3.12,52.88,75.69,-0.10098,-0.371631,-0.371631,-0.0026718
8.72,-83.81,3.25,52.94,75.19,-0.0980333,-0.373955,-0.373955,0.00263707
8.77,-83.94,3.31,53.12,75.25,-0.10717,-0.366452,-0.366452,0.00114183
8.82,-84.06,3.44,53.44,76.19,-0.0927129,-0.366485,-0.366485,0.00232859
8.87,-84.12,3.56,53.69,78.81,-0.0927057,-0.381114,-0.381114,0.00421843
8.92,-84.25,3.56,53.75,82.62,-0.107602,-0.389833,-0.389833,0.00259854
8.97,-84.38,3.62,53.81,87.44,-0.091508,-0.377558,-0.377558,0.00261457
9.02,-84.38,3.5,53.81,91.38,-0.0955713,-0.380781,-0.380781,-0.00234296
9.07,-84.31,3.5,53.81,94.06,-0.0866904,-0.37713,-0.37713,-0.00277134
9.12,-84.19,3.44,53.81,95.81,-0.0976564,-0.377178,-0.377178,-0.00234387
9.17,-84.12,3.44,53.69,95.81,-0.102088,-0.38479,-0.38479,-0.00427658
9.22,-84.19,3.56,53.69,95.44,-0.102799,-0.369762,-0.369762,-0.00087979
9.27,-84.12,3.69,53.88,95.25,-0.0873823,-0.364823,-0.364823,0.000668147
9.36,-84.06,3.75,53.88,94.44,-0.105746,-0.384778,-0.384778,-0.000493542
9.41,-84.06,3.81,54,94.12,-0.10162,-0.370824,-0.370824,0.000326046
9.51,-84,3.75,54,93.19,-0.103039,-0.382198,-0.382198,-0.000247204
9.61,-84,3.81,53.88,92.38,-0.101807,-0.379861,-0.379861,0.000112101
9.66,-83.94,3.75,53.94,92.25,-0.101216,-0.370006,-0.370006,0.000586828
9.72,-83.94,3.75,53.94,91.81,-0.104266,-0.381564,-0.381564,-0.000460024
9.77,-83.94,3.75,53.94,91.75,-0.101927,-0.378074,-0.378074,0.000757535
9.81,-83.94,3.81,53.94,91.5,-0.0986602,-0.378104,-0.378104,-0.000592559
9.86,-83.94,3.81,54,91.5,-0.105634,-0.374504,-0.374504,0.000622144
9.91,-83.94,3.75,54,91.5,-0.105574,-0.38225,-0.38225,-0.000119837
9.96,-83.88,3.81,53.94,91.44,-0.0935402,-0.381652,-0.381652,0.000178429
10.01,-83.88,3.88,53.94,91.19,-0.10802,-0.374545,-0.374545,-0.000536526
10.06,-83.81,3.88,54.12,91.12,-0.101769,-0.366911,-0.366911,0.000405747
10.11,-83.81,3.81,54.06,91,-0.11439,-0.394537,-0.394537,-0.000364792
10.16,-83.81,3.81,54.06,91.06,-0.100415,-0.374734,-0.374734,0.000584558
10.21,-83.81,3.81,54.06,90.88,-0.104739,-0.378623,-0.378623,-0.000592854
10.26,-83.81,3.81,54.12,90.88,-0.103799,-0.375019,-0.375019,0.000444638
10.31,-83.81,3.75,54.06,90.88,-0.10752,-0.386371,-0.386371,-0.000119913
10.36,-83.81,3.75,54.12,90.62,-0.100821,-0.3711,-0.3711,-0.00052224
10.41,-83.81,3.75,54.06,89.56,-0.105771,-0.386368,-0.386368,-0.00197618
10.46,-83.75,3.69,54,86.56,-0.105593,-0.377951,-0.377951,-0.00482498
10.51,-83.62,3.5,54.12,79.88,-0.110261,-0.366663,-0.366663,-0.00924955
10.56,-83.5,3.44,54.06,68.81,-0.107703,-0.390151,-0.390151,-0.0105989
10.61,-83.31,3.25,53.69,54.44,-0.114962,-0.396538,-0.396538,-0.00830386
10.66,-83.12,3.06,53.5,37.94,-0.11097,-0.36372,-0.36372,-0.0052596
10.71,-83,3.19,52.81,28.31,-0.0933163,-0.405782,-0.405782,0.0175028
10.76,-82.75,3.31,52.56,22.25,-0.0983349,-0.340704,-0.340704,0.00899673
10.81,-82.62,3.5,52.06,18.56,-0.122354,-0.385558,-0.385558,0.00581061
10.86,-82.38,3.56,51.81,15.44,-0.117897,-0.349596,-0.349596,0.0013266
10.91,-82.06,3.44,51.19,13,-0.129156,-0.387823,-0.387823,0.00147405
10.96,-81.69,3.12,50.25,9.44,-0.137721,-0.379686,-0.379686,-0.00302903
11.01,-81.38,2.69,49.5,7.75,-0.137267,-0.341742,-0.341742,0.00434743
11.06,-81,2.31,48.5,6.06,-0.126225,-0.364771,-0.364771,0.00025085
11.11,-80.69,1.75,47.81,4.5,-0.149166,-0.323526,-0.323526,-9.16198E-05
11.16,-80.31,1.31,46.81,3.69,-0.125598,-0.358316,-0.358316,0.0022334
11.21,-79.88,0.56,45.88,2.56,-0.151447,-0.327119,-0.327119,-0.00119333
11.26,-79.31,-0.06,44.56,1.12,-0.126335,-0.349045,-0.349045,-0.000206621
11.31,-78.69,-0.62,43.31,-0.19,-0.144106,-0.309676,-0.309676,0.000593861
11.36,-78.12,-1,41.94,-1.19,-0.154981,-0.312769,-0.312769,0.00104078
11.41,-77.81,-0.94,40.75,-1.75,-0.171356,-0.284765,-0.284765,0.0013221
11.46,-77.88,-0.88,40.38,-1.56,-0.204676,-0.239901,-0.239901,0.00113449
11.51,-77.81,-1,40.62,-1.5,-0.164038,-0.2559,-0.2559,-0.000350289
11.56,-77.62,-1,40.19,-1.62,-0.152833,-0.338448,-0.338448,-2.30091E-05
11.61,-77.5,-1.19,40,-1.81,-0.18829,-0.275864,-0.275864,-0.000603522
11.66,-77.31,-1.25,39.25,-2.38,-0.161647,-0.324545,-0.324545,-0.000592742
11.71,-77.19,-1.44,38.62,-2.81,-0.189581,-0.274557,-0.274557,2.08412E-05
11.76,-77.25,-1.44,38.12,-3.19,-0.186431,-0.270511,-0.270511,6.11435E-05
11.81,-77.38,-1.38,38.06,-3.06,-0.179518,-0.249942,-0.249942,0.00121434
11.86,-77.5,-1.38,38.12,-3.25,-0.17603,-0.272014,-0.272014,-0.000862077
11.91,-77.5,-1.5,38,-3.25,-0.165484,-0.29141,-0.29141,0.00052155
11.96,-77.44,-1.5,37.88,-3.38,-0.162626,-0.278383,-0.278383,-2.19732E-05
12.01,-77.5,-1.5,37.81,-3.31,-0.18516,-0.274266,-0.274266,0.00025959
12.06,-77.62,-1.5,37.88,-3.25,-0.177842,-0.268979,-0.268979,-0.000141308
12.11,-77.75,-1.5,37.94,-3.12,-0.170318,-0.279652,-0.279652,0.000153816
12.16,-77.88,-1.5,38,-3.19,-0.167918,-0.279545,-0.279545,-0.000493658
12.21,-77.94,-1.5,38.19,-3.06,-0.159264,-0.272312,-0.272312,0.000630473
12.26,-77.88,-1.56,38.25,-3.06,-0.157522,-0.290038,-0.290038,-0.000180336
12.31,-77.81,-1.56,38.25,-3,-0.163905,-0.284995,-0.284995,0.000259289
12.36,-77.88,-1.62,38.12,-3,-0.183532,-0.288488,-0.288488,-0.000511725
12.41,-77.88,-1.69,38.31,-2.88,-0.160241,-0.260077,-0.260077,0.000415965
12.46,-77.75,-1.62,38.25,-2.94,-0.148634,-0.297809,-0.297809,2.16101E-05
12.51,-77.69,-1.69,38.19,-2.94,-0.182479,-0.2801,-0.2801,-0.000200877
12.56,-77.56,-1.81,38,-3,-0.165453,-0.287628,-0.287628,-8.53286E-05
12.61,-77.19,-1.94,37.06,-3.12,-0.149277,-0.322844,-0.322844,0.000332517
12.66,-76.38,-2.38,35.25,-3.19,-0.148285,-0.318257,-0.318257,0.000681054
12.71,-75.19,-3.31,33.62,-3,-0.177739,-0.234741,-0.234741,0.000934878
12.76,-73.5,-4.19,31.19,-2.56,-0.154114,-0.279801,-0.279801,0.00204029
12.81,-71.56,-5.44,29.06,-1.88,-0.231379,-0.184744,-0.184744,0.00102702
12.86,-69.31,-6.81,26.75,-1.38,-0.240135,-0.19369,-0.19369,0.000507865
12.91,-66.56,-8.5,24.31,-0.94,-0.258314,-0.165298,-0.165298,0.00115635
12.96,-63.81,-10.38,22.25,-0.25,-0.362528,-0.0979657,-0.0979657,0.000894653
13.01,-60.62,-12.06,19.69,0.19,-0.326191,-0.131073,-0.131073,0.00109099
13.06,-57.44,-13.88,17.31,1,-0.451989,-0.0450796,-0.0450796,0.00129623
13.09,-53.94,-15.31,15,1.56,0.143237,-0.286057,-0.286057,0.0112766
13.14,-51,-16.5,13.62,2.94,-0.966457,0.236207,0.236207,-0.00465543
13.19,-47.56,-17.75,11.81,3.44,-0.517514,-0.0158213,-0.0158213,-0.000763324
13.24,-44.19,-18.56,10.12,3.81,-0.646875,0.0605593,0.0605593,-8.71036E-05
13.29,-40.81,-19.25,8.94,3.94,-0.696496,0.104144,0.104144,-0.000394276
13.34,-37.75,-19.69,8.19,4,-0.773355,0.123,0.123,-0.000755997
13.39,-34.94,-19.88,7.56,4,-0.785222,0.111402,0.111402,-0.000601485
13.44,-32.12,-20.25,6.94,3.75,-0.779049,0.108094,0.108094,-0.000602395
13.49,-29.75,-20.25,6.31,3.56,-0.857425,0.128712,0.128712,-0.000765061
13.54,-27.44,-20.06,5.62,3.19,-0.82616,0.119581,0.119581,-0.000524906
13.59,-25.25,-19.69,4.94,2.94,-0.854203,0.130143,0.130143,5.66695E-05
13.64,-23.44,-19.75,4.38,2.88,-0.909456,0.150764,0.150764,-0.000478534
13.69,-21.62,-19.44,3.94,2.5,-0.86597,0.141014,0.141014,-0.000706038
13.74,-20.19,-19.06,3.25,2.44,-0.919616,0.129351,0.129351,-0.000120414
13.79,-19,-19.12,2.88,2.25,-0.925652,0.166069,0.166069,-0.00092948
13.84,-18,-18.69,2.62,2.12,-0.91459,0.149122,0.149122,-0.000247395
13.89,-17.25,-18.31,2.38,1.94,-0.92649,0.143371,0.143371,-0.00071963
13.94,-16.81,-18.19,2.31,1.75,-0.941463,0.154772,0.154772,-0.000777131
13.99,-16.56,-18.06,2.38,1.56,-0.924455,0.148466,0.148466,-0.000443976
14.04,-16.56,-18.19,2.44,1.5,-0.929044,0.140996,0.140996,-0.000292352
14.09,-16.81,-18.38,2.5,1.5,-0.927511,0.142721,0.142721,-0.000444193
14.12,-16.94,-18.38,2.62,1.38,-0.891322,0.14919,0.14919,-0.000657973
14.15,-17,-18.44,2.69,1.38,-0.861853,0.120603,0.120603,0.00125864
14.18,-17.06,-18.31,2.81,1.31,-0.893987,0.143312,0.143312,-0.000414046
14.23,-17.25,-18.5,3.06,1.38,-0.905775,0.140539,0.140539,0.00019446
14.28,-17.31,-18.62,3.31,1.56,-0.871871,0.13105,0.13105,0.000583127
14.34,-17.31,-18.69,3.44,1.75,-0.879474,0.125635,0.125635,7.91941E-05
14.38,-17.38,-18.81,3.56,1.88,-0.90632,0.1421,0.1421,-0.000261322
14.44,-17.38,-18.88,3.62,1.94,-0.876759,0.128115,0.128115,-4.99953E-05
14.48,-17.5,-19.12,3.69,2.06,-0.916717,0.145898,0.145898,-0.000177192
14.53,-17.44,-19.25,3.81,2.12,-0.860439,0.13389,0.13389,0.000292525
14.58,-17.44,-19.5,4.06,2.25,-0.901014,0.149611,0.149611,7.9798E-06
14.63,-17.31,-19.25,4.06,2.12,-0.861608,0.116884,0.116884,-0.00025342
14.69,-17.38,-19.38,4.12,2.12,-0.912563,0.145649,0.145649,-0.000149891
14.75,-17.31,-19.44,4.19,2.06,-0.875594,0.136076,0.136076,0.000131314
14.81,-17.38,-19.38,4.12,2.06,-0.898206,0.134565,0.134565,-0.000108616
14.84,-17.38,-19.31,4.06,2.06,-0.872738,0.130279,0.130279,0.000244334
14.9,-17.25,-19.12,4,2.06,-0.878171,0.136875,0.136875,0.000215507
14.96,-17,-19,3.94,2.06,-0.879701,0.133925,0.133925,0.000185739
15.02,-16.69,-18.81,3.94,2.12,-0.887445,0.136933,0.136933,0.0002084
15.08,-16.5,-18.69,4,2.25,-0.905778,0.139747,0.139747,-8.22834E-05
15.14,-16.38,-18.56,3.94,2.25,-0.898194,0.129726,0.129726,-0.000335748
15.2,-16.25,-18.5,3.88,2.12,-0.894051,0.133577,0.133577,-0.000214947
15.23,-16.25,-18.44,3.94,2.12,-0.92509,0.154994,0.154994,3.87475E-05
15.28,-16.12,-18.44,3.88,2.12,-0.873513,0.119119,0.119119,0.000287423
15.33,-15.94,-18.19,3.81,2.06,-0.887832,0.129933,0.129933,8.17272E-06
15.38,-15.62,-18.06,3.75,1.94,-0.879759,0.128371,0.128371,0.000160333
15.43,-15.31,-17.88,3.62,1.88,-0.898316,0.126511,0.126511,0.000131057
15.48,-15,-17.88,3.62,2,-0.904716,0.139967,0.139967,0.000416992
15.53,-14.62,-17.56,3.62,2,-0.891388,0.12738,0.12738,-8.235E-05
15.58,-14.44,-17.62,3.56,2,-0.93058,0.131535,0.131535,-0.000527071
15.63,-14.38,-17.5,3.44,1.94,-0.917459,0.12872,0.12872,-0.000405088
15.68,-14.31,-17.62,3.38,2,-0.905013,0.134362,0.134362,0.00028599
15.73,-14.19,-17.44,3.38,1.88,-0.898157,0.132023,0.132023,-0.000283906
15.78,-14,-17.25,3.31,1.88,-0.893602,0.121759,0.121759,0.000461774
15.83,-13.75,-17.25,3.19,1.88,-0.897802,0.123887,0.123887,0.000115756
15.88,-13.62,-16.94,3.19,1.88,-0.924931,0.13772,0.13772,-0.000241068
15.93,-13.5,-16.69,3.19,1.88,-0.909087,0.125073,0.125073,-3.17417E-05
15.98,-13.62,-16.75,3,1.81,-0.936313,0.119085,0.119085,-0.000778345
16.03,-13.75,-16.94,2.94,1.81,-0.911797,0.135931,0.135931,0.000133992
16.08,-13.88,-16.94,3,1.94,-0.908095,0.134728,0.134728,0.00034537
16.13,-13.81,-16.56,2.94,1.88,-0.875125,0.11087,0.11087,4.90356E-05
16.18,-13.88,-16.31,3.19,1.88,-0.933068,0.145791,0.145791,-0.000195833
16.23,-14.06,-16.31,3.62,2.06,-0.925144,0.135276,0.135276,0.000146605
16.28,-14.44,-16.5,4.5,2.5,-0.941811,0.154744,0.154744,0.00012441
16.33,-14.75,-16.19,5.81,2.62,-0.895657,0.140765,0.140765,-0.000463815
16.39,-15,-15.88,7.75,2.44,-0.889745,0.121569,0.121569,-0.000330848
16.43,-15.06,-16.06,10.44,2.25,-0.933058,0.242895,0.242895,-0.000188385
16.48,-15.12,-16.38,12.5,2.06,-0.853713,0.0108695,0.0108695,5.8968E-05
16.53,-15,-16.19,16,1.81,-0.876029,0.179696,0.179696,0.00066395
16.58,-14.88,-16.56,18.81,1.81,-0.868689,0.0373833,0.0373833,9.66426E-05
16.63,-14.62,-17.06,21.62,1.75,-0.851367,0.0764273,0.0764273,-7.25747E-05
16.68,-14.44,-17.5,24.12,1.69,-0.854862,0.0581313,0.0581313,-0.000197132
16.73,-14.25,-17.88,26.31,1.5,-0.835222,0.0528224,0.0528224,-0.000301945
16.78,-14,-18.25,28.19,1.31,-0.823479,0.0495106,0.0495106,7.42956E-05
16.84,-13.88,-19,29.75,1.25,-0.840766,0.0438001,0.0438001,-0.000284228
16.89,-14,-20.5,30.81,1.56,-0.87682,0.0683237,0.0683237,-0.000755075
16.94,-13.88,-20.75,31.56,1.56,-0.736572,0.050283,0.050283,0.00130531
16.98,-13.75,-20.5,32.19,1.5,-0.785991,0.0769865,0.0769865,0.000808627
17.04,-13.62,-20.31,32,1.5,-0.806479,0.0242315,0.0242315,-0.000103118
17.08,-13.62,-20.31,31.75,1.56,-0.838294,0.0674812,0.0674812,-0.000292069
17.13,-13.5,-20.25,31.62,1.62,-0.812074,0.085489,0.085489,0.00027763
17.2,-13.38,-20.19,31.31,1.62,-0.82602,0.0743846,0.0743846,-0.000169876
17.25,-13.31,-20.38,31.06,1.69,-0.835526,0.0788676,0.0788676,-0.000150773
17.29,-13.31,-20.31,30.75,1.75,-0.819203,0.0719324,0.0719324,0.000276614
17.33,-13.25,-20.44,30.44,1.75,-0.83008,0.0800285,0.0800285,-0.000429559
17.4,-13.19,-20.44,30.31,1.69,-0.834668,0.0982748,0.0982748,2.31688E-05
17.43,-13.12,-20.31,30.19,1.69,-0.7978,0.0677292,0.0677292,0.000868895
17.48,-13.12,-20.25,29.94,1.69,-0.850017,0.0839024,0.0839024,-0.000428166
17.53,-13.06,-20.31,29.81,1.62,-0.834232,0.090998,0.090998,-0.000198607
17.59,-13.06,-20.31,29.75,1.62,-0.839079,0.090918,0.090918,0.00010472
17.64,-13,-20.25,29.56,1.62,-0.82108,0.0742575,0.0742575,0.000193702
17.71,-12.94,-20.06,29.5,1.5,-0.837851,0.0919973,0.0919973,-0.000110589
17.75,-12.94,-20.06,29.25,1.5,-0.838495,0.0644491,0.0644491,-4.81773E-05
17.8,-12.94,-19.94,29.12,1.56,-0.837874,0.0971301,0.0971301,0.000291204
17.85,-12.88,-19.94,29.06,1.56,-0.837102,0.0883023,0.0883023,-0.000170029
17.89,-12.88,-20,28.94,1.56,-0.846795,0.0808558,0.0808558,-0.000263491
17.95,-12.88,-19.94,28.69,1.69,-0.833751,0.0832217,0.0832217,0.00034569
18,-12.75,-19.88,28.56,1.62,-0.827445,0.0884259,0.0884259,-0.000163249
18.05,-12.69,-19.75,28.38,1.62,-0.845648,0.0856591,0.0856591,0.000110623
18.1,-12.81,-19.94,27.94,1.75,-0.867192,0.0769547,0.0769547,-0.000413753
18.15,-12.94,-20.19,27.44,1.75,-0.845529,0.0877971,0.0877971,-0.000403066
18.2,-13.31,-20.81,26.69,1.94,-0.877235,0.0870444,0.0870444,-0.000410799
18.25,-13.44,-21.5,25.44,2,-0.804234,0.0627911,0.0627911,0.000160284
18.3,-13.75,-22.31,23.75,2.25,-0.861097,0.0897899,0.0897899,6.02826E-05
18.35,-13.94,-22.88,21.62,2.62,-0.819902,0.0892235,0.0892235,0.000852703
18.4,-14,-23.44,19,2.94,-0.830478,0.0967479,0.0967479,0.00027956
18.45,-13.94,-23.5,16.06,3.12,-0.839505,0.117424,0.117424,0.000290093
18.5,-13.94,-24.12,13.06,3.5,-0.895905,0.153784,0.153784,0.000210611
18.55,-14.06,-24.31,9.88,4,-0.894418,0.15727,0.15727,0.00027796
18.6,-14,-23.62,6.56,4.25,-0.869055,0.152157,0.152157,-0.000112652
18.65,-14.31,-24.12,3.31,4.56,-0.956858,0.197161,0.197161,-0.000702336
18.7,-14.12,-23.25,-0.06,4.19,-0.845306,0.153785,0.153785,-0.00074946
18.75,-14,-23,-4.25,4.25,-0.889246,0.133602,0.133602,0.000982102
18.8,-14,-23.12,-7.62,4.81,-0.948852,0.251313,0.251313,0.00115192
18.85,-13.81,-22.62,-10.69,5.25,-0.908168,0.206445,0.206445,-0.00024914
18.9,-13.62,-22.25,-13.75,5.44,-0.908546,0.194775,0.194775,-0.00060329
18.95,-13.38,-21.62,-16.31,5.62,-0.924136,0.223827,0.223827,-0.000204317
19,-13.38,-21.06,-18.62,5.75,-0.939631,0.214708,0.214708,-0.000668876
19.05,-13.44,-20.62,-20.75,6.25,-0.905738,0.203045,0.203045,0.000841729
19.1,-13.38,-20.06,-22.56,6.69,-0.891228,0.204243,0.204243,-6.75774E-05
19.15,-13.31,-19.69,-24.06,7.25,-0.889187,0.205203,0.205203,0.00047709
19.2,-13.56,-19.5,-25.19,7.94,-0.925684,0.218905,0.218905,-0.000164451
19.25,-13.56,-19,-25.75,8,-0.878721,0.21268,0.21268,-0.00138266
19.3,-13.5,-18.88,-26.12,7.94,-0.864646,0.192073,0.192073,0.000240228
19.35,-13.56,-18.75,-26.38,7.75,-0.896097,0.19118,0.19118,-0.000585041
19.4,-13.56,-18.25,-26.44,7.56,-0.888581,0.188848,0.188848,-0.000284629
19.45,-13.69,-18.19,-26.38,7.5,-0.88057,0.188728,0.188728,0.00053165
19.51,-13.81,-18,-26.25,7.38,-0.878042,0.17804,0.17804,-0.000118584
19.56,-13.81,-17.75,-26.06,7.25,-0.870737,0.177008,0.177008,4.06771E-05
19.61,-13.81,-17.69,-25.94,7,-0.869631,0.169107,0.169107,-9.02395E-05
19.66,-13.94,-17.62,-25.94,6.88,-0.889807,0.169076,0.169076,3.51648E-05
19.71,-14,-17.62,-25.88,6.81,-0.868058,0.175929,0.175929,0.000347183
19.76,-14.06,-17.44,-26,6.69,-0.878258,0.16077,0.16077,-0.000320085
19.81,-14.06,-17.56,-26.19,6.69,-0.856569,0.167577,0.167577,0.000752419
19.86,-14.19,-17.5,-26.38,6.69,-0.897009,0.177275,0.177275,-0.000472055
19.91,-14.12,-17.44,-26.5,6.75,-0.852921,0.172774,0.172774,0.000569025
19.96,-14.19,-17.38,-26.81,6.88,-0.885402,0.16438,0.16438,-0.000121696
20.01,-14.06,-17.12,-27,6.81,-0.860416,0.174224,0.174224,-0.000302601
20.06,-14.06,-17.19,-27.25,6.88,-0.874477,0.17147,0.17147,0.000448542
20.11,-14.12,-17.06,-27.5,6.94,-0.885957,0.173022,0.173022,-0.00038032
20.16,-14.06,-17.06,-27.81,6.88,-0.850743,0.16448,0.16448,0.0001039
20.21,-14,-17.06,-28.12,6.81,-0.870029,0.171556,0.171556,-2.49183E-05
20.26,-14,-17,-28.44,6.75,-0.877875,0.172222,0.172222,-0.00017142
20.31,-14.06,-17,-28.75,6.81,-0.872472,0.173972,0.173972,0.000244636
20.36,-14,-16.94,-28.81,6.75,-0.862502,0.184823,0.184823,-0.000120039
20.41,-13.94,-16.81,-28.81,6.75,-0.871643,0.174139,0.174139,6.46838E-05
20.46,-13.81,-16.62,-28.31,6.81,-0.875584,0.199757,0.199757,0.000232972
20.51,-13.62,-16.25,-27.38,6.69,-0.881954,0.191678,0.191678,-0.000491167
20.56,-13.56,-15.88,-26.19,6.31,-0.897436,0.181397,0.181397,-0.000881567
20.61,-13.06,-15.31,-24.75,5.56,-0.838613,0.160856,0.160856,-8.58056E-05
20.65,-12.62,-14.88,-23.38,4.94,-0.88166,0.170344,0.170344,0.000198643
20.7,-12.38,-14.56,-22.19,4.56,-0.90764,0.117054,0.117054,0.000531742
20.75,-12.06,-14.06,-19.88,4.31,-0.911056,0.211597,0.211597,0.000465502
20.8,-11.62,-13.56,-17.25,4,-0.889465,0.150149,0.150149,0.00026532
20.85,-11.5,-13.5,-14.19,3.81,-0.949188,0.162714,0.162714,-0.000138604
20.9,-11,-13.75,-10.69,3.25,-0.871131,0.145678,0.145678,0.000104878
20.95,-10.44,-14.81,-7.12,2.06,-0.916526,0.131119,0.131119,-0.00142541
21,-9.81,-16.75,-4.75,1.88,-0.886722,0.0578879,0.0578879,0.0024923
21.05,-9.5,-16.44,-2.44,1.75,-0.97133,0.138255,0.138255,-0.000811025
21.1,-8.94,-15.38,-0.44,1.44,-0.877772,0.0969474,0.0969474,0.000304337
21.15,-8.56,-14.75,0.38,1.25,-0.921108,0.0431343,0.0431343,-9.89142E-05
21.2,-8.69,-15.5,0.88,1.38,-0.988469,0.113907,0.113907,-0.000501951
21.25,-8.75,-15,0.81,1.56,-0.900368,0.0793406,0.0793406,0.000328628
21.3,-9.06,-14.5,0.62,1.75,-0.955456,0.112941,0.112941,-0.000581066
21.35,-9.25,-14.25,0.25,1.81,-0.903917,0.0991415,0.0991415,-4.33583E-05
21.4,-9.69,-14.56,0,1.81,-0.959035,0.130116,0.130116,-0.000738473
21.45,-9.75,-14.44,0.12,1.56,-0.879361,0.131454,0.131454,0.000293779
21.5,-10.31,-14.62,1.06,1.5,-1.00728,0.181214,0.181214,-0.000749551
21.55,-9.94,-15.06,0.19,1.81,-0.750956,-0.0226446,-0.0226446,0.00316069
21.6,-9.88,-15.5,-0.19,2.06,-0.975557,0.164099,0.164099,-0.000873056
21.65,-9.81,-15.25,0,2,-0.934862,0.159517,0.159517,-0.000739603
21.7,-9.44,-16,-0.62,2.12,-0.859697,0.0670712,0.0670712,0.00122079
21.75,-9.12,-16.06,-1.06,2.44,-0.936117,0.142831,0.142831,0.000344736
21.8,-8.31,-16.31,-2.06,2.5,-0.845026,0.0830671,0.0830671,0.00055448
21.85,-7.44,-16.38,-3.31,2.62,-0.91435,0.116319,0.116319,0.000269332
21.9,-6.38,-17.5,-4.94,2.75,-0.881118,0.113851,0.113851,0.000827115
21.95,-5.56,-18.25,-7,3.06,-0.949483,0.128748,0.128748,-0.000115046
22,-3.75,-17.44,-8.5,2.75,-0.837902,0.153637,0.153637,8.322E-05
22.05,-2.06,-18.56,-10.19,2.56,-0.906887,0.14029,0.14029,0.00097138
22.11,0.38,-19.94,-13.25,2.44,-0.85838,0.0973251,0.0973251,0.000979379
22.15,2.94,-21,-16.31,1.75,-0.666962,-0.00255012,-0.00255012,0.00113433
22.2,4.19,-20.62,-16.94,1.62,-1.30104,0.421721,0.421721,-0.00376916
22.25,5.56,-21.31,-18.75,1.5,-0.819836,0.0628013,0.0628013,0.00116719
22.3,6.44,-21.56,-20.5,1.19,-0.970497,0.161788,0.161788,-0.00191223
22.35,6.88,-22.19,-22.88,1.06,-0.90381,0.113018,0.113018,-3.52512E-05
22.4,6.56,-22.56,-24.06,1.12,-1.02111,0.247502,0.247502,-0.00133229
22.45,6,-22.25,-24.94,1.06,-0.941035,0.167579,0.167579,-0.00150919
22.5,5.69,-21.81,-25.06,0.94,-0.878986,0.180282,0.180282,0.000231049
22.55,5.31,-22.94,-25.75,1.44,-0.812724,0.110516,0.110516,0.00313821
22.6,5.38,-22.62,-25.94,1.94,-0.888153,0.160758,0.160758,-0.000652012
22.65,5.5,-22.25,-26.06,2.12,-0.875533,0.142457,0.142457,-0.000745874
22.7,5.38,-22.5,-26.81,2.38,-0.860027,0.106025,0.106025,0.000417584
22.75,5.5,-22.62,-27.5,2.25,-0.849673,0.134772,0.134772,-0.00062322
22.78,5.56,-23.44,-28.38,2.56,-0.746994,0.0578522,0.0578522,0.0051724
22.84,5.62,-23.38,-28.94,2.69,-0.940998,0.197197,0.197197,-0.00233836
