0,-0.469651,0.000148557,0.000294643,0.014604
0.004,0.24206,-3.50398E-05,0.000838104,-0.0115047
0.009,-1.00904,0.000290377,-0.000220756,0.0225057
0.019,-0.484325,0.000150938,0.0003355,0.021086
0.049,-0.469483,0.000148504,0.000294876,0.0145978
0.06,-0.369094,0.000123192,0.000350149,0.00845829
0.069,-0.426114,0.000136771,0.000349172,0.0154023
0.099,-0.518777,0.000161195,0.000259112,0.0165957
0.109,-0.347688,0.000117782,0.000362231,0.00716276
0.139,-0.508549,0.000158392,0.000271169,0.0166912
0.144,-0.0183425,3.16413E-05,0.000657063,3.11692E-05
0.151,-0.794066,0.000232253,4.76362E-05,0.0265126
0.159,-0.468787,0.000148322,0.000295866,0.014578
0.189,-0.468787,0.000148322,0.000295866,0.014578
0.194,-0.468787,0.000148322,0.000295866,0.014578
0.201,-0.48394,0.000150838,0.000337349,0.0212048
0.209,-0.633591,0.000192107,0.000123659,0.0153176
0.239,-0.408707,0.000132839,0.000341743,0.0123795
0.244,-0.0594441,4.54265E-05,0.000504593,-0.012324
0.251,-0.832788,0.000238815,0.000154328,0.0435144
0.259,-0.453169,0.000145814,0.00025381,0.00782675
0.279,-0.50098,0.000156407,0.00028437,0.0172642
0.284,-0.825366,0.000239307,7.57953E-05,0.033625
0.319,-0.409747,0.000133514,0.000328063,0.0109749
0.329,-0.199044,7.95058E-05,0.000468546,0.000881951
0.35,-0.606754,0.000183809,0.00020292,0.0210751
0.359,-0.558625,0.000170826,0.000259285,0.0215623
0.369,-0.205534,8.2523E-05,0.000415919,-0.00431477
0.399,-0.511867,0.000159074,0.000280255,0.0181531
0.409,-0.590409,0.000179156,0.000228903,0.0220255
0.439,-0.415072,0.000134829,0.00032526,0.0112992
0.469,-0.495118,0.00015511,0.000277994,0.0158254
0.499,-0.472536,0.000149249,0.00029655,0.0151619
0.509,-0.422168,0.000136616,0.000321032,0.0117179
0.519,-0.477994,0.000149984,0.000318872,0.018396
0.549,-0.480091,0.000151551,0.000279638,0.0141804
0.559,-0.683526,0.000203413,0.000148817,0.0244436
0.579,-0.375467,0.000124302,0.000367455,0.0112906
0.6,-0.494424,0.00015515,0.000273776,0.0153465
0.609,-0.342033,0.00011645,0.000364172,0.00679536
0.619,-0.47779,0.000150136,0.000314069,0.0178993
0.649,-0.480702,0.000151803,0.000277075,0.014038
0.659,-0.318569,0.00010964,0.00040963,0.00908436
0.669,-0.839895,0.000243634,4.19459E-05,0.0316752
0.699,-0.398277,0.000130541,0.000337798,0.0107867
0.709,-0.442003,0.000140721,0.000346793,0.0172407
0.719,-0.462222,0.000147629,0.000269292,0.0108835
0.749,-0.484518,0.000152504,0.000285372,0.0154989
0.759,-0.579721,0.000175968,0.000257406,0.0241161
0.789,-0.435241,0.000140317,0.000304002,0.0115503
0.8,-0.541178,0.000166402,0.000274048,0.021271
0.809,-0.341575,0.000117087,0.00033878,0.00393115
0.819,-0.593,0.000180086,0.0002253,0.0221332
0.849,-0.432275,0.000139334,0.00031668,0.0126644
0.879,-0.484409,0.00015273,0.000281598,0.0151281
0.928,-0.469726,0.000148933,0.000292652,0.0145866
0.978,-0.471318,0.000149346,0.000291634,0.0146801
1.028,-0.467038,0.000148253,0.000292821,0.0142816
1.078,-0.478247,0.000151058,0.000290962,0.0154778
1.128,-0.477461,0.000151017,0.000284723,0.0146906
1.178,-0.463134,0.000147286,0.00029864,0.0145127
1.228,-0.481872,0.000152186,0.000282196,0.014977
1.278,-0.463959,0.000147541,0.000296924,0.0144439
1.328,-0.47277,0.000149858,0.000289159,0.0146485
1.378,-0.453158,0.000144826,0.000304675,0.013946
1.428,-0.461408,0.000147051,0.000296864,0.0140028
1.478,-0.423144,0.000137154,0.000322708,0.0120025
1.528,-0.423304,0.000137055,0.000322191,0.011635
1.578,-0.402954,0.000131356,0.000342186,0.0109135
1.628,-0.403664,0.000130973,0.000352939,0.011698
1.678,-0.38483,0.000125562,0.000365725,0.0102204
1.728,-0.38288,0.000124072,0.000375318,0.0105308
1.751,0.391907,-7.73971E-05,0.000843662,-0.0346277
1.754,-12.8773,0.0033483,-0.00658425,0.764276
1.778,0.0582439,8.88165E-06,0.000628407,-0.0150698
1.8,0.651901,-0.000142212,0.000916398,-0.0581082
1.804,-9.28735,0.00239123,-0.00421432,0.589717
1.828,0.18534,-2.3529E-05,0.000691794,-0.0238269
1.85,0.902453,-0.000208857,0.0011349,-0.0652325
1.858,-5.10807,0.00132659,-0.00220063,0.30181
1.862,10.6961,-0.00270223,0.00633448,-0.686129
1.879,-2.14286,0.000566749,-0.00054353,0.123372
1.9,0.0601075,6.37258E-06,0.000633375,-0.015797
1.908,-3.24516,0.000842026,-0.00109842,0.196811
1.912,11.7082,-0.00296015,0.0073828,-0.69228
1.92,-2.40043,0.000633662,-0.000805952,0.123749
1.95,-0.557828,0.000161448,0.00031996,0.0252065
1.958,-3.87161,0.00100936,-0.00156425,0.221348
1.962,10.5832,-0.00269012,0.00660184,-0.639938
1.97,-1.41621,0.0003817,-0.000186278,0.0731633
2,-0.658841,0.000186605,0.000269926,0.0328439
2.009,-2.25512,0.000605792,-0.00115848,0.0676543
2.013,10.2116,-0.00271411,0.00986909,-0.221944
2.019,-0.66035,0.000232131,-0.00127602,-0.146101
2.05,-0.892429,0.000246382,0.000110409,0.0439238
2.059,-2.12204,0.000569552,-0.00101097,0.0685778
2.063,7.27052,-0.00195156,0.00790078,-0.0800082
2.099,-0.598663,0.000174338,2.15565E-05,-0.00232309
2.108,-1.5701,0.000401363,0.000360597,0.15744
2.112,10.0324,-0.00254133,0.00511029,-0.742688
2.119,-2.84319,0.000746255,-0.000971696,0.161716
2.15,-0.620443,0.000171623,0.000290975,0.032107
2.159,-2.05815,0.000545993,-0.000883578,0.0761586
2.168,1.7676,-0.000462799,0.00238379,-0.0248626
2.2,-0.0847265,3.602E-05,0.000473738,-0.0131445
2.209,-1.97614,0.000521561,-0.000782254,0.078232
2.219,0.99269,-0.000250326,0.00152923,-0.0256924
2.25,-0.140263,4.57085E-05,0.000568659,0.00539429
2.259,-1.64888,0.000442297,-0.00073458,0.0436133
2.269,0.953075,-0.000238588,0.00141373,-0.0334126
2.3,-0.112747,3.64046E-05,0.000628141,0.00932757
2.309,-1.93669,0.000515567,-0.000780866,0.0744296
2.319,1.26109,-0.000321025,0.00154512,-0.0560845
2.35,-0.115544,3.74319E-05,0.000585612,0.00531384
2.359,-1.10519,0.000301726,-0.000226728,0.0353172
2.369,0.327097,-8.1625E-05,0.000964992,-0.00607451
2.4,-0.00468334,6.82053E-06,0.00066216,0.000802529
2.409,-1.05563,0.000290718,-0.000124318,0.0413717
2.419,0.524013,-0.000137583,0.00106823,-0.0181961
2.45,-0.0798984,2.65705E-05,0.000589086,0.00233513
2.459,-1.20216,0.000335314,-0.000202709,0.0509798
2.469,0.537672,-0.000146207,0.00107671,-0.0184138
2.5,-0.0275701,1.12329E-05,0.000618932,-0.000301627
2.509,-0.910905,0.000259075,2.4221E-05,0.0411888
2.519,0.398875,-0.00010873,0.000893846,-0.0216071
2.558,-0.131698,4.01763E-05,0.000547648,0.00467571
2.569,-0.173719,5.31863E-05,0.000489744,0.00327899
2.6,-0.125356,3.82155E-05,0.000558239,0.00504553
2.609,-0.00209846,4.12767E-06,0.000619975,-0.00316049
2.658,-0.122135,3.73992E-05,0.00056314,0.00507043
2.669,-0.213341,6.21376E-05,0.000528232,0.0123176
2.709,-0.0416302,1.48216E-05,0.000616267,0.00115571
2.719,-0.0163035,7.34618E-06,0.000641509,0.000920061
2.759,-0.123274,3.74582E-05,0.000566837,0.00570424
2.769,-0.126657,3.96697E-05,0.000530244,0.00195871
2.809,-0.0618731,1.99012E-05,0.000606664,0.002772
2.819,-0.387756,0.000112401,0.000388602,0.0181877
2.868,-0.0759159,2.41661E-05,0.000591016,0.0026968
2.919,-0.0939314,2.93669E-05,0.000577978,0.00341195
2.969,-0.105343,3.24549E-05,0.000575686,0.00452808
3.018,-0.101705,3.13797E-05,0.000579684,0.00452591
3.069,-0.101313,3.13386E-05,0.000577903,0.00427555
3.119,-0.102509,3.17439E-05,0.00057564,0.00415693
3.169,-0.101507,3.14497E-05,0.000576867,0.00416541
3.219,-0.121159,3.68111E-05,0.000570706,0.00586516
3.269,-0.139676,4.14883E-05,0.000574446,0.00859614
3.319,-0.148692,4.28766E-05,0.000590927,0.0118237
3.369,-0.124054,3.375E-05,0.000612016,0.0119146
3.419,-0.127622,3.35941E-05,0.000601948,0.0122269
3.469,-0.120634,2.90165E-05,0.000605782,0.0132501
3.519,-0.114167,2.64702E-05,0.000589388,0.0115852
3.569,-0.132926,3.17105E-05,0.000589042,0.0149579
3.619,-0.182348,5.21508E-05,0.000552763,0.0157596
3.669,-0.15505,3.97205E-05,0.000567364,0.0146965
3.719,-0.154929,4.01114E-05,0.000562311,0.0133931
3.751,-0.150606,3.63479E-05,0.000578824,0.0161086
3.758,-0.348693,0.000186649,-2.9629E-05,-0.079291
3.762,0.670436,-0.000500766,0.00244721,0.285264
3.765,-1.11071,0.000698778,-0.00186938,-0.349162
3.769,0.95389,-0.000436043,0.00107998,-0.0248695
3.801,-0.202705,5.1011E-05,0.000624645,0.0315955
3.818,-0.172546,6.3892E-05,0.000437681,-0.0114944
3.851,-0.132561,2.3578E-05,0.000637349,0.0255071
3.868,-0.177605,6.21612E-05,0.000467429,-0.00544399
3.901,-0.158722,3.93195E-05,0.00059057,0.0185664
3.904,-2.74975,0.00116415,-0.000748037,0.0645004
3.919,0.38455,-0.000188864,0.000811856,-0.00405986
3.95,-0.188313,5.50247E-05,0.000554066,0.0144895
3.968,-0.13079,2.70275E-05,0.000606893,0.0183837
4,-0.257661,8.67826E-05,0.000508089,0.0137029
4.01,0.107689,-8.12818E-05,0.000766333,0.0213443
4.03,-0.249343,8.68456E-05,0.000483553,0.00768988
4.04,0.00263605,-3.03595E-05,0.000670748,0.0144497
4.05,-0.176109,4.70781E-05,0.000582015,0.0187997
4.059,-0.190533,4.63457E-05,0.000630166,0.0305745
4.063,-0.0431398,5.35939E-05,0.000138832,-0.0891882
4.066,0.927917,-0.000504936,0.00171231,0.111121
4.07,-1.04593,0.000458554,-0.000123086,-0.0153812
4.1,-0.108709,1.64182E-05,0.000626068,0.0191582
4.109,-0.253724,8.19115E-05,0.000533752,0.0187414
4.113,-1.20201,0.000488405,0.000102991,0.051317
4.116,0.751232,-0.000363902,0.00111217,0.00902917
4.13,-0.343087,0.000126601,0.00044446,0.0120004
4.14,0.194314,-0.000114066,0.000769081,0.00961795
4.15,-0.285574,9.54663E-05,0.000521136,0.0202546
4.161,-0.177744,4.61161E-05,0.00059512,0.0215332
4.164,1.10331,-0.000499197,0.00114502,-0.0296384
4.168,-1.81599,0.000763343,-0.000266778,0.0549372
4.2,-0.0714541,2.9555E-06,0.000623998,0.0138948
4.209,-0.212734,6.31329E-05,0.000563132,0.019505
4.212,-0.169859,4.62096E-05,0.000570878,0.0156434
4.216,0.666405,-0.000312149,0.000948311,-0.0141601
4.219,-0.00964838,-2.25822E-05,0.000643815,0.0100111
4.25,-0.256187,8.24818E-05,0.000537427,0.0198331
4.259,-0.120386,2.70783E-05,0.000576274,0.0104857
4.262,1.79436,-0.000837114,0.0017983,0.015065
4.266,-2.00751,0.000864924,-0.000511749,0.0294228
4.29,-0.144358,3.4102E-05,0.000591371,0.0166085
4.3,-0.219704,6.80079E-05,0.00054415,0.0165774
4.309,-0.0189515,-1.6447E-05,0.000622591,0.00704329
4.312,0.63142,-0.000321575,0.00113048,0.0277644
4.316,-1.07937,0.000453926,1.38103E-05,0.0178352
4.34,-0.104226,1.59093E-05,0.000617549,0.0169093
4.35,-0.316194,0.00010743,0.000514848,0.0228577
4.359,-0.153695,4.34098E-05,0.000544405,0.00822123
4.362,-0.148017,4.36854E-05,0.000525486,0.00361541
4.366,-0.162843,4.29707E-05,0.000574873,0.0156306
4.39,-0.165022,4.28565E-05,0.000582127,0.0174073
4.4,-0.291601,0.000100537,0.000497015,0.016001
4.409,0.150248,-9.09181E-05,0.000715649,0.00471345
4.412,0.570083,-0.000291409,0.00107228,0.0246578
4.416,-1.08245,0.000451971,3.58689E-05,0.0217989
4.44,-0.119794,2.38106E-05,0.000600054,0.0153521
4.45,-0.0352733,-1.18265E-05,0.000634112,0.011601
4.459,-0.410104,0.00015068,0.000447339,0.0208468
4.49,-0.170113,4.72826E-05,0.000561883,0.0139158
4.5,-0.373123,0.000132843,0.00048129,0.0231866
4.509,0.120512,-7.50637E-05,0.000676777,0.000489551
4.512,-0.209058,4.0336E-05,0.000732389,0.0536914
4.516,-0.877803,0.000348768,0.000253684,0.0407996
4.52,0.633339,-0.00025993,0.000631273,-0.073775
4.53,-0.177512,4.20741E-05,0.00062557,0.0278212
4.54,-0.269194,9.25029E-05,0.000496052,0.0132606
4.55,-0.0473938,-6.14739E-06,0.000624186,0.0110297
4.559,-0.31495,0.000114765,0.000455059,0.0111148
4.58,-0.146108,3.57334E-05,0.000584669,0.0155973
4.59,-0.0432483,-3.1645E-06,0.000586487,0.00318858
4.6,-0.0482656,-6.37551E-06,0.000626109,0.0114239
4.609,-0.268447,9.86459E-05,0.000441582,0.00399646
4.613,-1.08789,0.000349436,0.000909014,0.194068
4.617,0.582747,-0.000265236,0.000813299,-0.0318795
4.658,-0.106715,2.6568E-05,0.00053199,0.00146279
4.68,-0.0214058,-9.34726E-06,0.000549807,-0.00468524
4.69,-0.0823407,-3.44601E-06,0.000703269,0.0282047
4.7,-0.257486,8.69893E-05,0.000488684,0.0136507
4.709,-0.534235,0.000213751,0.000293456,0.0160935
4.713,1.6873,-0.000933114,0.00312704,0.208547
4.719,-1.25813,0.000678875,-0.00149233,-0.180953
4.73,0.127536,-0.000123535,0.00110422,0.0647191
4.748,-0.324873,0.000105869,0.000559389,0.0328259
4.759,-0.0084146,3.82562E-05,5.3521E-05,-0.0785351
4.763,0.504506,-0.00048179,0.0032632,0.340711
4.766,-0.408435,0.000801835,-0.00605422,-0.924318
4.799,-0.177835,7.25676E-06,0.00100585,0.0787068
4.809,0.0578237,-4.67875E-05,0.000674494,0.00313697
4.813,0.526173,-0.000385083,0.00245981,0.196054
4.816,-1.364,0.00114399,-0.00659309,-0.819937
4.849,-0.244913,4.20934E-05,0.000936074,0.073214
4.859,0.334482,-0.000150128,0.000797889,-0.0154785
4.863,0.483917,-0.0003572,0.00261491,0.203903
4.866,0.132517,0.000520298,-0.00639515,-0.914931
4.899,-0.293568,5.87219E-05,0.000964418,0.0794793
4.909,-0.527098,0.000189459,0.00029492,0.0241688
4.913,-4.10707,0.00145489,-0.000544759,0.35247
4.92,1.95088,-0.000664557,0.000705214,-0.224992
4.948,-0.058255,-2.53787E-06,0.00078656,0.02677
4.959,0.530818,-0.00016766,0.000451394,-0.0850082
4.963,-0.670299,5.67483E-05,0.00285082,0.346826
5.008,-0.218971,7.40864E-05,0.000395587,-0.00101911
5.012,4.14773,-0.00128218,0.00122513,-0.439335
5.016,-3.08837,0.00100638,-0.00120458,0.165753
5.059,-0.225615,5.93769E-05,0.000688978,0.032839
5.062,-2.28772,0.000626321,0.000882399,0.308412
5.066,1.7922,-0.000404583,-0.00137169,-0.450696
5.109,-0.177268,4.41956E-05,0.000760285,0.0342773
5.113,-1.18726,0.000311421,0.00078652,0.161784
5.116,1.66215,-0.00037196,-0.000999751,-0.393064
5.159,-0.139596,3.70035E-05,0.000706223,0.0232465
5.163,-0.483039,0.000121098,0.000846879,0.0816665
5.208,-0.0966555,3.10559E-05,0.000565561,0.0019937
5.213,-0.351172,8.70207E-05,0.000839014,0.0645624
5.258,-0.0935279,3.13057E-05,0.000535506,-0.00177023
5.262,1.28526,-0.000365802,0.00150463,-0.0617378
5.27,-0.858902,0.000246979,0.000125003,0.0460387
5.274,-0.135819,3.84347E-05,0.000635793,0.0149173
5.309,-0.0887457,2.8075E-05,0.000580448,0.00289411
5.312,-0.399513,0.000111325,0.000539869,0.0366331
5.316,-0.0962425,3.19637E-05,0.000530198,-0.00188216
5.359,-0.107863,3.37558E-05,0.000562288,0.00321327
5.362,1.16034,-0.000337862,0.00151949,-0.0443299
5.366,-1.10618,0.000319845,-2.20842E-05,0.0599039
5.409,-0.101177,3.16106E-05,0.000568892,0.00321315
5.412,-0.186573,5.80019E-05,0.000472044,0.00272415
5.416,-0.110773,3.39552E-05,0.0005737,0.00494434
5.459,-0.111605,3.40556E-05,0.000576012,0.00532658
5.462,1.37687,-0.000403493,0.00166775,-0.0540182
5.466,-1.21695,0.000360335,-0.000269449,0.0454539
5.509,-0.0982548,2.98697E-05,0.000587872,0.00513084
5.512,2.42756,-0.000692663,0.00186532,-0.161059
5.516,-2.1289,0.000614314,-0.000529166,0.128415
5.538,-0.108286,3.29829E-05,0.000575527,0.00499394
5.543,0.84967,-0.000255908,0.00141047,-0.0180555
5.559,-0.364223,0.000109926,0.000358042,0.0118762
5.562,-0.424449,0.000115406,0.000618755,0.0490008
5.566,-0.0348136,2.12885E-05,0.000377665,-0.0264963
5.572,-0.10678,3.23686E-05,0.000576704,0.00504349
5.608,-0.107366,3.24442E-05,0.000578332,0.00530944
5.612,-0.147926,3.86656E-05,0.000690538,0.0230975
5.616,0.824,-0.000230943,0.000932534,-0.0691822
5.622,-0.695527,0.00020279,0.000255084,0.0410348
5.658,-0.106219,3.21457E-05,0.000577121,0.00505652
5.662,1.41016,-0.000407014,0.00140668,-0.0874777
5.665,-2.12569,0.00061687,-0.000526458,0.128379
5.672,0.127587,-3.77438E-05,0.000755028,-0.00345666
5.708,-0.149296,4.50258E-05,0.000541951,0.00640894
5.712,1.48661,-0.000436539,0.00161881,-0.0726837
5.715,-2.23078,0.000656076,-0.000788083,0.111582
5.722,-0.103612,3.12538E-05,0.000578585,0.00499133
5.758,-0.103612,3.12538E-05,0.000578585,0.00499133
5.762,1.41275,-0.000408242,0.00140809,-0.0875366
5.765,-2.12306,0.000616425,-0.000524925,0.128306
5.772,-0.117714,3.32203E-05,0.000620962,0.0115963
5.808,-0.0990885,3.03737E-05,0.000569429,0.00342235
5.812,-0.819655,0.00024419,5.12221E-05,0.0331981
5.815,0.845476,-0.000251948,0.00130148,-0.0296828
5.821,0.234166,-6.65872E-05,0.000763207,-0.0156133
5.858,-0.148024,4.3802E-05,0.000560103,0.00842869
5.862,-2.48245,0.000736526,-0.00110367,0.106458
5.871,0.918204,-0.000270918,0.0012845,-0.0405831
5.874,-0.0213552,1.86099E-05,0.000351063,-0.0310698
5.881,-0.397839,0.000115733,0.000434373,0.0247952
5.891,-0.150664,4.43231E-05,0.000569639,0.00966966
5.901,0.128707,-3.67289E-05,0.000733841,-0.0060784
5.905,0.634587,-0.000183983,0.00104328,-0.0332316
5.908,-1.1149,0.000323076,2.54522E-05,0.0666266
5.912,-0.808838,0.000241915,1.40676E-05,0.0275511
5.921,0.0574831,-1.81552E-05,0.000745753,0.00402918
5.958,-0.0692058,2.15638E-05,0.00059699,0.00271821
5.962,-7.58923,0.0022362,-0.00507834,0.281933
5.971,2.63445,-0.000768671,0.00262342,-0.100671
5.974,1.6165,-0.000475915,0.00198764,-0.0473612
5.981,-0.808725,0.000238666,3.34311E-05,0.0293493
5.991,-0.246582,7.26271E-05,0.000508357,0.0138803
5.994,3.28354,-0.000939339,0.00277159,-0.164189
6.001,-1.94215,0.000556231,-0.00053606,0.10414
6.004,1.44002,-0.000413224,0.00167506,-0.0615729
6.008,0.890998,-0.000248409,0.00112115,-0.0567975
6.011,-6.91838,0.00197612,-0.00368833,0.35875
6.021,1.05491,-0.000294924,0.00127376,-0.0601253
6.024,2.73546,-0.000778033,0.0024713,-0.131152
6.031,-1.34375,0.000388658,-0.00030966,0.055755
6.059,0.166715,-4.63752E-05,0.000805965,-0.00353639
6.062,-26.5071,0.00759019,-0.019363,0.979429
6.071,7.14992,-0.00203097,0.0061782,-0.256178
6.075,3.28352,-0.000915915,0.00279404,-0.163076
6.081,-2.89309,0.00081197,-0.00115149,0.150272
6.09,1.60606,-0.00045488,0.00190031,-0.0575626
6.094,-6.56768,0.0018952,-0.00512671,0.150712
6.101,0.807894,-0.000242008,0.00184381,0.0331824
6.104,9.29204,-0.00255983,0.00609495,-0.530727
6.108,-2.34652,0.000651543,-0.000654976,0.139687
6.111,-14.1459,0.00390729,-0.00762513,0.800114
6.115,10.3259,-0.00284019,0.00669873,-0.589814
6.121,-3.92016,0.0010879,-0.00172191,0.211177
6.13,2.23787,-0.000627217,0.00231886,-0.0886607
6.133,-12.988,0.00371283,-0.0108533,0.289803
6.141,2.76984,-0.000789103,0.00337101,-0.0357942
6.151,1.31001,-0.000365184,0.00169155,-0.0456937
6.154,-15.3086,0.00434754,-0.0126428,0.37119
6.158,11.3736,-0.00318736,0.00986023,-0.360472
6.161,-16.9974,0.00464997,-0.00949295,0.937766
6.165,12.4162,-0.00338089,0.0080833,-0.691895
6.171,-3.95121,0.00108581,-0.00173047,0.213383
6.174,7.31743,-0.00198418,0.0050492,-0.407007
6.181,-3.27967,0.000898268,-0.00120965,0.189616
6.19,2.06967,-0.000572229,0.00221072,-0.0811785
6.193,-18.2256,0.00512567,-0.0150525,0.454584
6.201,3.75702,-0.0010564,0.0043565,-0.0475056
6.204,11.6257,-0.00312493,0.00712513,-0.704444
6.208,-3.24572,0.000885224,-0.00115322,0.192762
6.211,-19.5953,0.00529909,-0.0105862,1.13206
6.215,14.3107,-0.0038508,0.00888315,-0.836209
6.221,-5.14771,0.00139704,-0.00224551,0.301106
6.229,3.28111,-0.00090485,0.00307648,-0.133059
6.232,-16.5655,0.00466947,-0.0145304,0.309452
6.241,3.18935,-0.0008895,0.00382887,-0.0374996
6.25,1.78308,-0.000492442,0.00217274,-0.0509904
6.253,-16.6046,0.00466867,-0.0144661,0.32134
6.256,16.5707,-0.00457651,0.0142482,-0.505455
6.26,-0.973383,0.000193906,0.0024915,0.32588
6.263,-16.0031,0.00456476,-0.0161397,0.0561638
6.271,3.46529,-0.000970401,0.00431398,-0.0168091
6.281,-0.0061335,1.46579E-05,0.000655873,-0.00379107
6.289,1.76521,-0.000487051,0.00222852,-0.0429003
6.299,-1.86765,0.000537438,-0.000930631,0.0458492
6.302,-12.7467,0.00357765,-0.0110204,0.234534
6.305,18.0292,-0.00495115,0.0153164,-0.564827
6.309,-1.05103,0.000211492,0.00259795,0.347073
6.312,-18.8102,0.00530936,-0.0181363,0.172855
6.316,14.3844,-0.00393921,0.0123523,-0.45158
6.321,-7.78044,0.00208915,-0.00371641,0.45691
6.329,4.19691,-0.00114134,0.0036195,-0.185703
6.338,-2.29824,0.00066413,-0.00177055,0.00263712
6.342,-6.31208,0.00165963,-0.00182927,0.488742
6.36,1.37002,-0.000358474,0.00155662,-0.0716218
6.363,-8.56105,0.00246395,-0.00955816,-0.113354
6.371,1.51441,-0.000437878,0.0032124,0.0979714
6.381,0.233316,-4.46515E-05,0.000781704,-0.0198876
6.389,1.68946,-0.000459077,0.00222118,-0.0352047
6.399,-1.81152,0.000521287,-0.000898357,0.0419744
6.402,-14.4134,0.00400429,-0.0124142,0.279848
6.406,14.3302,-0.00389161,0.0123123,-0.449976
6.409,-1.80994,0.000342243,0.00447361,0.653743
6.412,-19.7778,0.00556864,-0.0201151,0.0648411
6.416,15.3347,-0.00415304,0.0128619,-0.51169
6.421,-6.92846,0.00184812,-0.00307309,0.425187
6.431,1.04169,-0.000253089,0.00111074,-0.0826777
6.441,-0.104653,4.69833E-05,0.000576333,-0.00145061
6.449,1.48143,-0.000400685,0.00209301,-0.0241956
6.453,-10.2525,0.0028616,-0.00903323,0.155192
6.456,13.3647,-0.00362389,0.0115379,-0.418758
6.46,2.14717,-0.000638692,0.00433644,0.148461
6.464,-15.5787,0.00430393,-0.0131342,0.344696
6.471,3.30972,-0.000898176,0.00391513,-0.0444944
6.479,2.55642,-0.000686388,0.00269114,-0.0890648
6.489,-1.87499,0.000538888,-0.000958676,0.0428672
6.499,-0.485504,0.000150335,0.000337458,0.0185073
6.502,-10.0203,0.00280536,-0.0092962,0.0949446
6.506,11.2136,-0.00303579,0.0101464,-0.310959
6.509,-1.68148,0.00033066,0.0039386,0.577139
6.513,-8.88228,0.0025409,-0.00998635,-0.122343
6.516,12.22,-0.0032974,0.0106971,-0.37273
6.521,-6.46075,0.00172184,-0.00293227,0.383915
6.529,3.21154,-0.000854147,0.00295414,-0.14005
6.539,-1.89691,0.000543803,-0.000975948,0.0437552
6.549,-0.38479,0.000124516,0.000384373,0.0116601
6.552,-10.5699,0.0029242,-0.00919211,0.174914
6.556,11.2656,-0.00302608,0.00992926,-0.341872
6.559,-1.60551,0.000322221,0.00365397,0.535664
6.563,-6.61949,0.00192332,-0.00837472,-0.217003
6.571,0.97019,-0.000265074,0.00228343,0.0604034
6.589,0.0506402,6.59767E-06,0.000717233,-0.00362897
6.599,-0.910617,0.000270505,-0.000122262,0.0194349
6.602,-11.4773,0.00313341,-0.00942422,0.260834
6.606,11.3111,-0.00300979,0.00974267,-0.368381
6.609,-1.53936,0.000314673,0.00340937,0.500067
6.613,-6.79807,0.00194271,-0.00794345,-0.145617
6.622,1.07004,-0.000278074,0.00202176,0.0187211
6.639,0.0411295,8.9396E-06,0.000751076,0.00178688
6.649,-0.976217,0.00028824,-0.000177564,0.0216594
6.652,-9.09755,0.0024956,-0.00773923,0.160689
6.656,9.22147,-0.00244842,0.00821559,-0.283396
6.66,-1.02642,0.000234603,0.00194934,0.27068
6.664,-7.93554,0.00220991,-0.00777908,0.0136648
6.672,1.61975,-0.000423883,0.00247156,0.00231261
6.709,-0.234633,8.55392E-05,0.000486793,0.00630824
6.713,-9.99572,0.00273944,-0.00887207,0.140734
6.729,2.00053,-0.00052704,0.00268129,-0.0199803
6.739,-0.900083,0.000267024,-0.000112343,0.0204738
6.749,-0.5909,0.000181644,0.000213002,0.0193012
6.752,-9.16193,0.00248592,-0.00764578,0.179814
6.756,9.20987,-0.00241872,0.00816058,-0.287129
6.759,-1.23043,0.000271119,0.00242214,0.350903
6.762,-8.72059,0.00242941,-0.00954536,-0.0894501
6.771,1.30824,-0.000334336,0.00218393,0.00935248
6.789,-0.138724,6.11963E-05,0.000559899,0.00355485
6.799,-0.69979,0.000211017,0.000109575,0.0216623
6.802,-5.77091,0.00158705,-0.00502212,0.0625007
6.806,5.41852,-0.00141695,0.00522633,-0.152007
6.809,-1.07188,0.000246601,0.00196008,0.279021
6.813,-4.34775,0.00122491,-0.00443663,-0.0460782
6.829,0.393465,-8.5104E-05,0.0011302,0.00300994
6.839,-0.883108,0.000260738,-5.72963E-05,0.0255871
6.849,-0.2,8.04946E-05,0.00041912,-0.0045295
6.852,-3.90334,0.00108338,-0.00322177,0.0379599
6.856,3.10068,-0.000837355,0.00435896,0.0362982
6.86,-0.223316,0.000109854,-0.000385148,-0.0933101
6.863,-6.91136,0.00186011,-0.00495162,0.212802
6.879,0.573129,-0.000130586,0.00122786,-0.00780918
6.889,-0.597393,0.000184615,0.00015926,0.0152478
6.899,-0.331534,0.000114024,0.000368333,0.00622389
6.902,-3.58837,0.00098634,-0.00254731,0.0764591
6.906,2.32206,-0.000610448,0.00315644,-0.00423
6.91,1.31614,-0.000297589,0.000789701,-0.149889
6.913,-6.66932,0.00177223,-0.00396713,0.2961
6.929,0.171576,-2.06258E-05,0.000814168,-0.00513253
6.939,-0.540548,0.000169094,0.000212622,0.0144351
6.949,-0.616254,0.000187415,0.000210486,0.023585
6.952,-0.388266,0.000143267,-0.000171094,-0.0482448
6.959,-0.00685136,2.01543E-05,0.000904601,0.0273819
6.963,-1.95951,0.000547411,-0.00104646,0.0464451
6.999,-0.314679,0.00010863,0.000415928,0.00976803
7.003,-0.27943,0.000111264,2.69161E-05,-0.0390349
7.006,-0.609448,0.00017292,0.000654281,0.0735074
7.01,1.16725,-0.000271003,0.00118973,-0.0856382
7.013,-2.66479,0.000713645,-0.000914588,0.148996
7.038,-0.45689,0.000146229,0.000302034,0.0143403
7.049,-0.609072,0.000186409,0.000179884,0.0192548
7.052,-0.133795,6.08405E-05,0.000561,0.00388912
7.056,-0.475052,0.000150998,0.000287333,0.014922
7.06,-0.475052,0.000150998,0.000287333,0.014922
7.063,-0.475052,0.000150998,0.000287333,0.014922
7.099,-0.475726,0.00015115,0.000289183,0.0152202
7.102,2.22833,-0.000543581,0.00174656,-0.153612
7.106,-2.49606,0.000670845,-0.000821654,0.138681
7.109,-0.474758,0.000150947,0.000287807,0.0149175
7.113,-0.474758,0.000150947,0.000287807,0.0149175
7.148,-0.474044,0.000150789,0.000285851,0.0146024
7.152,-0.48094,0.000151911,0.000304747,0.0176147
7.156,-0.474752,0.000150904,0.000287788,0.0149113
7.16,0.409741,-7.63789E-05,0.000773724,-0.0392415
7.198,-0.568788,0.000175073,0.00024005,0.0211032
7.202,-4.40681,0.00117193,-0.00223093,0.21387
7.206,3.41252,-0.00086349,0.0029298,-0.165002
7.21,-1.93751,0.000532337,-0.000693276,0.0841139
7.213,0.294209,-3.75099E-05,0.000392547,-0.0683592
7.248,-0.392879,0.000128984,0.000366915,0.0139308
7.252,-12.7625,0.00332725,-0.00693489,0.706324
7.256,11.9226,-0.00306515,0.0078522,-0.657116
7.26,-5.0608,0.00134161,-0.00253165,0.260718
7.298,0.000581337,2.83032E-05,0.000550962,-0.0134789
7.302,-15.9667,0.0041641,-0.00883833,0.882655
7.306,15.0232,-0.00387605,0.00972801,-0.826748
7.31,-2.66368,0.000725359,-0.00122561,0.113899
7.348,-0.263855,9.68334E-05,0.000402248,0.00266984
7.353,-10.6739,0.00280168,-0.00613077,0.539512
7.356,16.6724,-0.00430964,0.0113162,-0.849318
7.36,-0.423361,0.000144216,0.000100357,-0.0117344
7.363,-3.22634,0.000875532,-0.00182128,0.115958
7.398,-0.252466,9.27125E-05,0.000454156,0.00752127
7.403,-8.31113,0.00218162,-0.00485094,0.396111
7.406,12.5755,-0.00322488,0.00879259,-0.629397
7.409,-4.75457,0.00124611,-0.0020733,0.276575
7.448,-0.183915,7.69997E-05,0.000433091,-0.00304735
7.453,-4.51879,0.00120633,-0.00295908,0.145231
7.456,6.38095,-0.00165239,0.00625704,-0.150942
7.46,1.15124,-0.000250763,0.000757206,-0.131497
7.498,-0.684455,0.000204641,0.000158575,0.0277868
7.503,-1.62702,0.000455619,-0.00079619,0.0353534
7.506,1.86496,-0.00046092,0.00223153,-0.0512026
7.51,1.15338,-0.000261841,0.00116443,-0.0851447
7.548,-0.67317,0.00020165,0.000165793,0.0272491
7.553,-0.734553,0.000231751,-0.00041558,-0.0316576
7.556,0.0637876,-8.0989E-06,0.00140533,0.0776381
7.56,1.9114,-0.000453081,0.00158173,-0.131547
7.598,-0.734556,0.000217058,0.000132842,0.0310371
7.61,-0.237988,9.20383E-05,0.000366878,-0.00384287
7.649,-0.556886,0.000171887,0.000234252,0.0205263
7.653,1.85906,-0.00043189,0.00121829,-0.166777
7.656,-3.81186,0.000986596,-0.00115376,0.265287
7.66,2.67061,-0.000646864,0.00200205,-0.178002
7.698,-0.791927,0.000231452,9.47224E-05,0.0335352
7.71,-0.0446953,4.27952E-05,0.000488022,-0.014329
7.748,-0.643922,0.000193403,0.000191394,0.026126
7.76,-0.517493,0.000161737,0.000250092,0.0171649
7.799,-0.47995,0.000152217,0.000275977,0.0154624
7.803,-2.13735,0.000578223,-0.000865694,0.0902995
7.807,1.1015,-0.000252946,0.00131652,-0.0615759
7.81,-0.486593,0.000154008,0.000266903,0.015279
7.822,-0.576928,0.000176409,0.000236971,0.0230705
7.859,-0.476442,0.000151642,0.000269222,0.0143377
7.898,-0.504748,0.00015885,0.000259281,0.0167796
7.91,-0.634582,0.000193062,0.000145714,0.0199175
7.921,-0.41524,0.000134525,0.000363249,0.0176392
7.959,-0.480626,0.000153207,0.000257818,0.0137999
7.971,-0.497015,0.000156418,0.000285919,0.0190759
8.009,-0.468413,0.000150234,0.000260815,0.0127363
8.021,-0.6386,0.000192403,0.0002188,0.0290581
8.059,-0.451961,0.000146062,0.000271988,0.0121094
8.063,0.57758,-0.000142008,0.00164505,0.0412612
8.071,-1.0408,0.000308369,-0.000411135,0.00708269
8.11,-0.450535,0.00014584,0.000275423,0.0123619
8.121,-0.654286,0.000198891,0.00014371,0.022586
8.16,-0.426608,0.000139329,0.000298693,0.0120666
8.171,-0.319256,0.000111636,0.00035964,0.00567998
8.21,-0.529291,0.000165862,0.000240518,0.0180814
8.213,3.5597,-0.000887132,0.00246652,-0.234873
8.221,-2.08948,0.00056789,-0.000616955,0.113437
8.25,-0.488384,0.0001554,0.000258932,0.0150647
8.254,0.262407,-3.85789E-05,0.000695352,-0.0281695
8.261,-0.922319,0.000267021,2.38134E-05,0.0419685
8.271,-0.375246,0.00012549,0.000348721,0.011265
8.309,-0.527545,0.000165625,0.000234081,0.0170652
8.313,-1.16747,0.000330324,-0.000110684,0.0569804
8.321,-0.311465,0.000108656,0.000397043,0.0089253
